txn_id,customer_id,amount,timestamp,merchant,risk_label,risk_score
1,103,48,2026-05-19 16:56:46.651442,BestBuy,0,0.96
2,436,40,2026-05-21 07:41:55.651464,Amazon,0,0.8
3,861,35,2026-05-21 22:23:34.651469,Amazon,0,0.7
4,271,71,2026-05-23 22:35:09.651472,Walmart,0,1.42
5,107,31,2026-05-21 23:03:21.651475,Walmart,0,0.62
6,72,46,2026-05-19 17:25:18.651477,Walmart,0,0.92
7,701,108,2026-05-22 18:48:28.651480,Amazon,0,2.16
8,21,98,2026-05-20 01:29:52.651482,Target,0,1.96
9,615,113,2026-05-25 08:17:26.651484,Target,0,2.26
10,122,144,2026-05-22 10:46:08.651487,Target,0,2.88
11,467,59,2026-05-25 14:20:37.651489,BestBuy,0,1.18
12,215,160,2026-05-21 19:20:11.651491,Amazon,0,3.2
13,331,56,2026-05-19 23:31:27.651493,Target,0,1.12
14,459,112,2026-05-24 06:25:01.651495,Amazon,0,2.24
15,88,34,2026-05-24 18:07:48.651498,Amazon,0,0.68
16,373,159,2026-05-22 03:21:01.651500,BestBuy,0,3.18
17,100,297,2026-05-24 12:58:55.651502,Walmart,0,5.94
18,872,66,2026-05-23 11:55:24.651504,Walmart,0,1.32
19,664,32,2026-05-21 21:08:10.651506,BestBuy,0,0.64
20,131,110,2026-05-25 07:56:18.651508,BestBuy,0,2.2
21,662,105,2026-05-21 23:36:18.651511,Amazon,0,2.1
22,309,92,2026-05-21 23:49:35.651513,Target,0,1.84
23,770,61,2026-05-24 18:35:09.651515,Amazon,0,1.22
24,344,16,2026-05-21 12:46:38.651517,Amazon,0,0.32
25,492,74,2026-05-24 18:24:38.651519,Target,0,1.48
26,414,111,2026-05-21 18:08:04.651521,Walmart,0,2.22
27,806,50,2026-05-23 12:49:08.651524,Amazon,0,1.0
28,386,165,2026-05-24 21:54:08.651526,Walmart,0,3.3
29,192,92,2026-05-24 06:51:36.651528,Walmart,0,1.84
30,956,69,2026-05-24 22:04:47.651530,Walmart,0,1.38
31,277,23,2026-05-21 01:58:39.651532,Amazon,0,0.46
32,161,73,2026-05-24 10:05:04.651534,Target,0,1.46
33,460,37,2026-05-19 05:15:17.651536,Target,0,0.74
34,314,134,2026-05-20 22:16:40.651539,Walmart,0,2.68
35,22,97,2026-05-22 18:06:37.651541,Walmart,0,1.94
36,253,43,2026-05-21 04:00:27.651543,Target,0,0.86
37,748,31,2026-05-19 13:24:06.651545,BestBuy,0,0.62
38,857,33,2026-05-22 03:56:25.651547,BestBuy,0,0.66
39,561,14,2026-05-24 13:06:43.651549,Walmart,0,0.28
40,475,164,2026-05-24 16:24:14.651551,Target,0,3.28
41,59,111,2026-05-20 23:22:34.651553,BestBuy,0,2.22
42,511,24,2026-05-23 14:06:20.651556,Target,0,0.48
43,682,153,2026-05-22 21:32:45.651558,Amazon,0,3.06
44,476,61,2026-05-21 15:34:30.651560,Walmart,0,1.22
45,700,53,2026-05-23 22:40:03.651562,BestBuy,0,1.06
46,976,43,2026-05-24 20:51:30.651564,Walmart,0,0.86
47,783,35,2026-05-22 19:55:17.651566,Amazon,0,0.7
48,190,98,2026-05-20 21:36:24.651568,Target,0,1.96
49,958,171,2026-05-20 17:47:50.651570,Walmart,0,3.42
50,687,176,2026-05-19 12:10:42.651572,BestBuy,0,3.52
51,958,50,2026-05-24 21:32:29.651574,Amazon,0,1.0
52,563,18,2026-05-22 00:43:07.651576,BestBuy,0,0.36
53,876,123,2026-05-19 12:22:51.651578,Target,0,2.46
54,567,85,2026-05-24 01:59:06.651581,BestBuy,0,1.7
55,244,215,2026-05-24 04:42:23.651583,BestBuy,1,43.0
56,832,182,2026-05-21 02:58:58.651585,BestBuy,0,3.64
57,505,86,2026-05-23 15:59:44.651587,Amazon,0,1.72
58,131,259,2026-05-24 19:03:04.651589,BestBuy,1,51.8
59,485,104,2026-05-23 22:59:00.651591,BestBuy,0,2.08
60,819,69,2026-05-22 15:14:25.651593,Amazon,0,1.38
61,647,11,2026-05-23 02:15:57.651595,Amazon,0,0.22
62,21,35,2026-05-22 02:22:50.651597,Amazon,0,0.7
63,841,72,2026-05-25 14:53:05.651599,Target,0,1.44
64,167,64,2026-05-21 13:33:55.651603,Amazon,0,1.28
65,274,113,2026-05-20 15:21:06.651606,Target,0,2.26
66,388,52,2026-05-20 20:24:06.651608,Amazon,0,1.04
67,601,159,2026-05-24 05:07:24.651610,Amazon,0,3.18
68,316,115,2026-05-19 02:11:05.651612,Walmart,0,2.3
69,14,165,2026-05-24 18:48:31.651614,Walmart,0,3.3
70,242,90,2026-05-19 05:53:57.651616,Walmart,0,1.8
71,777,180,2026-05-25 07:03:19.651619,Walmart,0,3.6
72,346,57,2026-05-25 13:04:30.651621,Amazon,0,1.14
73,565,60,2026-05-25 06:03:58.651623,Amazon,0,1.2
74,898,74,2026-05-19 18:20:20.651625,Target,0,1.48
75,340,202,2026-05-19 05:55:29.651627,Amazon,0,4.04
76,92,35,2026-05-19 23:53:02.651629,Target,0,0.7
77,367,90,2026-05-22 14:45:07.651631,BestBuy,0,1.8
78,956,110,2026-05-20 01:43:56.651634,BestBuy,0,2.2
79,455,62,2026-05-22 07:40:55.651637,Amazon,0,1.24
80,428,25,2026-05-21 13:37:33.651639,BestBuy,0,0.5
81,509,121,2026-05-19 05:11:56.651641,Amazon,0,2.42
82,776,13,2026-05-21 23:08:38.651643,Target,0,0.26
83,943,106,2026-05-24 20:38:27.651645,Walmart,0,2.12
84,35,155,2026-05-21 00:52:46.651647,BestBuy,0,3.1
85,206,84,2026-05-23 19:38:15.651650,Amazon,0,1.68
86,81,163,2026-05-25 20:48:51.651652,Walmart,0,3.26
87,932,91,2026-05-22 23:40:46.651654,Target,0,1.82
88,562,106,2026-05-21 18:59:46.651656,Amazon,0,2.12
89,872,75,2026-05-25 06:39:41.651658,BestBuy,0,1.5
90,388,190,2026-05-25 12:59:35.651660,Target,0,3.8
91,2,107,2026-05-23 15:43:13.651662,Amazon,0,2.14
92,390,40,2026-05-20 22:21:32.651664,BestBuy,0,0.8
93,566,202,2026-05-23 15:53:34.651666,Target,0,4.04
94,106,265,2026-05-21 14:56:22.651668,Target,0,5.3
95,772,68,2026-05-25 08:51:06.651671,Walmart,0,1.36
96,822,180,2026-05-19 11:44:19.651673,Walmart,0,3.6
97,477,50,2026-05-20 01:27:25.651675,Walmart,0,1.0
98,703,138,2026-05-20 15:57:33.651677,Amazon,0,2.76
99,402,264,2026-05-23 23:16:13.651679,Target,0,5.28
100,730,280,2026-05-23 14:26:00.651681,Walmart,0,5.6
101,556,107,2026-05-25 06:17:26.651683,BestBuy,0,2.14
102,162,115,2026-05-20 23:54:37.651684,Amazon,0,2.3
103,202,64,2026-05-20 02:20:18.651686,Walmart,0,1.28
104,958,54,2026-05-24 18:53:40.651688,Amazon,0,1.08
105,996,65,2026-05-19 00:52:33.651690,Target,0,1.3
106,270,39,2026-05-22 08:05:56.651692,BestBuy,0,0.78
107,863,110,2026-05-24 02:42:51.651694,Target,0,2.2
108,816,79,2026-05-25 03:18:54.651696,BestBuy,0,1.58
109,271,72,2026-05-25 01:51:57.651698,Target,0,1.44
110,456,194,2026-05-22 14:14:09.651701,Amazon,0,3.88
111,462,34,2026-05-24 06:53:44.651703,Target,0,0.68
112,727,52,2026-05-19 17:18:30.651705,BestBuy,0,1.04
113,252,59,2026-05-23 20:19:53.651707,Amazon,0,1.18
114,702,189,2026-05-19 03:48:16.651709,Amazon,0,3.78
115,296,86,2026-05-21 18:03:47.651711,BestBuy,0,1.72
116,725,151,2026-05-24 17:56:05.651713,BestBuy,0,3.02
117,720,108,2026-05-21 22:56:29.651715,Amazon,0,2.16
118,749,98,2026-05-22 17:45:45.651717,BestBuy,0,1.96
119,338,126,2026-05-19 14:01:43.651719,Target,0,2.52
120,879,123,2026-05-22 17:58:40.651721,Target,0,2.46
121,53,17,2026-05-20 23:01:05.651723,Target,0,0.34
122,792,176,2026-05-19 16:28:43.651725,Amazon,0,3.52
123,922,319,2026-05-20 01:20:25.651727,Target,0,6.38
124,217,55,2026-05-21 21:51:24.651729,Amazon,0,1.1
125,764,158,2026-05-23 19:27:32.651731,BestBuy,0,3.16
126,188,52,2026-05-18 23:41:33.651733,Target,0,1.04
127,380,43,2026-05-21 12:46:56.651735,Amazon,0,0.86
128,493,112,2026-05-23 16:30:41.651737,Walmart,0,2.24
129,41,50,2026-05-19 21:53:33.651739,Target,0,1.0
130,157,88,2026-05-22 16:04:14.651741,Target,0,1.76
131,15,234,2026-05-22 23:30:12.651743,Amazon,0,4.68
132,813,187,2026-05-24 13:44:20.651745,Amazon,0,3.74
133,65,127,2026-05-22 09:55:18.651747,BestBuy,0,2.54
134,857,62,2026-05-22 14:55:55.651749,Amazon,0,1.24
135,839,170,2026-05-25 09:25:37.651751,BestBuy,0,3.4
136,521,106,2026-05-20 15:40:27.651753,Walmart,0,2.12
137,344,82,2026-05-22 18:26:14.651755,BestBuy,0,1.64
138,129,161,2026-05-20 00:57:29.651757,Target,0,3.22
139,648,125,2026-05-22 03:33:15.651759,Amazon,0,2.5
140,472,95,2026-05-23 05:14:23.651760,Walmart,0,1.9
141,63,115,2026-05-21 23:50:16.651762,Walmart,0,2.3
142,139,18,2026-05-21 05:50:42.651764,Amazon,0,0.36
143,499,77,2026-05-21 07:40:42.651766,Target,0,1.54
144,593,100,2026-05-22 12:48:17.651768,Amazon,0,2.0
145,392,55,2026-05-24 07:58:51.651770,Amazon,0,1.1
146,675,29,2026-05-24 02:12:34.651772,Amazon,0,0.58
147,419,85,2026-05-19 21:51:22.651774,BestBuy,0,1.7
148,289,20,2026-05-24 01:11:05.651776,Walmart,0,0.4
149,379,7,2026-05-21 00:57:29.651778,Walmart,0,0.14
150,773,23,2026-05-21 20:46:37.651781,Target,0,0.46
151,490,41,2026-05-19 07:57:08.651783,Walmart,0,0.82
152,231,30,2026-05-22 13:12:15.651785,Amazon,0,0.6
153,41,119,2026-05-19 22:46:58.651787,Walmart,0,2.38
154,28,49,2026-05-25 18:05:06.651789,Target,0,0.98
155,135,53,2026-05-21 08:18:35.651791,BestBuy,0,1.06
156,201,180,2026-05-22 21:11:31.651793,BestBuy,0,3.6
157,840,371,2026-05-23 03:52:56.651795,Amazon,0,7.42
158,780,263,2026-05-24 20:42:37.651797,Amazon,0,5.26
159,930,12,2026-05-25 03:10:58.651799,Walmart,0,0.24
160,33,260,2026-05-22 18:22:19.651801,Walmart,0,5.2
161,48,93,2026-05-19 02:45:33.651803,Target,0,1.86
162,503,57,2026-05-24 08:41:06.651805,Amazon,0,1.14
163,407,254,2026-05-25 13:52:46.651807,Target,0,5.08
164,574,112,2026-05-25 21:26:50.651809,BestBuy,0,2.24
165,728,71,2026-05-22 18:37:10.651811,Walmart,0,1.42
166,805,78,2026-05-19 03:00:16.651813,Amazon,0,1.56
167,99,48,2026-05-19 03:04:50.651815,Walmart,0,0.96
168,684,26,2026-05-21 08:09:44.651817,Amazon,0,0.52
169,872,73,2026-05-24 11:00:35.651819,BestBuy,0,1.46
170,726,128,2026-05-22 04:07:32.651821,Target,0,2.56
171,987,65,2026-05-23 18:43:39.651823,Amazon,0,1.3
172,547,83,2026-05-24 00:31:41.651825,Walmart,0,1.66
173,961,51,2026-05-21 17:54:40.651827,Amazon,0,1.02
174,739,49,2026-05-24 05:43:55.651829,Target,0,0.98
175,613,142,2026-05-24 23:08:33.651831,BestBuy,0,2.84
176,943,83,2026-05-21 08:08:26.651833,Walmart,0,1.66
177,462,178,2026-05-20 01:30:48.651835,BestBuy,0,3.56
178,643,66,2026-05-19 04:29:20.651836,BestBuy,0,1.32
179,769,71,2026-05-24 03:43:23.651838,Target,0,1.42
180,5,300,2026-05-24 18:23:01.651840,Amazon,0,6.0
181,218,104,2026-05-22 06:38:40.651842,Amazon,0,2.08
182,503,32,2026-05-22 12:59:33.651844,Amazon,0,0.64
183,767,72,2026-05-20 08:32:39.651846,Amazon,0,1.44
184,398,165,2026-05-23 20:12:45.651848,Walmart,0,3.3
185,871,18,2026-05-19 13:04:19.651850,BestBuy,0,0.36
186,795,183,2026-05-25 21:11:17.651852,Amazon,0,3.66
187,393,59,2026-05-21 11:38:57.651854,BestBuy,0,1.18
188,207,101,2026-05-24 19:10:37.651856,Walmart,0,2.02
189,15,68,2026-05-24 05:26:01.651858,Walmart,0,1.36
190,858,26,2026-05-20 12:47:24.651860,Walmart,0,0.52
191,554,177,2026-05-20 13:47:23.651862,BestBuy,0,3.54
192,892,56,2026-05-24 03:20:36.651863,Amazon,0,1.12
193,461,21,2026-05-23 17:05:16.651865,BestBuy,0,0.42
194,691,102,2026-05-19 23:58:54.651867,Amazon,0,2.04
195,575,49,2026-05-23 19:23:13.651869,Target,0,0.98
196,864,15,2026-05-25 14:00:43.651871,Amazon,0,0.3
197,743,101,2026-05-20 13:25:27.651873,Amazon,0,2.02
198,241,22,2026-05-19 18:26:02.651875,Amazon,0,0.44
199,564,113,2026-05-23 21:27:01.651877,Walmart,0,2.26
200,96,187,2026-05-20 14:27:23.651879,Target,0,3.74
201,900,107,2026-05-23 21:13:25.651881,Amazon,0,2.14
202,734,46,2026-05-22 00:34:34.651883,Target,0,0.92
203,485,18,2026-05-23 10:57:52.651885,BestBuy,0,0.36
204,407,169,2026-05-20 07:44:24.651887,BestBuy,0,3.38
205,231,122,2026-05-25 11:57:25.651889,Walmart,0,2.44
206,749,63,2026-05-23 10:00:14.651891,BestBuy,0,1.26
207,655,74,2026-05-24 13:02:54.651893,Target,0,1.48
208,171,114,2026-05-22 18:08:47.651895,Target,0,2.28
209,541,45,2026-05-24 05:32:06.651897,Target,0,0.9
210,36,176,2026-05-25 02:26:58.651898,Target,0,3.52
211,525,82,2026-05-22 20:05:27.651900,Target,0,1.64
212,160,31,2026-05-19 20:09:30.651902,Walmart,0,0.62
213,839,98,2026-05-20 16:23:08.651904,Amazon,0,1.96
214,699,280,2026-05-22 00:41:07.651906,BestBuy,1,56.0
215,243,50,2026-05-20 12:25:46.651908,Target,0,1.0
216,86,69,2026-05-25 16:42:04.651910,BestBuy,0,1.38
217,796,87,2026-05-23 12:52:56.651912,Walmart,0,1.74
218,578,238,2026-05-18 23:56:09.651914,Walmart,0,4.76
219,682,198,2026-05-19 03:02:23.651916,Amazon,0,3.96
220,557,177,2026-05-21 02:25:01.651917,Walmart,0,3.54
221,574,146,2026-05-24 18:09:00.651919,Amazon,0,2.92
222,953,60,2026-05-24 06:07:06.651921,Target,0,1.2
223,646,25,2026-05-22 23:12:15.651923,Walmart,0,0.5
224,796,88,2026-05-23 02:35:17.651925,BestBuy,0,1.76
225,28,31,2026-05-23 16:19:09.651927,Walmart,0,0.62
226,620,79,2026-05-19 12:01:12.651929,Walmart,0,1.58
227,556,119,2026-05-25 09:17:01.651931,Target,0,2.38
228,340,164,2026-05-21 19:32:33.651933,Amazon,0,3.28
229,798,179,2026-05-25 01:19:43.651934,Amazon,0,3.58
230,958,164,2026-05-24 14:12:32.651936,Walmart,0,3.28
231,331,30,2026-05-22 17:15:06.651938,BestBuy,0,0.6
232,640,46,2026-05-23 04:41:41.651940,Walmart,0,0.92
233,506,96,2026-05-21 09:06:27.651942,BestBuy,0,1.92
234,348,164,2026-05-24 12:42:26.651945,Target,0,3.28
235,473,15,2026-05-19 21:07:05.651947,Target,0,0.3
236,231,97,2026-05-20 05:40:43.651949,Amazon,0,1.94
237,190,52,2026-05-24 23:47:41.651951,BestBuy,0,1.04
238,225,132,2026-05-20 03:03:40.651953,Walmart,0,2.64
239,385,83,2026-05-20 07:20:25.651955,Walmart,0,1.66
240,377,56,2026-05-24 14:19:12.651956,Walmart,0,1.12
241,283,78,2026-05-23 01:01:22.651958,Walmart,0,1.56
242,958,133,2026-05-22 14:38:55.651960,Target,0,2.66
243,633,136,2026-05-23 06:29:13.651962,BestBuy,0,2.72
244,628,81,2026-05-22 23:09:16.651964,Target,0,1.62
245,973,48,2026-05-22 22:16:22.651966,BestBuy,0,0.96
246,745,134,2026-05-21 10:24:09.651968,Amazon,0,2.68
247,259,43,2026-05-21 11:34:15.651970,BestBuy,0,0.86
248,359,11,2026-05-21 20:12:21.651972,Walmart,0,0.22
249,710,159,2026-05-21 16:46:06.651974,Target,0,3.18
250,456,15,2026-05-25 14:40:11.651976,Walmart,0,0.3
251,411,65,2026-05-24 11:57:18.651978,BestBuy,0,1.3
252,649,23,2026-05-24 12:46:13.651980,BestBuy,0,0.46
253,318,123,2026-05-25 21:13:12.651982,Amazon,0,2.46
254,677,89,2026-05-24 09:24:17.651983,BestBuy,0,1.78
255,225,22,2026-05-23 18:00:19.651985,BestBuy,0,0.44
256,819,53,2026-05-24 18:02:06.651987,Walmart,0,1.06
257,234,168,2026-05-24 17:31:58.651989,BestBuy,0,3.36
258,684,34,2026-05-19 22:48:10.651991,BestBuy,0,0.68
259,664,85,2026-05-19 02:28:29.651993,Target,0,1.7
260,975,139,2026-05-24 04:27:53.651995,Target,0,2.78
261,827,119,2026-05-23 13:55:00.651997,Amazon,0,2.38
262,374,48,2026-05-22 17:07:32.651999,Amazon,0,0.96
263,672,55,2026-05-21 15:17:23.652001,Walmart,0,1.1
264,608,45,2026-05-19 18:18:47.652003,Walmart,0,0.9
265,472,46,2026-05-25 07:38:09.652005,Target,0,0.92
266,233,113,2026-05-24 17:50:23.652007,Target,0,2.26
267,692,1,2026-05-25 09:14:08.652009,Target,0,0.02
268,113,32,2026-05-21 07:12:10.652011,Amazon,0,0.64
269,830,53,2026-05-25 13:13:12.652013,Amazon,0,1.06
270,497,31,2026-05-20 05:10:22.652016,BestBuy,0,0.62
271,442,139,2026-05-22 18:07:52.652018,Amazon,0,2.78
272,564,37,2026-05-25 17:55:11.652020,BestBuy,0,0.74
273,268,44,2026-05-25 20:10:11.652022,Walmart,0,0.88
274,510,49,2026-05-19 20:26:04.652024,Amazon,0,0.98
275,807,1,2026-05-21 02:38:21.652026,Walmart,0,0.02
276,386,38,2026-05-25 12:45:40.652028,BestBuy,0,0.76
277,387,94,2026-05-21 18:15:25.652030,Walmart,0,1.88
278,113,56,2026-05-20 18:26:56.652032,Walmart,0,1.12
279,613,336,2026-05-23 13:36:35.652034,Amazon,0,6.72
280,625,23,2026-05-22 12:10:19.652036,BestBuy,0,0.46
281,952,30,2026-05-20 16:07:54.652038,BestBuy,0,0.6
282,81,60,2026-05-23 01:34:27.652040,Target,0,1.2
283,699,11,2026-05-25 14:59:01.652042,Amazon,0,0.22
284,113,72,2026-05-24 08:21:45.652044,Amazon,0,1.44
285,2,96,2026-05-24 23:53:04.652046,BestBuy,0,1.92
286,642,73,2026-05-20 10:09:53.652048,Amazon,0,1.46
287,220,43,2026-05-19 18:33:09.652050,Walmart,0,0.86
288,566,89,2026-05-20 08:35:14.652051,Target,0,1.78
289,855,73,2026-05-23 08:10:09.652054,BestBuy,0,1.46
290,997,54,2026-05-21 12:35:30.652055,Amazon,0,1.08
291,736,72,2026-05-21 17:31:00.652057,Amazon,0,1.44
292,225,133,2026-05-25 06:26:29.652059,Walmart,0,2.66
293,385,47,2026-05-25 12:26:22.652061,Amazon,0,0.94
294,403,71,2026-05-20 16:49:03.652063,Amazon,0,1.42
295,638,41,2026-05-23 01:21:02.652065,Walmart,0,0.82
296,130,122,2026-05-20 06:22:12.652067,Amazon,0,2.44
297,53,102,2026-05-20 07:04:38.652069,Target,0,2.04
298,684,194,2026-05-23 14:38:30.652071,Walmart,0,3.88
299,730,153,2026-05-23 22:27:16.652073,BestBuy,0,3.06
300,672,72,2026-05-21 02:16:51.652075,Target,0,1.44
301,710,10,2026-05-25 17:04:53.652077,Amazon,0,0.2
302,416,83,2026-05-23 14:51:53.652079,Walmart,0,1.66
303,247,241,2026-05-20 00:46:19.652081,Walmart,0,4.82
304,836,162,2026-05-22 02:37:14.652083,Amazon,0,3.24
305,439,108,2026-05-25 00:42:33.652085,BestBuy,0,2.16
306,203,34,2026-05-25 20:10:41.652087,Target,0,0.68
307,184,149,2026-05-24 01:05:01.652089,Amazon,0,2.98
308,123,65,2026-05-24 19:09:21.652091,BestBuy,0,1.3
309,401,88,2026-05-25 20:14:59.652093,Walmart,0,1.76
310,767,9,2026-05-19 18:09:06.652095,Walmart,0,0.18
311,294,47,2026-05-24 21:47:04.652097,Walmart,0,0.94
312,280,129,2026-05-20 15:06:40.652099,Amazon,0,2.58
313,837,38,2026-05-23 22:11:19.652101,BestBuy,0,0.76
314,884,93,2026-05-25 02:47:35.652103,Amazon,0,1.86
315,610,121,2026-05-21 11:39:45.652105,Amazon,0,2.42
316,198,131,2026-05-21 07:17:49.652107,Target,0,2.62
317,982,43,2026-05-24 00:27:04.652109,Target,0,0.86
318,907,62,2026-05-21 09:08:33.652111,Target,0,1.24
319,511,127,2026-05-20 10:04:01.652113,BestBuy,0,2.54
320,752,55,2026-05-22 07:28:22.652115,Walmart,0,1.1
321,144,31,2026-05-23 09:04:52.652117,Target,0,0.62
322,609,267,2026-05-20 11:38:31.652119,Walmart,0,5.34
323,201,219,2026-05-21 04:16:36.652121,BestBuy,1,43.8
324,124,47,2026-05-25 22:13:02.652123,Target,0,0.94
325,187,87,2026-05-25 19:27:32.652125,Target,0,1.74
326,326,101,2026-05-23 21:25:19.652127,Walmart,0,2.02
327,464,122,2026-05-25 08:09:35.652128,Amazon,0,2.44
328,349,60,2026-05-22 09:42:21.652130,BestBuy,0,1.2
329,771,45,2026-05-21 01:02:51.652132,BestBuy,0,0.9
330,660,145,2026-05-24 08:57:28.652134,Target,0,2.9
331,764,218,2026-05-25 05:03:03.652136,BestBuy,1,43.6
332,955,136,2026-05-22 07:28:47.652138,Walmart,0,2.72
333,932,54,2026-05-20 06:41:33.652140,Amazon,0,1.08
334,403,95,2026-05-23 13:14:47.652142,Amazon,0,1.9
335,346,126,2026-05-24 17:17:49.652144,BestBuy,0,2.52
336,963,23,2026-05-23 12:09:50.652146,Amazon,0,0.46
337,511,72,2026-05-22 01:25:19.652148,Walmart,0,1.44
338,147,183,2026-05-20 19:23:41.652150,Target,0,3.66
339,148,76,2026-05-22 06:15:33.652152,Target,0,1.52
340,864,65,2026-05-19 11:06:33.652154,BestBuy,0,1.3
341,711,36,2026-05-24 09:42:23.652156,BestBuy,0,0.72
342,820,201,2026-05-20 04:06:46.652158,BestBuy,1,40.2
343,489,20,2026-05-19 09:20:43.652160,Target,0,0.4
344,929,117,2026-05-20 03:30:15.652162,BestBuy,0,2.34
345,936,82,2026-05-24 23:43:41.652164,Amazon,0,1.64
346,640,84,2026-05-24 04:50:02.652166,Target,0,1.68
347,551,35,2026-05-19 23:54:54.652168,Walmart,0,0.7
348,338,95,2026-05-25 15:36:34.652169,BestBuy,0,1.9
349,872,19,2026-05-21 10:25:41.652171,Target,0,0.38
350,641,111,2026-05-25 06:29:17.652173,BestBuy,0,2.22
351,779,167,2026-05-20 05:29:23.652175,Target,0,3.34
352,988,70,2026-05-23 20:54:39.652177,Target,0,1.4
353,953,132,2026-05-24 18:58:40.652179,Target,0,2.64
354,473,36,2026-05-25 18:34:10.652182,Walmart,0,0.72
355,946,103,2026-05-25 21:35:21.652184,Target,0,2.06
356,151,79,2026-05-24 12:50:40.652186,Amazon,0,1.58
357,415,145,2026-05-24 17:54:42.652188,BestBuy,0,2.9
358,990,101,2026-05-20 06:50:23.652190,BestBuy,0,2.02
359,298,87,2026-05-19 00:42:38.652192,BestBuy,0,1.74
360,611,29,2026-05-23 03:55:43.652194,Target,0,0.58
361,263,188,2026-05-20 12:52:11.652196,BestBuy,0,3.76
362,764,176,2026-05-20 00:50:41.652198,Amazon,0,3.52
363,144,52,2026-05-21 10:05:36.652200,Amazon,0,1.04
364,346,129,2026-05-19 18:51:38.652202,Amazon,0,2.58
365,624,102,2026-05-21 12:52:13.652204,Walmart,0,2.04
366,572,24,2026-05-21 19:57:57.652206,Amazon,0,0.48
367,881,46,2026-05-24 05:10:17.652208,Amazon,0,0.92
368,2,18,2026-05-24 13:46:40.652210,BestBuy,0,0.36
369,897,14,2026-05-25 10:26:37.652212,Target,0,0.28
370,304,84,2026-05-22 23:17:24.652214,BestBuy,0,1.68
371,254,91,2026-05-21 19:13:49.652216,Walmart,0,1.82
372,652,52,2026-05-20 06:25:48.652218,Walmart,0,1.04
373,453,102,2026-05-22 18:30:39.652220,Walmart,0,2.04
374,37,122,2026-05-25 15:34:04.652222,Amazon,0,2.44
375,160,107,2026-05-23 21:09:27.652223,Amazon,0,2.14
376,9,56,2026-05-19 08:01:57.652225,Amazon,0,1.12
377,233,93,2026-05-24 21:39:54.652227,Target,0,1.86
378,99,201,2026-05-20 13:29:52.652229,BestBuy,1,40.2
379,659,43,2026-05-22 11:36:42.652231,Amazon,0,0.86
380,816,96,2026-05-19 00:37:01.652233,Walmart,0,1.92
381,208,17,2026-05-24 12:51:25.652235,Target,0,0.34
382,131,125,2026-05-22 23:11:12.652237,Target,0,2.5
383,404,129,2026-05-19 03:02:50.652239,Walmart,0,2.58
384,152,95,2026-05-23 05:25:59.652241,Amazon,0,1.9
385,54,87,2026-05-22 06:22:51.652243,Target,0,1.74
386,120,177,2026-05-24 23:32:03.652245,Walmart,0,3.54
387,673,38,2026-05-25 11:46:27.652247,Amazon,0,0.76
388,920,32,2026-05-20 03:22:15.652249,Target,0,0.64
389,628,90,2026-05-20 12:00:14.652251,Target,0,1.8
390,587,95,2026-05-21 18:33:21.652253,BestBuy,0,1.9
391,625,114,2026-05-21 01:14:31.652255,BestBuy,0,2.28
392,968,90,2026-05-22 15:20:59.652256,Target,0,1.8
393,420,66,2026-05-25 08:04:35.652258,Target,0,1.32
394,422,55,2026-05-22 01:47:23.652260,Target,0,1.1
395,104,56,2026-05-21 18:41:17.652262,BestBuy,0,1.12
396,852,191,2026-05-21 23:59:55.652264,Amazon,0,3.82
397,254,59,2026-05-19 14:47:51.652266,BestBuy,0,1.18
398,227,13,2026-05-22 03:35:58.652268,Walmart,0,0.26
399,112,100,2026-05-21 22:42:05.652270,Target,0,2.0
400,510,177,2026-05-23 00:31:00.652272,Walmart,0,3.54
401,473,6,2026-05-24 08:09:05.652274,Walmart,0,0.12
402,99,59,2026-05-20 05:31:11.652277,Walmart,0,1.18
403,153,202,2026-05-25 15:02:46.652279,BestBuy,1,40.4
404,861,110,2026-05-25 17:51:15.652282,BestBuy,0,2.2
405,914,57,2026-05-19 09:23:27.652285,Amazon,0,1.14
406,896,73,2026-05-22 02:28:05.652287,Walmart,0,1.46
407,878,92,2026-05-20 12:41:14.652289,Walmart,0,1.84
408,338,100,2026-05-24 16:59:23.652291,BestBuy,0,2.0
409,706,131,2026-05-22 15:04:38.652293,Walmart,0,2.62
410,822,63,2026-05-23 07:01:04.652295,BestBuy,0,1.26
411,163,99,2026-05-25 20:36:57.652297,Target,0,1.98
412,720,20,2026-05-20 20:46:12.652298,Target,0,0.4
413,957,67,2026-05-19 01:47:07.652300,Walmart,0,1.34
414,681,56,2026-05-24 22:16:11.652302,Amazon,0,1.12
415,996,69,2026-05-18 23:32:31.652304,BestBuy,0,1.38
416,161,27,2026-05-21 01:22:39.652306,Target,0,0.54
417,580,36,2026-05-21 23:56:38.652308,Target,0,0.72
418,801,161,2026-05-21 00:03:39.652310,Walmart,0,3.22
419,398,36,2026-05-19 12:28:41.652312,BestBuy,0,0.72
420,277,79,2026-05-24 12:43:35.652314,Walmart,0,1.58
421,816,16,2026-05-20 20:32:51.652316,BestBuy,0,0.32
422,916,31,2026-05-25 09:48:29.652318,Amazon,0,0.62
423,504,350,2026-05-19 21:33:30.652320,BestBuy,1,70.0
424,896,116,2026-05-25 14:56:07.652322,Target,0,2.32
425,392,57,2026-05-24 12:31:42.652324,Walmart,0,1.14
426,135,34,2026-05-23 03:56:08.652326,BestBuy,0,0.68
427,195,37,2026-05-23 03:43:47.652328,Target,0,0.74
428,401,231,2026-05-22 20:20:13.652330,Walmart,0,4.62
429,640,124,2026-05-25 12:05:55.652332,Walmart,0,2.48
430,33,0,2026-05-20 19:03:11.652334,Amazon,0,0.0
431,688,58,2026-05-22 13:23:40.652337,Target,0,1.16
432,460,20,2026-05-25 12:32:19.652339,BestBuy,0,0.4
433,955,92,2026-05-19 08:46:04.652341,Target,0,1.84
434,883,90,2026-05-20 20:53:51.652343,Walmart,0,1.8
435,470,90,2026-05-19 01:30:58.652345,Amazon,0,1.8
436,375,98,2026-05-19 12:00:14.652347,BestBuy,0,1.96
437,22,35,2026-05-25 22:03:05.652349,Amazon,0,0.7
438,750,71,2026-05-21 16:12:13.652351,Amazon,0,1.42
439,670,100,2026-05-24 09:35:47.652352,Target,0,2.0
440,38,209,2026-05-25 15:48:26.652354,Walmart,0,4.18
441,230,162,2026-05-19 17:23:39.652356,Walmart,0,3.24
442,365,346,2026-05-24 15:24:11.652358,BestBuy,1,69.2
443,563,105,2026-05-19 00:25:37.652360,Amazon,0,2.1
444,438,56,2026-05-22 02:12:41.652362,Amazon,0,1.12
445,776,121,2026-05-20 03:42:47.652364,Amazon,0,2.42
446,283,34,2026-05-21 07:10:26.652366,Target,0,0.68
447,27,293,2026-05-25 09:55:51.652368,Walmart,0,5.86
448,226,87,2026-05-23 23:58:39.652370,Amazon,0,1.74
449,277,147,2026-05-24 05:29:15.652372,Amazon,0,2.94
450,798,82,2026-05-21 16:35:00.652374,Walmart,0,1.64
451,609,21,2026-05-23 09:21:23.652376,BestBuy,0,0.42
452,284,68,2026-05-21 16:53:58.652378,Target,0,1.36
453,879,61,2026-05-20 20:57:39.652380,Target,0,1.22
454,960,11,2026-05-22 20:46:25.652382,Target,0,0.22
455,481,11,2026-05-22 13:39:13.652384,Walmart,0,0.22
456,453,145,2026-05-19 01:18:02.652386,Target,0,2.9
457,829,34,2026-05-21 01:28:49.652388,Amazon,0,0.68
458,816,83,2026-05-19 07:30:00.652391,Target,0,1.66
459,659,69,2026-05-21 09:33:37.652393,Walmart,0,1.38
460,516,61,2026-05-25 00:11:09.652395,Target,0,1.22
461,547,86,2026-05-23 21:15:02.652397,BestBuy,0,1.72
462,192,163,2026-05-20 03:14:48.652399,BestBuy,0,3.26
463,49,81,2026-05-21 23:39:37.652401,Walmart,0,1.62
464,512,145,2026-05-25 21:30:54.652403,Walmart,0,2.9
465,17,137,2026-05-23 21:41:28.652405,BestBuy,0,2.74
466,172,106,2026-05-22 05:02:48.652407,Target,0,2.12
467,220,93,2026-05-20 18:55:32.652408,Amazon,0,1.86
468,158,13,2026-05-19 18:42:35.652410,Walmart,0,0.26
469,477,50,2026-05-20 08:09:58.652413,BestBuy,0,1.0
470,46,190,2026-05-24 17:58:03.652426,Target,0,3.8
471,373,55,2026-05-22 12:18:53.652430,Walmart,0,1.1
472,518,75,2026-05-21 07:18:17.652432,Target,0,1.5
473,99,71,2026-05-19 05:39:52.652434,Amazon,0,1.42
474,892,50,2026-05-25 12:42:30.652436,Walmart,0,1.0
475,745,83,2026-05-20 23:30:43.652438,Amazon,0,1.66
476,37,72,2026-05-19 07:03:28.652440,Amazon,0,1.44
477,280,58,2026-05-23 16:41:24.652442,Amazon,0,1.16
478,349,33,2026-05-22 21:30:51.652444,BestBuy,0,0.66
479,497,30,2026-05-20 10:48:51.652446,Amazon,0,0.6
480,302,132,2026-05-22 04:14:48.652448,Amazon,0,2.64
481,181,2,2026-05-20 17:41:21.652450,Target,0,0.04
482,607,83,2026-05-21 19:07:55.652451,BestBuy,0,1.66
483,99,161,2026-05-19 23:12:03.652453,BestBuy,0,3.22
484,700,92,2026-05-25 11:57:53.652455,BestBuy,0,1.84
485,993,67,2026-05-22 09:13:54.652457,BestBuy,0,1.34
486,116,37,2026-05-24 08:08:11.652459,Amazon,0,0.74
487,191,78,2026-05-23 17:05:00.652461,Target,0,1.56
488,253,168,2026-05-21 17:50:53.652463,Amazon,0,3.36
489,981,157,2026-05-25 00:40:03.652465,Amazon,0,3.14
490,928,77,2026-05-22 16:58:09.652469,BestBuy,0,1.54
491,983,139,2026-05-19 17:02:33.652472,BestBuy,0,2.78
492,161,66,2026-05-23 13:12:32.652474,Walmart,0,1.32
493,256,51,2026-05-22 09:59:03.652476,Target,0,1.02
494,323,126,2026-05-21 00:58:07.652478,BestBuy,0,2.52
495,128,198,2026-05-25 09:34:40.652480,BestBuy,0,3.96
496,18,208,2026-05-22 05:01:55.652482,Amazon,0,4.16
497,793,96,2026-05-22 03:35:14.652484,Amazon,0,1.92
498,735,33,2026-05-25 15:09:44.652485,Amazon,0,0.66
499,566,7,2026-05-20 01:25:14.652488,BestBuy,0,0.14
500,570,39,2026-05-23 23:58:05.652489,Target,0,0.78
501,323,88,2026-05-20 15:17:03.652492,BestBuy,0,1.76
502,872,167,2026-05-25 11:15:41.652493,BestBuy,0,3.34
503,686,27,2026-05-21 16:28:29.652495,Target,0,0.54
504,792,86,2026-05-23 00:14:50.652497,BestBuy,0,1.72
505,626,72,2026-05-24 16:51:33.652499,BestBuy,0,1.44
506,288,63,2026-05-24 11:06:42.652501,Target,0,1.26
507,943,83,2026-05-19 12:37:11.652504,BestBuy,0,1.66
508,854,256,2026-05-19 21:36:41.652506,Walmart,0,5.12
509,663,75,2026-05-23 14:30:31.652507,Walmart,0,1.5
510,962,102,2026-05-20 05:22:05.652509,Amazon,0,2.04
511,639,23,2026-05-25 08:38:31.652511,BestBuy,0,0.46
512,155,181,2026-05-21 01:01:46.652513,Target,0,3.62
513,490,167,2026-05-20 17:40:38.652515,Target,0,3.34
514,386,16,2026-05-23 19:09:34.652517,Walmart,0,0.32
515,986,8,2026-05-23 13:00:38.652519,Amazon,0,0.16
516,785,144,2026-05-22 03:08:36.652521,BestBuy,0,2.88
517,104,110,2026-05-20 21:19:19.652523,Target,0,2.2
518,929,20,2026-05-20 05:43:59.652525,Target,0,0.4
519,393,45,2026-05-25 21:44:38.652527,BestBuy,0,0.9
520,811,69,2026-05-22 10:35:20.652529,Amazon,0,1.38
521,246,33,2026-05-20 08:09:33.652531,Walmart,0,0.66
522,176,44,2026-05-21 04:02:33.652534,BestBuy,0,0.88
523,39,104,2026-05-20 05:35:39.652536,BestBuy,0,2.08
524,477,119,2026-05-25 04:32:58.652538,BestBuy,0,2.38
525,682,116,2026-05-21 04:02:23.652540,Walmart,0,2.32
526,759,157,2026-05-19 00:11:36.652542,Target,0,3.14
527,538,66,2026-05-22 05:18:12.652544,BestBuy,0,1.32
528,867,221,2026-05-24 11:26:51.652546,BestBuy,1,44.2
529,818,68,2026-05-24 03:04:19.652548,BestBuy,0,1.36
530,921,122,2026-05-24 06:36:32.652550,BestBuy,0,2.44
531,408,89,2026-05-22 02:03:19.652552,Amazon,0,1.78
532,525,155,2026-05-20 11:30:17.652554,Amazon,0,3.1
533,828,121,2026-05-20 19:47:26.652556,Amazon,0,2.42
534,506,185,2026-05-22 08:07:16.652558,Target,0,3.7
535,903,97,2026-05-25 06:25:07.652560,BestBuy,0,1.94
536,825,140,2026-05-22 21:59:56.652562,BestBuy,0,2.8
537,36,103,2026-05-25 01:48:47.652564,BestBuy,0,2.06
538,685,291,2026-05-19 12:49:57.652566,BestBuy,1,58.2
539,20,170,2026-05-24 09:55:03.652568,Walmart,0,3.4
540,321,205,2026-05-23 19:07:13.652570,Walmart,0,4.1
541,776,100,2026-05-20 01:48:46.652572,Walmart,0,2.0
542,512,83,2026-05-25 06:44:54.652574,BestBuy,0,1.66
543,400,273,2026-05-19 07:17:27.652576,Walmart,0,5.46
544,654,36,2026-05-20 06:03:43.652577,Walmart,0,0.72
545,972,72,2026-05-21 00:00:35.652579,Target,0,1.44
546,883,30,2026-05-24 01:48:58.652582,Target,0,0.6
547,471,147,2026-05-20 18:32:56.652584,Walmart,0,2.94
548,143,76,2026-05-22 01:31:47.652586,Walmart,0,1.52
549,92,110,2026-05-23 07:01:32.652588,Target,0,2.2
550,354,203,2026-05-22 04:35:59.652589,Walmart,0,4.06
551,834,58,2026-05-25 16:18:58.652591,BestBuy,0,1.16
552,800,84,2026-05-19 11:11:49.652593,Walmart,0,1.68
553,727,42,2026-05-22 12:42:36.652595,BestBuy,0,0.84
554,959,134,2026-05-24 06:36:35.652597,Walmart,0,2.68
555,854,61,2026-05-19 07:45:24.652599,Amazon,0,1.22
556,51,43,2026-05-22 12:00:21.652601,Walmart,0,0.86
557,665,148,2026-05-25 01:56:04.652603,Amazon,0,2.96
558,698,132,2026-05-20 08:49:11.652605,Walmart,0,2.64
559,575,60,2026-05-23 11:23:15.652607,Walmart,0,1.2
560,190,38,2026-05-23 00:40:17.652609,BestBuy,0,0.76
561,125,44,2026-05-22 13:08:13.652611,Target,0,0.88
562,150,218,2026-05-22 15:48:10.652613,Target,0,4.36
563,314,125,2026-05-25 08:27:58.652615,BestBuy,0,2.5
564,570,42,2026-05-24 01:46:57.652617,Target,0,0.84
565,342,96,2026-05-19 08:33:24.652619,Amazon,0,1.92
566,305,46,2026-05-23 20:05:20.652621,Amazon,0,0.92
567,692,169,2026-05-19 01:25:44.652622,Walmart,0,3.38
568,682,166,2026-05-24 20:43:22.652624,Amazon,0,3.32
569,838,60,2026-05-22 12:32:29.652626,Target,0,1.2
570,783,63,2026-05-19 01:17:21.652628,Amazon,0,1.26
571,54,14,2026-05-20 01:31:39.652630,Walmart,0,0.28
572,444,52,2026-05-24 08:32:55.652632,Amazon,0,1.04
573,613,376,2026-05-22 03:08:41.652634,Target,0,7.52
574,993,81,2026-05-23 02:49:21.652638,BestBuy,0,1.62
575,264,140,2026-05-22 08:25:45.652640,Walmart,0,2.8
576,53,31,2026-05-24 14:31:08.652642,BestBuy,0,0.62
577,572,275,2026-05-21 13:00:51.652644,Amazon,0,5.5
578,620,75,2026-05-22 19:26:37.652646,Walmart,0,1.5
579,5,38,2026-05-22 11:56:23.652648,Walmart,0,0.76
580,103,138,2026-05-22 10:47:12.652650,Amazon,0,2.76
581,196,298,2026-05-22 20:35:28.652652,Walmart,0,5.96
582,774,132,2026-05-19 07:13:35.652654,Amazon,0,2.64
583,877,239,2026-05-21 11:08:53.652656,BestBuy,1,47.8
584,992,101,2026-05-24 13:06:04.652657,BestBuy,0,2.02
585,884,28,2026-05-20 19:53:08.652659,Target,0,0.56
586,350,14,2026-05-24 10:15:11.652661,Target,0,0.28
587,47,79,2026-05-23 10:44:19.652663,Amazon,0,1.58
588,867,13,2026-05-22 04:01:12.652665,Amazon,0,0.26
589,823,66,2026-05-23 10:36:41.652667,BestBuy,0,1.32
590,936,74,2026-05-21 23:06:59.652669,Walmart,0,1.48
591,820,31,2026-05-19 15:12:05.652671,Amazon,0,0.62
592,656,7,2026-05-20 01:36:22.652673,Walmart,0,0.14
593,269,88,2026-05-21 11:58:19.652675,Target,0,1.76
594,370,28,2026-05-22 11:23:25.652678,BestBuy,0,0.56
595,636,89,2026-05-24 18:12:50.652680,Amazon,0,1.78
596,106,67,2026-05-20 17:13:22.652682,Target,0,1.34
597,670,37,2026-05-24 12:09:38.652684,Amazon,0,0.74
598,659,24,2026-05-22 06:12:16.652686,Target,0,0.48
599,657,204,2026-05-25 18:23:30.652688,BestBuy,1,40.8
600,120,138,2026-05-20 08:43:15.652690,Amazon,0,2.76
601,831,141,2026-05-25 02:47:38.652692,Amazon,0,2.82
602,787,208,2026-05-25 10:47:10.652694,Walmart,0,4.16
603,604,131,2026-05-20 02:51:19.652696,Walmart,0,2.62
604,58,102,2026-05-24 05:14:03.652697,Amazon,0,2.04
605,951,69,2026-05-22 03:12:09.652699,BestBuy,0,1.38
606,346,47,2026-05-25 01:25:14.652701,Walmart,0,0.94
607,741,63,2026-05-19 02:50:46.652703,Amazon,0,1.26
608,474,43,2026-05-25 08:39:22.652705,Amazon,0,0.86
609,117,83,2026-05-25 18:39:15.652707,Target,0,1.66
610,830,177,2026-05-24 13:13:42.652709,BestBuy,0,3.54
611,791,105,2026-05-22 21:32:15.652711,Walmart,0,2.1
612,127,88,2026-05-20 03:46:47.652713,Walmart,0,1.76
613,393,112,2026-05-23 02:26:49.652715,Target,0,2.24
614,908,84,2026-05-20 04:47:56.652717,Amazon,0,1.68
615,641,146,2026-05-23 10:59:33.652719,Walmart,0,2.92
616,58,39,2026-05-19 01:49:19.652721,Amazon,0,0.78
617,634,11,2026-05-25 22:41:12.652723,Walmart,0,0.22
618,513,74,2026-05-22 20:10:20.652725,Walmart,0,1.48
619,751,115,2026-05-23 05:09:10.652727,Amazon,0,2.3
620,802,13,2026-05-21 18:30:06.652729,Amazon,0,0.26
621,96,99,2026-05-20 07:37:52.652731,Walmart,0,1.98
622,638,161,2026-05-22 23:00:04.652733,Target,0,3.22
623,118,33,2026-05-21 17:35:35.652735,Target,0,0.66
624,560,126,2026-05-18 23:40:13.652737,Target,0,2.52
625,601,24,2026-05-24 02:10:17.652739,Target,0,0.48
626,488,194,2026-05-25 22:54:57.652741,Target,0,3.88
627,237,25,2026-05-25 16:39:22.652743,Amazon,0,0.5
628,885,72,2026-05-25 11:47:40.652746,Walmart,0,1.44
629,897,134,2026-05-20 05:36:53.652748,Target,0,2.68
630,272,71,2026-05-19 13:55:57.652750,BestBuy,0,1.42
631,189,1,2026-05-23 13:53:44.652752,Walmart,0,0.02
632,999,88,2026-05-21 19:36:40.652753,BestBuy,0,1.76
633,704,34,2026-05-23 02:03:50.652755,Amazon,0,0.68
634,447,40,2026-05-24 03:07:11.652757,Walmart,0,0.8
635,581,156,2026-05-20 07:45:42.652759,Amazon,0,3.12
636,790,225,2026-05-22 23:43:35.652761,BestBuy,1,45.0
637,861,104,2026-05-24 17:03:02.652763,Walmart,0,2.08
638,247,97,2026-05-24 02:20:54.652765,Walmart,0,1.94
639,963,3,2026-05-20 03:28:24.652767,Amazon,0,0.06
640,76,299,2026-05-25 05:44:21.652769,Walmart,0,5.98
641,154,94,2026-05-20 00:14:32.652771,BestBuy,0,1.88
642,656,100,2026-05-19 08:31:55.652773,Amazon,0,2.0
643,435,50,2026-05-20 13:09:27.652775,BestBuy,0,1.0
644,997,92,2026-05-24 09:15:56.652777,Walmart,0,1.84
645,86,162,2026-05-21 04:50:29.652779,BestBuy,0,3.24
646,697,253,2026-05-21 18:00:47.652781,Walmart,0,5.06
647,285,99,2026-05-25 12:35:35.652783,BestBuy,0,1.98
648,974,10,2026-05-19 23:20:43.652784,BestBuy,0,0.2
649,220,61,2026-05-25 10:24:41.652786,Target,0,1.22
650,69,72,2026-05-23 02:32:09.652789,Walmart,0,1.44
651,47,197,2026-05-22 21:39:12.652791,Target,0,3.94
652,94,68,2026-05-20 07:08:27.652792,Target,0,1.36
653,750,326,2026-05-25 21:44:26.652794,Amazon,0,6.52
654,958,38,2026-05-22 05:34:07.652796,Amazon,0,0.76
655,453,30,2026-05-24 20:15:09.652798,BestBuy,0,0.6
656,204,138,2026-05-24 07:36:30.652800,Walmart,0,2.76
657,912,82,2026-05-19 10:55:42.652802,Amazon,0,1.64
658,218,37,2026-05-21 17:30:03.652804,Target,0,0.74
659,474,23,2026-05-19 00:16:08.652808,Walmart,0,0.46
660,432,64,2026-05-25 08:56:53.652810,BestBuy,0,1.28
661,341,273,2026-05-22 19:04:24.652812,BestBuy,1,54.6
662,551,17,2026-05-20 18:16:04.652814,Amazon,0,0.34
663,612,91,2026-05-24 12:32:31.652816,Amazon,0,1.82
664,289,69,2026-05-25 06:44:07.652818,Amazon,0,1.38
665,254,57,2026-05-20 22:26:00.652820,BestBuy,0,1.14
666,734,189,2026-05-22 09:09:55.652822,Target,0,3.78
667,357,198,2026-05-19 15:17:28.652824,Amazon,0,3.96
668,23,56,2026-05-23 16:33:15.652826,BestBuy,0,1.12
669,762,101,2026-05-23 03:57:42.652828,Walmart,0,2.02
670,522,189,2026-05-20 01:29:36.652830,BestBuy,0,3.78
671,758,126,2026-05-22 21:23:21.652832,Walmart,0,2.52
672,837,61,2026-05-23 15:13:23.652834,Walmart,0,1.22
673,100,434,2026-05-24 23:33:21.652836,Target,0,8.68
674,802,239,2026-05-24 00:33:20.652839,Amazon,0,4.78
675,180,32,2026-05-23 13:35:06.652842,Walmart,0,0.64
676,223,132,2026-05-21 01:46:49.652844,Amazon,0,2.64
677,906,16,2026-05-22 23:17:04.652845,BestBuy,0,0.32
678,762,48,2026-05-22 15:22:41.652847,Amazon,0,0.96
679,659,38,2026-05-22 03:43:31.652849,BestBuy,0,0.76
680,442,205,2026-05-22 23:31:42.652851,Walmart,0,4.1
681,608,175,2026-05-25 18:46:58.652853,Target,0,3.5
682,769,65,2026-05-19 08:45:34.652855,Walmart,0,1.3
683,325,42,2026-05-23 03:05:00.652857,BestBuy,0,0.84
684,516,44,2026-05-21 03:34:54.652859,Walmart,0,0.88
685,16,20,2026-05-20 05:08:35.652861,Target,0,0.4
686,792,64,2026-05-24 22:53:50.652863,Amazon,0,1.28
687,336,117,2026-05-22 00:50:13.652866,BestBuy,0,2.34
688,759,41,2026-05-21 23:36:07.652868,Amazon,0,0.82
689,258,159,2026-05-20 21:44:21.652869,Target,0,3.18
690,497,98,2026-05-21 05:02:21.652871,Walmart,0,1.96
691,988,88,2026-05-25 12:35:34.652873,Target,0,1.76
692,896,55,2026-05-21 09:59:49.652875,BestBuy,0,1.1
693,160,179,2026-05-24 04:44:57.652877,BestBuy,0,3.58
694,475,93,2026-05-21 04:11:35.652879,Walmart,0,1.86
695,852,81,2026-05-24 03:13:27.652881,BestBuy,0,1.62
696,664,72,2026-05-21 11:02:47.652883,Target,0,1.44
697,908,39,2026-05-20 12:05:28.652885,BestBuy,0,0.78
698,690,124,2026-05-25 08:06:59.652887,Amazon,0,2.48
699,675,112,2026-05-24 15:46:20.652889,Target,0,2.24
700,380,52,2026-05-23 22:54:11.652891,Target,0,1.04
701,545,115,2026-05-21 21:23:37.652893,BestBuy,0,2.3
702,929,134,2026-05-24 01:39:56.652895,Walmart,0,2.68
703,957,51,2026-05-21 05:46:15.652897,Walmart,0,1.02
704,691,107,2026-05-23 03:39:09.652899,Walmart,0,2.14
705,427,59,2026-05-22 19:46:33.652901,BestBuy,0,1.18
706,613,58,2026-05-24 05:34:45.652903,BestBuy,0,1.16
707,268,93,2026-05-25 10:45:41.652905,BestBuy,0,1.86
708,835,48,2026-05-20 18:52:44.652907,Target,0,0.96
709,577,86,2026-05-18 23:22:40.652908,Target,0,1.72
710,417,116,2026-05-22 11:05:38.652910,BestBuy,0,2.32
711,168,20,2026-05-19 23:58:26.652912,Walmart,0,0.4
712,842,135,2026-05-23 17:07:27.652914,Amazon,0,2.7
713,43,192,2026-05-24 23:12:37.652916,Walmart,0,3.84
714,556,113,2026-05-21 08:34:48.652918,Target,0,2.26
715,285,146,2026-05-25 05:29:05.652920,Target,0,2.92
716,397,14,2026-05-25 13:36:27.652922,Walmart,0,0.28
717,12,315,2026-05-21 14:07:08.652924,Walmart,0,6.3
718,607,181,2026-05-21 13:04:06.652926,Target,0,3.62
719,302,96,2026-05-22 22:18:31.652928,Target,0,1.92
720,898,175,2026-05-25 22:02:55.652930,BestBuy,0,3.5
721,253,30,2026-05-22 09:11:21.652932,Amazon,0,0.6
722,499,61,2026-05-22 19:24:04.652934,BestBuy,0,1.22
723,754,63,2026-05-20 09:26:02.652936,BestBuy,0,1.26
724,35,20,2026-05-19 01:00:54.652938,Walmart,0,0.4
725,727,206,2026-05-19 13:46:00.652939,Walmart,0,4.12
726,849,100,2026-05-23 04:59:40.652941,Amazon,0,2.0
727,90,194,2026-05-24 05:58:50.652943,BestBuy,0,3.88
728,776,93,2026-05-20 06:38:25.652945,BestBuy,0,1.86
729,605,59,2026-05-22 22:33:30.652947,Target,0,1.18
730,922,86,2026-05-19 19:09:13.652949,Target,0,1.72
731,970,47,2026-05-20 01:02:06.652951,Amazon,0,0.94
732,602,122,2026-05-22 14:45:34.652953,Walmart,0,2.44
733,418,124,2026-05-22 23:04:17.652955,Target,0,2.48
734,115,40,2026-05-25 10:31:41.652957,Amazon,0,0.8
735,617,143,2026-05-21 22:38:36.652959,BestBuy,0,2.86
736,903,142,2026-05-20 06:18:03.652961,Amazon,0,2.84
737,196,57,2026-05-22 22:05:04.652962,Amazon,0,1.14
738,826,72,2026-05-20 03:43:00.652964,Target,0,1.44
739,501,126,2026-05-24 03:14:16.652966,Target,0,2.52
740,626,26,2026-05-23 13:13:08.652968,BestBuy,0,0.52
741,493,164,2026-05-23 08:21:08.652970,BestBuy,0,3.28
742,75,162,2026-05-23 20:47:51.652972,BestBuy,0,3.24
743,413,152,2026-05-25 19:48:43.652974,Amazon,0,3.04
744,376,55,2026-05-19 01:40:11.652978,Amazon,0,1.1
745,420,154,2026-05-21 22:17:42.652980,Target,0,3.08
746,729,70,2026-05-19 07:24:56.652982,BestBuy,0,1.4
747,277,178,2026-05-24 14:21:35.652984,Target,0,3.56
748,761,38,2026-05-23 11:12:19.652986,BestBuy,0,0.76
749,676,99,2026-05-24 13:11:56.652988,BestBuy,0,1.98
750,394,25,2026-05-24 12:13:59.652994,Target,0,0.5
751,869,50,2026-05-24 22:10:42.652996,Target,0,1.0
752,457,45,2026-05-19 09:16:42.652998,Target,0,0.9
753,920,49,2026-05-24 22:51:07.653000,BestBuy,0,0.98
754,192,40,2026-05-19 10:25:42.653002,Amazon,0,0.8
755,739,56,2026-05-24 22:07:33.653004,Target,0,1.12
756,689,39,2026-05-24 00:54:04.653006,Target,0,0.78
757,99,190,2026-05-21 23:27:05.653008,Amazon,0,3.8
758,548,23,2026-05-21 13:55:23.653010,Amazon,0,0.46
759,978,77,2026-05-23 14:11:42.653011,Walmart,0,1.54
760,999,87,2026-05-24 10:16:35.653013,Target,0,1.74
761,96,41,2026-05-23 07:25:18.653015,Walmart,0,0.82
762,664,79,2026-05-20 10:47:34.653019,Walmart,0,1.58
763,663,190,2026-05-22 11:54:58.653021,Amazon,0,3.8
764,190,193,2026-05-22 05:02:57.653023,BestBuy,0,3.86
765,736,77,2026-05-24 18:42:07.653024,BestBuy,0,1.54
766,37,92,2026-05-24 20:08:24.653026,Amazon,0,1.84
767,780,211,2026-05-21 05:18:34.653028,Walmart,0,4.22
768,369,108,2026-05-24 07:42:50.653030,Walmart,0,2.16
769,695,163,2026-05-24 03:45:47.653032,Walmart,0,3.26
770,525,23,2026-05-19 03:23:21.653034,Walmart,0,0.46
771,279,39,2026-05-20 08:35:10.653036,Target,0,0.78
772,217,26,2026-05-19 12:55:19.653038,Walmart,0,0.52
773,867,225,2026-05-21 19:42:57.653040,Amazon,0,4.5
774,873,36,2026-05-24 09:23:48.653042,Walmart,0,0.72
775,798,88,2026-05-24 19:44:54.653044,Walmart,0,1.76
776,273,103,2026-05-25 21:15:29.653046,Amazon,0,2.06
777,881,66,2026-05-21 20:21:10.653048,Walmart,0,1.32
778,62,28,2026-05-20 13:53:30.653050,BestBuy,0,0.56
779,596,228,2026-05-19 02:11:35.653052,Amazon,0,4.56
780,880,110,2026-05-25 01:23:28.653054,Target,0,2.2
781,729,156,2026-05-23 04:03:34.653056,Target,0,3.12
782,342,78,2026-05-23 08:07:25.653058,Amazon,0,1.56
783,397,48,2026-05-22 10:56:02.653060,Target,0,0.96
784,699,207,2026-05-24 10:18:27.653062,Target,0,4.14
785,19,49,2026-05-24 20:07:30.653063,Target,0,0.98
786,177,73,2026-05-24 19:28:42.653065,Amazon,0,1.46
787,612,84,2026-05-19 21:45:32.653067,Walmart,0,1.68
788,396,47,2026-05-24 10:17:04.653069,Target,0,0.94
789,445,142,2026-05-24 19:29:59.653071,BestBuy,0,2.84
790,233,165,2026-05-19 00:45:30.653073,Walmart,0,3.3
791,915,78,2026-05-19 01:55:47.653075,Walmart,0,1.56
792,76,38,2026-05-21 15:57:45.653077,Target,0,0.76
793,265,20,2026-05-20 22:29:14.653079,Target,0,0.4
794,455,70,2026-05-20 10:41:27.653081,Walmart,0,1.4
795,796,169,2026-05-22 16:23:01.653083,Target,0,3.38
796,718,67,2026-05-24 15:23:14.653085,Amazon,0,1.34
797,735,177,2026-05-19 13:45:52.653087,Amazon,0,3.54
798,384,271,2026-05-19 08:31:44.653089,Target,0,5.42
799,564,166,2026-05-25 15:17:19.653091,Walmart,0,3.32
800,851,59,2026-05-20 11:42:40.653093,Target,0,1.18
801,506,30,2026-05-23 16:01:57.653095,BestBuy,0,0.6
802,367,90,2026-05-23 11:43:30.653097,Amazon,0,1.8
803,144,299,2026-05-20 23:08:10.653099,Walmart,0,5.98
804,885,64,2026-05-20 23:10:02.653101,BestBuy,0,1.28
805,69,9,2026-05-21 15:56:26.653103,Target,0,0.18
806,99,54,2026-05-19 06:30:40.653105,Amazon,0,1.08
807,396,184,2026-05-19 00:00:11.653107,BestBuy,0,3.68
808,25,201,2026-05-25 08:17:10.653109,Walmart,0,4.02
809,948,32,2026-05-23 20:19:28.653111,Amazon,0,0.64
810,891,32,2026-05-21 07:53:19.653113,Target,0,0.64
811,469,139,2026-05-20 02:12:25.653115,Target,0,2.78
812,484,27,2026-05-21 03:59:49.653117,Amazon,0,0.54
813,565,36,2026-05-21 08:44:33.653119,BestBuy,0,0.72
814,151,229,2026-05-21 23:38:37.653121,Amazon,0,4.58
815,144,104,2026-05-21 21:58:26.653123,Amazon,0,2.08
816,569,46,2026-05-18 23:04:40.653125,Amazon,0,0.92
817,39,109,2026-05-24 04:08:33.653127,BestBuy,0,2.18
818,109,29,2026-05-24 20:27:58.653129,Amazon,0,0.58
819,693,141,2026-05-22 20:42:47.653131,Walmart,0,2.82
820,42,39,2026-05-24 13:24:19.653133,Target,0,0.78
821,186,42,2026-05-21 03:54:35.653135,BestBuy,0,0.84
822,935,236,2026-05-24 21:42:56.653137,Walmart,0,4.72
823,398,142,2026-05-24 15:54:21.653139,Amazon,0,2.84
824,223,23,2026-05-20 04:32:41.653141,Walmart,0,0.46
825,634,128,2026-05-23 07:43:54.653143,BestBuy,0,2.56
826,133,18,2026-05-23 19:52:25.653145,Target,0,0.36
827,163,169,2026-05-24 10:23:50.653146,BestBuy,0,3.38
828,215,135,2026-05-25 02:44:39.653148,Amazon,0,2.7
829,733,193,2026-05-19 20:17:06.653150,Amazon,0,3.86
830,235,71,2026-05-24 03:37:49.653154,Target,0,1.42
831,843,66,2026-05-20 19:05:49.653157,BestBuy,0,1.32
832,658,13,2026-05-22 12:10:56.653159,BestBuy,0,0.26
833,751,7,2026-05-24 00:05:31.653161,BestBuy,0,0.14
834,588,191,2026-05-22 22:09:16.653163,Walmart,0,3.82
835,9,54,2026-05-24 21:50:17.653165,Target,0,1.08
836,74,14,2026-05-20 07:57:38.653167,BestBuy,0,0.28
837,954,30,2026-05-25 19:01:16.653169,Target,0,0.6
838,492,17,2026-05-21 03:55:31.653171,Walmart,0,0.34
839,913,64,2026-05-19 01:59:31.653173,BestBuy,0,1.28
840,253,84,2026-05-22 03:36:07.653175,Walmart,0,1.68
841,230,132,2026-05-20 15:28:06.653177,Amazon,0,2.64
842,519,50,2026-05-21 06:43:52.653179,Amazon,0,1.0
843,174,96,2026-05-20 08:52:56.653181,Amazon,0,1.92
844,653,168,2026-05-25 15:34:21.653183,Target,0,3.36
845,168,34,2026-05-24 15:04:53.653184,BestBuy,0,0.68
846,170,5,2026-05-20 18:31:44.653186,BestBuy,0,0.1
847,393,134,2026-05-21 10:51:03.653188,Walmart,0,2.68
848,946,371,2026-05-19 09:57:46.653190,Walmart,0,7.42
849,795,82,2026-05-19 14:05:19.653192,Amazon,0,1.64
850,634,97,2026-05-20 07:53:33.653194,Target,0,1.94
851,194,78,2026-05-20 12:40:56.653196,Target,0,1.56
852,517,71,2026-05-25 17:43:59.653198,Walmart,0,1.42
853,29,24,2026-05-21 04:13:52.653200,Walmart,0,0.48
854,165,154,2026-05-20 21:58:17.653202,BestBuy,0,3.08
855,422,50,2026-05-21 14:01:14.653204,BestBuy,0,1.0
856,339,34,2026-05-22 14:54:06.653206,Walmart,0,0.68
857,648,119,2026-05-21 16:40:24.653208,BestBuy,0,2.38
858,496,85,2026-05-19 02:18:51.653210,Walmart,0,1.7
859,365,105,2026-05-24 17:34:58.653212,Target,0,2.1
860,833,47,2026-05-20 11:57:20.653214,Amazon,0,0.94
861,342,30,2026-05-19 03:59:44.653216,Walmart,0,0.6
862,500,27,2026-05-24 20:03:10.653225,Walmart,0,0.54
863,657,102,2026-05-20 04:46:35.653228,BestBuy,0,2.04
864,511,60,2026-05-19 10:34:47.653230,Walmart,0,1.2
865,327,42,2026-05-25 04:47:36.653232,Target,0,0.84
866,217,93,2026-05-19 15:36:16.653234,Amazon,0,1.86
867,301,24,2026-05-21 19:55:28.653236,BestBuy,0,0.48
868,132,78,2026-05-24 05:49:00.653238,Target,0,1.56
869,804,198,2026-05-23 22:15:15.653240,Amazon,0,3.96
870,70,388,2026-05-19 10:24:57.653242,BestBuy,1,77.6
871,252,134,2026-05-23 12:03:22.653244,Target,0,2.68
872,415,184,2026-05-23 00:00:58.653246,Walmart,0,3.68
873,787,92,2026-05-25 03:56:44.653248,BestBuy,0,1.84
874,445,56,2026-05-19 22:08:37.653250,Walmart,0,1.12
875,876,40,2026-05-24 15:10:17.653252,BestBuy,0,0.8
876,182,84,2026-05-20 21:49:36.653254,Amazon,0,1.68
877,167,41,2026-05-21 12:32:07.653256,BestBuy,0,0.82
878,91,35,2026-05-25 05:32:16.653258,BestBuy,0,0.7
879,714,9,2026-05-18 23:11:44.653260,Target,0,0.18
880,858,89,2026-05-20 07:24:00.653262,BestBuy,0,1.78
881,531,68,2026-05-22 20:30:48.653264,Amazon,0,1.36
882,39,92,2026-05-19 17:31:58.653265,Target,0,1.84
883,126,297,2026-05-25 18:56:10.653267,Walmart,0,5.94
884,451,29,2026-05-21 19:58:50.653269,BestBuy,0,0.58
885,173,40,2026-05-23 13:44:38.653271,Amazon,0,0.8
886,653,159,2026-05-24 00:01:10.653273,Amazon,0,3.18
887,754,175,2026-05-22 21:14:13.653275,BestBuy,0,3.5
888,220,52,2026-05-23 03:20:31.653277,BestBuy,0,1.04
889,638,90,2026-05-20 13:05:16.653279,Walmart,0,1.8
890,58,105,2026-05-20 19:19:58.653281,Walmart,0,2.1
891,660,59,2026-05-23 06:12:59.653283,Walmart,0,1.18
892,476,41,2026-05-20 05:57:52.653285,Walmart,0,0.82
893,456,24,2026-05-23 00:37:58.653287,Walmart,0,0.48
894,829,76,2026-05-20 20:30:03.653289,Walmart,0,1.52
895,895,146,2026-05-21 09:56:11.653291,Target,0,2.92
896,361,146,2026-05-20 16:36:48.653293,Target,0,2.92
897,935,39,2026-05-20 18:40:07.653295,Amazon,0,0.78
898,1,44,2026-05-24 05:55:42.653297,Target,0,0.88
899,387,145,2026-05-22 09:49:57.653299,BestBuy,0,2.9
900,973,204,2026-05-19 19:57:38.653301,BestBuy,1,40.8
901,348,68,2026-05-25 18:27:53.653303,BestBuy,0,1.36
902,190,119,2026-05-21 22:24:24.653305,Amazon,0,2.38
903,505,57,2026-05-25 08:46:07.653307,Target,0,1.14
904,191,221,2026-05-25 09:12:17.653309,BestBuy,1,44.2
905,508,111,2026-05-25 03:19:19.653311,Target,0,2.22
906,369,119,2026-05-24 04:47:42.653313,BestBuy,0,2.38
907,409,115,2026-05-21 09:10:09.653315,Walmart,0,2.3
908,824,86,2026-05-19 21:54:51.653317,Target,0,1.72
909,929,93,2026-05-21 12:32:10.653319,Target,0,1.86
910,934,179,2026-05-21 15:11:33.653321,BestBuy,0,3.58
911,117,43,2026-05-22 12:26:40.653323,Target,0,0.86
912,134,90,2026-05-22 10:47:40.653325,Walmart,0,1.8
913,58,66,2026-05-25 04:59:01.653327,BestBuy,0,1.32
914,556,150,2026-05-24 07:05:45.653330,Walmart,0,3.0
915,685,120,2026-05-23 02:38:52.653332,BestBuy,0,2.4
916,672,47,2026-05-22 09:38:48.653334,Target,0,0.94
917,173,87,2026-05-25 06:40:37.653336,BestBuy,0,1.74
918,829,65,2026-05-21 18:06:25.653338,Amazon,0,1.3
919,815,81,2026-05-19 08:32:06.653340,BestBuy,0,1.62
920,149,46,2026-05-22 08:09:26.653342,Target,0,0.92
921,80,48,2026-05-21 19:12:09.653344,Walmart,0,0.96
922,886,23,2026-05-23 15:04:03.653346,Walmart,0,0.46
923,213,47,2026-05-21 18:30:25.653348,Amazon,0,0.94
924,203,174,2026-05-20 02:50:57.653350,BestBuy,0,3.48
925,764,183,2026-05-22 12:27:10.653352,BestBuy,0,3.66
926,229,40,2026-05-21 03:09:27.653354,Walmart,0,0.8
927,676,10,2026-05-21 15:31:47.653356,Walmart,0,0.2
928,227,41,2026-05-24 08:37:28.653358,Target,0,0.82
929,659,59,2026-05-21 23:19:25.653360,Amazon,0,1.18
930,532,93,2026-05-20 16:59:28.653362,Walmart,0,1.86
931,441,198,2026-05-19 20:29:32.653364,BestBuy,0,3.96
932,402,90,2026-05-23 15:44:15.653366,Walmart,0,1.8
933,47,88,2026-05-20 11:07:36.653368,Target,0,1.76
934,233,130,2026-05-23 18:40:08.653369,BestBuy,0,2.6
935,305,44,2026-05-23 06:42:55.653371,Target,0,0.88
936,526,88,2026-05-23 02:04:22.653374,Target,0,1.76
937,143,103,2026-05-21 05:58:28.653375,Target,0,2.06
938,415,142,2026-05-22 16:09:09.653377,Amazon,0,2.84
939,513,121,2026-05-19 11:49:25.653379,BestBuy,0,2.42
940,373,186,2026-05-19 08:22:48.653381,BestBuy,0,3.72
941,566,53,2026-05-20 02:44:03.653383,Target,0,1.06
942,886,97,2026-05-24 17:36:53.653385,Amazon,0,1.94
943,259,3,2026-05-21 11:22:26.653387,Walmart,0,0.06
944,656,54,2026-05-24 01:55:07.653389,BestBuy,0,1.08
945,471,43,2026-05-20 04:18:24.653391,Walmart,0,0.86
946,953,152,2026-05-25 21:15:38.653393,BestBuy,0,3.04
947,971,88,2026-05-20 10:36:30.653395,Target,0,1.76
948,12,107,2026-05-22 15:59:53.653397,BestBuy,0,2.14
949,330,62,2026-05-22 16:08:26.653399,Target,0,1.24
950,736,119,2026-05-21 02:10:19.653401,BestBuy,0,2.38
951,784,126,2026-05-25 05:15:31.653403,Target,0,2.52
952,968,53,2026-05-20 10:45:12.653405,Walmart,0,1.06
953,358,63,2026-05-24 23:45:53.653407,Walmart,0,1.26
954,972,70,2026-05-25 04:51:20.653409,Walmart,0,1.4
955,408,85,2026-05-21 11:15:07.653411,BestBuy,0,1.7
956,668,28,2026-05-24 08:21:09.653413,Amazon,0,0.56
957,373,32,2026-05-23 08:06:07.653415,Walmart,0,0.64
958,8,70,2026-05-21 17:01:54.653417,BestBuy,0,1.4
959,122,176,2026-05-23 11:44:25.653419,Target,0,3.52
960,348,136,2026-05-22 07:23:51.653421,Amazon,0,2.72
961,676,35,2026-05-25 21:09:45.653423,Amazon,0,0.7
962,90,122,2026-05-21 18:54:56.653425,Amazon,0,2.44
963,648,42,2026-05-19 22:27:36.653427,Walmart,0,0.84
964,698,37,2026-05-23 07:22:15.653429,Walmart,0,0.74
965,316,130,2026-05-25 15:45:21.653430,Walmart,0,2.6
966,178,40,2026-05-20 04:55:50.653432,Walmart,0,0.8
967,540,34,2026-05-19 22:16:15.653434,Target,0,0.68
968,732,85,2026-05-20 20:36:59.653436,BestBuy,0,1.7
969,869,47,2026-05-21 00:49:09.653438,Amazon,0,0.94
970,41,14,2026-05-23 00:43:30.653440,BestBuy,0,0.28
971,740,58,2026-05-22 06:24:55.653442,Amazon,0,1.16
972,704,32,2026-05-19 02:54:18.653444,Amazon,0,0.64
973,923,84,2026-05-23 03:15:54.653446,Amazon,0,1.68
974,502,290,2026-05-20 11:24:50.653449,Amazon,0,5.8
975,959,269,2026-05-25 03:19:57.653451,Target,0,5.38
976,145,192,2026-05-23 19:02:57.653453,Target,0,3.84
977,201,81,2026-05-20 19:50:50.653455,Amazon,0,1.62
978,929,78,2026-05-19 02:42:20.653457,Amazon,0,1.56
979,724,108,2026-05-25 18:40:27.653459,Walmart,0,2.16
980,461,26,2026-05-21 17:28:14.653461,Amazon,0,0.52
981,732,67,2026-05-22 07:40:48.653463,BestBuy,0,1.34
982,752,98,2026-05-25 09:31:25.653465,Target,0,1.96
983,925,158,2026-05-20 10:50:44.653467,BestBuy,0,3.16
984,909,19,2026-05-18 23:57:01.653469,Walmart,0,0.38
985,558,399,2026-05-19 20:57:01.653471,Target,0,7.98
986,547,92,2026-05-22 18:14:26.653473,Walmart,0,1.84
987,253,53,2026-05-24 12:29:07.653475,Walmart,0,1.06
988,390,70,2026-05-22 19:53:38.653477,BestBuy,0,1.4
989,594,100,2026-05-23 22:25:19.653479,Amazon,0,2.0
990,883,6,2026-05-22 10:04:41.653481,Target,0,0.12
991,256,59,2026-05-21 01:03:45.653483,Target,0,1.18
992,709,141,2026-05-23 00:23:15.653485,Amazon,0,2.82
993,815,33,2026-05-23 16:19:40.653487,BestBuy,0,0.66
994,921,305,2026-05-25 01:24:16.653489,Walmart,0,6.1
995,450,95,2026-05-18 23:57:45.653491,BestBuy,0,1.9
996,10,28,2026-05-20 03:48:21.653492,Walmart,0,0.56
997,824,34,2026-05-20 18:50:28.653494,Target,0,0.68
998,798,136,2026-05-20 18:39:44.653497,Amazon,0,2.72
999,242,110,2026-05-21 09:25:51.653500,Amazon,0,2.2
1000,251,108,2026-05-23 07:05:05.653502,Target,0,2.16
1001,877,90,2026-05-25 06:47:07.653504,Walmart,0,1.8
1002,5,94,2026-05-21 06:34:14.653506,BestBuy,0,1.88
1003,119,117,2026-05-21 03:04:20.653508,Walmart,0,2.34
1004,801,129,2026-05-24 23:50:04.653510,Amazon,0,2.58
1005,374,91,2026-05-21 16:39:13.653512,BestBuy,0,1.82
1006,65,77,2026-05-22 00:46:11.653514,BestBuy,0,1.54
1007,146,37,2026-05-19 17:03:50.653515,Walmart,0,0.74
1008,224,82,2026-05-24 10:48:31.653517,Walmart,0,1.64
1009,239,78,2026-05-21 05:03:35.653519,Walmart,0,1.56
1010,177,96,2026-05-21 10:55:16.653521,BestBuy,0,1.92
1011,779,57,2026-05-19 21:40:20.653523,Target,0,1.14
1012,853,90,2026-05-22 02:25:52.653525,BestBuy,0,1.8
1013,282,89,2026-05-23 11:40:13.653527,Amazon,0,1.78
1014,63,90,2026-05-21 18:34:52.653974,Target,0,1.8
1015,217,34,2026-05-23 11:26:16.654026,Target,0,0.68
1016,854,25,2026-05-25 11:51:59.654032,Walmart,0,0.5
1017,827,247,2026-05-25 08:20:06.654036,BestBuy,1,49.4
1018,795,137,2026-05-20 14:24:30.654040,Amazon,0,2.74
1019,689,69,2026-05-19 22:37:33.654045,BestBuy,0,1.38
1020,461,84,2026-05-25 07:10:29.654048,Walmart,0,1.68
1021,929,60,2026-05-20 16:25:49.654052,BestBuy,0,1.2
1022,610,97,2026-05-21 03:12:54.654055,Amazon,0,1.94
1023,105,95,2026-05-23 11:58:18.654059,Walmart,0,1.9
1024,99,97,2026-05-22 03:29:02.654062,BestBuy,0,1.94
1025,511,37,2026-05-23 04:09:15.654066,Amazon,0,0.74
1026,385,121,2026-05-24 16:31:03.654069,Amazon,0,2.42
1027,405,89,2026-05-21 17:05:40.654073,Walmart,0,1.78
1028,823,94,2026-05-23 14:42:37.654076,Walmart,0,1.88
1029,518,3,2026-05-19 00:54:41.654080,Target,0,0.06
1030,476,48,2026-05-24 05:50:31.654083,Target,0,0.96
1031,977,135,2026-05-24 13:28:43.654087,Amazon,0,2.7
1032,709,94,2026-05-25 11:11:26.654090,Walmart,0,1.88
1033,863,165,2026-05-19 17:38:05.654093,Walmart,0,3.3
1034,645,125,2026-05-25 01:47:43.654096,BestBuy,0,2.5
1035,870,82,2026-05-22 22:05:06.654100,BestBuy,0,1.64
1036,771,128,2026-05-24 23:45:34.654103,BestBuy,0,2.56
1037,437,9,2026-05-25 21:51:39.654107,BestBuy,0,0.18
1038,23,185,2026-05-25 10:05:35.654110,Target,0,3.7
1039,997,36,2026-05-25 22:45:39.654114,BestBuy,0,0.72
1040,565,35,2026-05-21 04:18:24.654118,Walmart,0,0.7
1041,677,160,2026-05-22 11:33:00.654121,Amazon,0,3.2
1042,714,43,2026-05-25 12:35:39.654125,Amazon,0,0.86
1043,458,20,2026-05-23 12:23:30.654129,Amazon,0,0.4
1044,83,53,2026-05-25 19:18:13.654132,Target,0,1.06
1045,145,0,2026-05-24 07:03:54.654136,Amazon,0,0.0
1046,85,110,2026-05-24 17:34:54.654139,Target,0,2.2
1047,78,110,2026-05-21 04:51:33.654142,Target,0,2.2
1048,457,58,2026-05-22 02:46:21.654146,Amazon,0,1.16
1049,878,215,2026-05-24 05:41:27.654149,Target,0,4.3
1050,1,17,2026-05-19 12:27:17.654152,BestBuy,0,0.34
1051,51,68,2026-05-19 15:49:46.654156,BestBuy,0,1.36
1052,685,94,2026-05-25 01:46:32.654159,BestBuy,0,1.88
1053,717,36,2026-05-20 15:32:05.654162,Target,0,0.72
1054,772,15,2026-05-25 18:10:03.654166,BestBuy,0,0.3
1055,446,97,2026-05-23 14:09:48.654169,Amazon,0,1.94
1056,449,112,2026-05-23 03:36:56.654173,Amazon,0,2.24
1057,881,19,2026-05-19 04:05:22.654176,Target,0,0.38
1058,488,20,2026-05-24 12:52:08.654179,Target,0,0.4
1059,800,193,2026-05-19 06:41:25.654183,BestBuy,0,3.86
1060,34,166,2026-05-19 08:56:13.654186,Walmart,0,3.32
1061,348,56,2026-05-22 05:56:59.654189,Amazon,0,1.12
1062,95,219,2026-05-22 17:53:37.654193,Walmart,0,4.38
1063,72,153,2026-05-20 03:00:17.654196,BestBuy,0,3.06
1064,551,338,2026-05-19 09:52:31.654200,Target,0,6.76
1065,154,70,2026-05-22 17:07:32.654203,BestBuy,0,1.4
1066,250,160,2026-05-22 04:46:54.654206,Walmart,0,3.2
1067,674,185,2026-05-21 06:39:43.654210,BestBuy,0,3.7
1068,438,24,2026-05-19 20:31:46.654213,Target,0,0.48
1069,118,52,2026-05-24 00:27:39.654217,Walmart,0,1.04
1070,771,133,2026-05-23 14:21:15.654220,BestBuy,0,2.66
1071,891,78,2026-05-22 03:19:07.654223,Target,0,1.56
1072,306,56,2026-05-20 14:14:46.654227,BestBuy,0,1.12
1073,268,184,2026-05-24 05:21:06.654230,BestBuy,0,3.68
1074,961,37,2026-05-24 15:13:01.654234,Target,0,0.74
1075,54,52,2026-05-19 17:46:15.654237,Target,0,1.04
1076,236,114,2026-05-23 22:38:35.654240,BestBuy,0,2.28
1077,389,124,2026-05-22 07:32:48.654244,Amazon,0,2.48
1078,990,17,2026-05-19 06:05:30.654247,BestBuy,0,0.34
1079,734,145,2026-05-24 10:49:04.654250,Target,0,2.9
1080,763,51,2026-05-20 00:42:59.654254,Amazon,0,1.02
1081,825,81,2026-05-21 09:22:04.654257,Target,0,1.62
1082,401,126,2026-05-24 07:00:24.654261,BestBuy,0,2.52
1083,624,33,2026-05-22 20:18:40.654264,Walmart,0,0.66
1084,767,201,2026-05-25 04:33:29.654274,Target,0,4.02
1085,303,30,2026-05-20 17:54:31.654278,Target,0,0.6
1086,919,36,2026-05-25 22:27:52.654282,Walmart,0,0.72
1087,207,69,2026-05-21 15:54:20.654285,Target,0,1.38
1088,229,166,2026-05-25 01:34:45.654289,Target,0,3.32
1089,853,88,2026-05-23 15:51:57.654294,Target,0,1.76
1090,910,94,2026-05-25 11:49:12.654297,Walmart,0,1.88
1091,578,32,2026-05-25 13:34:46.654300,BestBuy,0,0.64
1092,75,74,2026-05-21 21:47:30.654304,Target,0,1.48
1093,435,58,2026-05-22 07:02:53.654307,Amazon,0,1.16
1094,103,39,2026-05-19 11:14:28.654311,BestBuy,0,0.78
1095,422,105,2026-05-25 05:00:51.654314,BestBuy,0,2.1
1096,704,94,2026-05-21 03:51:00.654318,Amazon,0,1.88
1097,764,160,2026-05-19 01:51:28.654321,Amazon,0,3.2
1098,738,77,2026-05-18 23:13:52.654324,Amazon,0,1.54
1099,806,78,2026-05-20 00:24:09.654328,Walmart,0,1.56
1100,306,116,2026-05-23 22:24:46.654331,Target,0,2.32
1101,98,138,2026-05-22 11:07:52.654334,BestBuy,0,2.76
1102,850,179,2026-05-19 10:15:40.654353,Amazon,0,3.58
1103,798,26,2026-05-23 03:55:56.654358,Target,0,0.52
1104,335,65,2026-05-24 12:17:33.654362,Target,0,1.3
1105,859,184,2026-05-21 22:27:26.654365,Walmart,0,3.68
1106,435,83,2026-05-22 12:18:57.654369,BestBuy,0,1.66
1107,447,106,2026-05-21 20:58:14.654372,Target,0,2.12
1108,994,33,2026-05-24 04:49:50.654376,Amazon,0,0.66
1109,308,37,2026-05-20 06:56:28.654379,Amazon,0,0.74
1110,249,218,2026-05-24 08:42:25.654382,Walmart,0,4.36
1111,166,305,2026-05-23 18:42:57.654386,Amazon,0,6.1
1112,481,42,2026-05-20 22:53:39.654389,Amazon,0,0.84
1113,984,53,2026-05-20 03:35:31.654393,Walmart,0,1.06
1114,335,235,2026-05-23 21:39:24.654396,Walmart,0,4.7
1115,542,117,2026-05-22 14:56:31.654399,Amazon,0,2.34
1116,759,33,2026-05-25 13:23:11.654403,BestBuy,0,0.66
1117,106,98,2026-05-19 00:33:41.654406,BestBuy,0,1.96
1118,563,66,2026-05-25 03:47:35.654409,Walmart,0,1.32
1119,81,118,2026-05-20 22:12:23.654413,BestBuy,0,2.36
1120,133,87,2026-05-25 19:47:42.654416,BestBuy,0,1.74
1121,797,55,2026-05-24 22:34:49.654420,BestBuy,0,1.1
1122,900,62,2026-05-24 17:51:52.654423,Walmart,0,1.24
1123,138,82,2026-05-19 16:16:46.654426,BestBuy,0,1.64
1124,184,14,2026-05-21 05:26:04.654430,Amazon,0,0.28
1125,401,55,2026-05-25 03:34:40.654433,Amazon,0,1.1
1126,330,115,2026-05-22 13:00:20.654436,Walmart,0,2.3
1127,785,41,2026-05-19 21:30:12.654440,BestBuy,0,0.82
1128,508,75,2026-05-21 10:02:52.654443,Target,0,1.5
1129,852,50,2026-05-24 00:52:01.654447,Target,0,1.0
1130,984,141,2026-05-20 09:35:28.654450,Amazon,0,2.82
1131,69,91,2026-05-19 13:01:06.654454,Amazon,0,1.82
1132,546,63,2026-05-25 05:26:05.654457,Target,0,1.26
1133,774,265,2026-05-18 23:42:11.654461,Walmart,0,5.3
1134,53,76,2026-05-24 19:35:20.654464,BestBuy,0,1.52
1135,450,115,2026-05-25 17:00:37.654467,Target,0,2.3
1136,205,138,2026-05-20 23:25:01.654471,BestBuy,0,2.76
1137,126,417,2026-05-19 21:02:26.654474,Target,0,8.34
1138,747,118,2026-05-25 22:41:57.654478,Amazon,0,2.36
1139,43,36,2026-05-20 14:29:37.654481,BestBuy,0,0.72
1140,752,50,2026-05-20 05:09:53.654484,Walmart,0,1.0
1141,971,78,2026-05-21 16:45:14.654488,BestBuy,0,1.56
1142,883,73,2026-05-23 20:07:20.654491,BestBuy,0,1.46
1143,111,31,2026-05-22 17:26:01.654495,Target,0,0.62
1144,761,408,2026-05-23 11:14:58.654498,Walmart,0,8.16
1145,663,147,2026-05-20 03:22:07.654501,Amazon,0,2.94
1146,183,187,2026-05-24 18:49:45.654505,BestBuy,0,3.74
1147,848,301,2026-05-19 22:30:34.654508,BestBuy,1,60.2
1148,95,135,2026-05-21 01:13:04.654512,Target,0,2.7
1149,971,91,2026-05-19 16:14:06.654515,Amazon,0,1.82
1150,374,219,2026-05-23 06:23:48.654519,Target,0,4.38
1151,912,92,2026-05-19 01:43:45.654522,Walmart,0,1.84
1152,520,60,2026-05-25 18:26:46.654525,Amazon,0,1.2
1153,900,8,2026-05-23 21:03:13.654528,Walmart,0,0.16
1154,360,137,2026-05-21 11:06:12.654532,Target,0,2.74
1155,900,203,2026-05-23 05:56:47.654535,Amazon,0,4.06
1156,696,95,2026-05-25 04:30:23.654538,Walmart,0,1.9
1157,281,128,2026-05-22 10:17:08.654542,Walmart,0,2.56
1158,195,33,2026-05-22 12:33:28.654545,Target,0,0.66
1159,864,32,2026-05-22 08:23:43.654549,Amazon,0,0.64
1160,195,294,2026-05-19 05:34:12.654552,Walmart,0,5.88
1161,667,83,2026-05-25 00:48:07.654555,BestBuy,0,1.66
1162,93,91,2026-05-25 22:33:58.654559,Amazon,0,1.82
1163,672,121,2026-05-21 15:45:19.654562,Amazon,0,2.42
1164,946,34,2026-05-21 12:42:54.654566,BestBuy,0,0.68
1165,61,125,2026-05-18 23:45:42.654569,Amazon,0,2.5
1166,634,286,2026-05-20 14:53:49.654572,Amazon,0,5.72
1167,51,53,2026-05-24 06:24:35.654576,BestBuy,0,1.06
1168,403,189,2026-05-24 13:41:45.654579,Target,0,3.78
1169,789,84,2026-05-19 09:02:08.654582,Walmart,0,1.68
1170,5,60,2026-05-21 20:51:53.654590,BestBuy,0,1.2
1171,466,350,2026-05-23 00:26:16.654594,Amazon,0,7.0
1172,604,260,2026-05-19 14:30:03.654597,Walmart,0,5.2
1173,682,192,2026-05-21 18:34:11.654601,Walmart,0,3.84
1174,829,116,2026-05-24 01:22:46.654604,Walmart,0,2.32
1175,534,92,2026-05-22 09:29:51.654608,Target,0,1.84
1176,405,180,2026-05-21 21:22:37.654611,Amazon,0,3.6
1177,838,95,2026-05-19 01:41:50.654615,Amazon,0,1.9
1178,513,8,2026-05-21 13:00:13.654618,Walmart,0,0.16
1179,645,27,2026-05-21 09:16:14.654622,Walmart,0,0.54
1180,233,302,2026-05-24 15:24:14.654625,Target,0,6.04
1181,524,108,2026-05-25 16:18:00.654628,Target,0,2.16
1182,346,76,2026-05-25 21:21:32.654632,Walmart,0,1.52
1183,46,191,2026-05-25 06:33:39.654636,Amazon,0,3.82
1184,546,48,2026-05-23 07:56:21.654639,BestBuy,0,0.96
1185,945,111,2026-05-23 14:55:41.654642,Target,0,2.22
1186,78,118,2026-05-23 15:33:45.654646,Amazon,0,2.36
1187,730,62,2026-05-19 00:46:46.654649,Target,0,1.24
1188,813,105,2026-05-23 02:36:49.654653,Amazon,0,2.1
1189,923,40,2026-05-25 15:25:39.654656,Walmart,0,0.8
1190,73,29,2026-05-22 10:28:06.654660,Target,0,0.58
1191,794,85,2026-05-24 06:58:03.654663,BestBuy,0,1.7
1192,249,146,2026-05-21 06:06:18.654666,Walmart,0,2.92
1193,47,107,2026-05-19 15:55:09.654670,Target,0,2.14
1194,121,85,2026-05-21 19:03:02.654673,Walmart,0,1.7
1195,214,67,2026-05-25 19:47:36.654676,BestBuy,0,1.34
1196,239,66,2026-05-23 07:53:19.654680,Target,0,1.32
1197,56,24,2026-05-22 03:12:50.654683,Target,0,0.48
1198,350,206,2026-05-19 05:58:14.654687,Target,0,4.12
1199,107,119,2026-05-19 16:24:16.654690,Amazon,0,2.38
1200,831,162,2026-05-20 08:50:17.654693,Amazon,0,3.24
1201,48,103,2026-05-19 06:58:10.654697,Target,0,2.06
1202,573,53,2026-05-19 17:30:04.654700,Walmart,0,1.06
1203,337,23,2026-05-19 06:13:15.654704,Walmart,0,0.46
1204,26,85,2026-05-23 08:23:56.654707,Target,0,1.7
1205,804,37,2026-05-20 15:38:11.654710,BestBuy,0,0.74
1206,257,44,2026-05-24 14:50:13.654714,BestBuy,0,0.88
1207,8,216,2026-05-24 22:35:05.654717,BestBuy,1,43.2
1208,625,192,2026-05-23 17:38:04.654721,Amazon,0,3.84
1209,867,102,2026-05-25 13:09:37.654724,Amazon,0,2.04
1210,253,73,2026-05-23 04:50:33.654727,Amazon,0,1.46
1211,692,19,2026-05-24 14:34:56.654731,Amazon,0,0.38
1212,719,13,2026-05-19 04:44:26.654734,Walmart,0,0.26
1213,303,137,2026-05-19 04:56:54.654738,Target,0,2.74
1214,639,142,2026-05-21 22:57:29.654741,Target,0,2.84
1215,56,30,2026-05-25 17:16:09.654745,Target,0,0.6
1216,726,33,2026-05-24 15:28:36.654748,Walmart,0,0.66
1217,526,126,2026-05-25 08:22:18.654752,BestBuy,0,2.52
1218,474,170,2026-05-21 18:04:47.654755,BestBuy,0,3.4
1219,28,162,2026-05-24 03:00:56.654758,Amazon,0,3.24
1220,983,234,2026-05-23 14:47:08.654762,Amazon,0,4.68
1221,78,318,2026-05-23 18:14:03.654765,Walmart,0,6.36
1222,216,59,2026-05-21 00:53:50.654769,Walmart,0,1.18
1223,386,29,2026-05-20 15:15:00.654772,BestBuy,0,0.58
1224,365,29,2026-05-24 12:39:58.654775,Target,0,0.58
1225,666,42,2026-05-25 03:45:50.654779,Target,0,0.84
1226,526,100,2026-05-21 23:31:21.654782,Walmart,0,2.0
1227,699,79,2026-05-22 20:08:16.654785,Walmart,0,1.58
1228,312,53,2026-05-24 18:53:47.654789,Walmart,0,1.06
1229,883,88,2026-05-21 11:26:37.654792,Amazon,0,1.76
1230,7,50,2026-05-24 13:56:05.654796,Target,0,1.0
1231,3,130,2026-05-20 23:23:18.654799,Walmart,0,2.6
1232,623,177,2026-05-20 08:31:49.654802,Walmart,0,3.54
1233,919,99,2026-05-20 19:57:54.654806,Amazon,0,1.98
1234,750,54,2026-05-20 08:41:33.654809,Walmart,0,1.08
1235,363,118,2026-05-23 02:23:02.654813,Target,0,2.36
1236,751,132,2026-05-21 20:55:23.654816,Amazon,0,2.64
1237,508,93,2026-05-22 21:49:49.654819,Walmart,0,1.86
1238,274,31,2026-05-23 13:46:10.654823,Target,0,0.62
1239,506,13,2026-05-24 15:47:25.654826,Target,0,0.26
1240,806,116,2026-05-25 06:29:10.654830,Amazon,0,2.32
1241,739,189,2026-05-21 23:58:33.654833,Target,0,3.78
1242,883,72,2026-05-20 07:31:43.654836,Amazon,0,1.44
1243,15,10,2026-05-23 13:49:33.654839,Target,0,0.2
1244,192,166,2026-05-22 08:51:22.654843,Walmart,0,3.32
1245,985,25,2026-05-19 11:05:00.654846,Amazon,0,0.5
1246,631,97,2026-05-21 19:56:48.654850,Target,0,1.94
1247,485,143,2026-05-25 04:48:45.654854,Amazon,0,2.86
1248,28,22,2026-05-19 14:41:50.654857,Target,0,0.44
1249,714,139,2026-05-24 23:12:38.654860,Amazon,0,2.78
1250,39,37,2026-05-19 22:09:17.654864,Walmart,0,0.74
1251,953,173,2026-05-20 11:46:25.654867,Amazon,0,3.46
1252,273,70,2026-05-19 13:16:55.654870,Amazon,0,1.4
1253,231,38,2026-05-21 08:37:32.654873,Walmart,0,0.76
1254,86,102,2026-05-24 13:37:55.654879,Target,0,2.04
1255,474,48,2026-05-20 23:42:54.654883,BestBuy,0,0.96
1256,126,63,2026-05-23 02:01:02.654886,Walmart,0,1.26
1257,812,177,2026-05-24 08:47:37.654890,Amazon,0,3.54
1258,537,160,2026-05-25 16:28:51.654893,Walmart,0,3.2
1259,145,49,2026-05-20 14:41:04.654897,Walmart,0,0.98
1260,525,47,2026-05-22 04:51:33.654900,Amazon,0,0.94
1261,212,42,2026-05-21 06:05:02.654903,Amazon,0,0.84
1262,25,240,2026-05-19 03:01:07.654907,BestBuy,1,48.0
1263,580,65,2026-05-22 09:07:23.654910,Walmart,0,1.3
1264,394,129,2026-05-19 20:46:27.654913,Amazon,0,2.58
1265,67,122,2026-05-20 16:34:41.654917,Target,0,2.44
1266,233,192,2026-05-19 09:42:51.654920,Target,0,3.84
1267,109,54,2026-05-24 17:08:22.654923,Target,0,1.08
1268,146,44,2026-05-20 17:33:17.654927,Target,0,0.88
1269,111,153,2026-05-23 23:18:48.654930,Walmart,0,3.06
1270,228,79,2026-05-21 22:53:02.654933,Walmart,0,1.58
1271,111,47,2026-05-24 10:56:36.654937,BestBuy,0,0.94
1272,470,102,2026-05-21 13:16:08.654940,Walmart,0,2.04
1273,34,57,2026-05-20 09:44:20.654944,Amazon,0,1.14
1274,623,266,2026-05-25 15:05:21.654947,BestBuy,1,53.2
1275,776,68,2026-05-23 00:12:54.654950,Walmart,0,1.36
1276,936,121,2026-05-25 10:07:06.654953,Walmart,0,2.42
1277,369,101,2026-05-21 22:58:56.654957,Amazon,0,2.02
1278,748,30,2026-05-25 21:17:18.654960,Amazon,0,0.6
1279,595,55,2026-05-20 08:43:10.654964,Amazon,0,1.1
1280,554,24,2026-05-24 06:49:26.654967,Target,0,0.48
1281,425,54,2026-05-21 14:50:09.654970,Walmart,0,1.08
1282,613,125,2026-05-19 13:26:59.654974,Walmart,0,2.5
1283,518,62,2026-05-22 03:17:35.654977,Walmart,0,1.24
1284,692,94,2026-05-24 08:33:38.654980,BestBuy,0,1.88
1285,282,245,2026-05-19 08:46:14.654984,BestBuy,1,49.0
1286,320,112,2026-05-23 14:26:54.654987,BestBuy,0,2.24
1287,738,74,2026-05-25 20:00:58.654991,BestBuy,0,1.48
1288,443,116,2026-05-22 10:43:12.654994,BestBuy,0,2.32
1289,952,75,2026-05-25 11:26:15.654997,Amazon,0,1.5
1290,315,161,2026-05-21 01:20:19.655001,BestBuy,0,3.22
1291,877,58,2026-05-24 03:44:56.655004,Walmart,0,1.16
1292,966,124,2026-05-24 18:24:01.655007,Target,0,2.48
1293,741,107,2026-05-19 01:54:13.655011,Walmart,0,2.14
1294,377,19,2026-05-20 05:35:26.655014,Walmart,0,0.38
1295,289,72,2026-05-24 01:38:04.655017,Amazon,0,1.44
1296,437,146,2026-05-20 16:08:54.655021,Target,0,2.92
1297,662,140,2026-05-22 02:02:11.655024,Walmart,0,2.8
1298,277,49,2026-05-25 09:55:34.655027,Amazon,0,0.98
1299,710,78,2026-05-19 11:19:48.655031,Target,0,1.56
1300,582,120,2026-05-20 09:19:05.655034,Target,0,2.4
1301,503,43,2026-05-19 16:27:53.655037,Amazon,0,0.86
1302,624,109,2026-05-18 23:50:24.655041,BestBuy,0,2.18
1303,516,8,2026-05-22 19:12:25.655044,Amazon,0,0.16
1304,350,70,2026-05-25 06:16:01.655047,Amazon,0,1.4
1305,843,107,2026-05-19 04:52:06.655050,BestBuy,0,2.14
1306,446,186,2026-05-19 04:47:26.655054,Amazon,0,3.72
1307,830,80,2026-05-19 20:02:43.655057,Amazon,0,1.6
1308,350,76,2026-05-21 11:10:40.655060,Amazon,0,1.52
1309,607,404,2026-05-24 14:08:39.655064,Walmart,0,8.08
1310,664,147,2026-05-22 22:59:15.655067,Amazon,0,2.94
1311,823,59,2026-05-21 15:11:28.655070,Amazon,0,1.18
1312,137,105,2026-05-20 16:34:16.655073,Target,0,2.1
1313,759,40,2026-05-25 03:04:04.655077,Target,0,0.8
1314,899,241,2026-05-21 00:47:13.655080,Target,0,4.82
1315,243,57,2026-05-21 17:47:03.655083,Amazon,0,1.14
1316,543,77,2026-05-22 16:13:13.655087,BestBuy,0,1.54
1317,40,62,2026-05-24 20:23:56.655090,Amazon,0,1.24
1318,229,46,2026-05-20 19:55:22.655094,Walmart,0,0.92
1319,548,143,2026-05-20 05:21:15.655097,Walmart,0,2.86
1320,920,29,2026-05-20 08:20:21.655100,Walmart,0,0.58
1321,223,105,2026-05-19 03:06:03.655104,Walmart,0,2.1
1322,6,50,2026-05-19 03:57:55.655107,Amazon,0,1.0
1323,322,109,2026-05-19 20:48:26.655110,Target,0,2.18
1324,468,42,2026-05-22 00:12:46.655114,Amazon,0,0.84
1325,732,261,2026-05-24 15:41:32.655117,Amazon,0,5.22
1326,75,78,2026-05-24 23:20:37.655120,Amazon,0,1.56
1327,4,226,2026-05-25 00:49:00.655124,Amazon,0,4.52
1328,847,188,2026-05-22 01:06:07.655127,BestBuy,0,3.76
1329,646,134,2026-05-24 17:32:12.655130,Target,0,2.68
1330,118,101,2026-05-19 18:39:55.655134,Target,0,2.02
1331,881,59,2026-05-24 23:10:55.655137,Walmart,0,1.18
1332,606,139,2026-05-20 14:17:24.655141,Amazon,0,2.78
1333,504,20,2026-05-25 19:06:00.655144,Walmart,0,0.4
1334,998,90,2026-05-24 11:13:38.655147,Target,0,1.8
1335,947,45,2026-05-21 16:04:06.655151,Target,0,0.9
1336,574,109,2026-05-22 17:45:21.655154,Walmart,0,2.18
1337,441,118,2026-05-25 13:14:39.655157,Target,0,2.36
1338,194,221,2026-05-25 06:49:23.655161,Target,0,4.42
1339,847,211,2026-05-24 16:46:03.655167,BestBuy,1,42.2
1340,715,55,2026-05-20 11:53:34.655172,Amazon,0,1.1
1341,392,172,2026-05-21 21:03:21.655175,Amazon,0,3.44
1342,26,77,2026-05-22 16:40:35.655178,Target,0,1.54
1343,435,42,2026-05-24 07:22:05.655181,Target,0,0.84
1344,173,207,2026-05-20 14:05:51.655184,BestBuy,1,41.4
1345,300,55,2026-05-20 17:16:50.655187,Walmart,0,1.1
1346,645,47,2026-05-21 22:57:52.655190,BestBuy,0,0.94
1347,326,109,2026-05-21 07:25:29.655194,BestBuy,0,2.18
1348,410,87,2026-05-25 04:44:13.655197,Walmart,0,1.74
1349,118,9,2026-05-22 16:22:24.655200,Target,0,0.18
1350,836,104,2026-05-21 08:12:52.655203,Amazon,0,2.08
1351,787,109,2026-05-25 09:37:03.655206,BestBuy,0,2.18
1352,724,69,2026-05-21 15:56:15.655209,BestBuy,0,1.38
1353,225,192,2026-05-24 19:41:55.655212,Amazon,0,3.84
1354,532,152,2026-05-22 12:09:02.655215,BestBuy,0,3.04
1355,113,209,2026-05-19 10:52:46.655218,Walmart,0,4.18
1356,140,28,2026-05-19 23:58:41.655221,Amazon,0,0.56
1357,559,128,2026-05-23 02:16:20.655225,Amazon,0,2.56
1358,1,126,2026-05-21 05:29:59.655228,Walmart,0,2.52
1359,90,61,2026-05-22 15:21:25.655231,Walmart,0,1.22
1360,654,40,2026-05-24 10:40:08.655234,Amazon,0,0.8
1361,320,159,2026-05-20 08:50:43.655237,Walmart,0,3.18
1362,550,79,2026-05-23 20:30:29.655240,BestBuy,0,1.58
1363,805,241,2026-05-24 14:37:53.655243,Target,0,4.82
1364,894,224,2026-05-22 10:23:40.655246,BestBuy,1,44.8
1365,139,30,2026-05-24 06:47:48.655249,Walmart,0,0.6
1366,511,82,2026-05-23 03:19:47.655252,BestBuy,0,1.64
1367,868,105,2026-05-23 20:10:19.655255,Target,0,2.1
1368,845,33,2026-05-20 01:56:10.655258,Target,0,0.66
1369,259,123,2026-05-25 04:06:19.655261,Target,0,2.46
1370,673,125,2026-05-23 16:26:00.655264,Walmart,0,2.5
1371,902,136,2026-05-22 14:30:26.655267,Walmart,0,2.72
1372,690,104,2026-05-24 14:41:29.655270,Walmart,0,2.08
1373,10,74,2026-05-23 02:45:07.655273,Target,0,1.48
1374,261,89,2026-05-22 10:38:45.655276,Walmart,0,1.78
1375,919,34,2026-05-19 17:06:50.655279,Amazon,0,0.68
1376,650,133,2026-05-21 06:18:05.655282,BestBuy,0,2.66
1377,172,16,2026-05-24 12:25:55.655285,BestBuy,0,0.32
1378,898,88,2026-05-19 06:03:07.655288,Amazon,0,1.76
1379,13,141,2026-05-23 20:05:06.655291,Walmart,0,2.82
1380,168,133,2026-05-25 08:16:57.655294,BestBuy,0,2.66
1381,642,160,2026-05-23 11:26:37.655303,Target,0,3.2
1382,596,109,2026-05-19 07:32:15.655306,BestBuy,0,2.18
1383,321,45,2026-05-23 18:41:43.655309,BestBuy,0,0.9
1384,319,71,2026-05-21 12:53:15.655312,BestBuy,0,1.42
1385,613,124,2026-05-24 15:53:06.655315,Walmart,0,2.48
1386,329,8,2026-05-24 14:34:53.655318,Amazon,0,0.16
1387,785,188,2026-05-23 03:32:41.655321,BestBuy,0,3.76
1388,777,168,2026-05-24 00:25:22.655324,Target,0,3.36
1389,971,32,2026-05-19 12:50:32.655347,BestBuy,0,0.64
1390,911,71,2026-05-24 10:13:16.655352,Walmart,0,1.42
1391,920,40,2026-05-19 03:36:23.655355,Walmart,0,0.8
1392,550,53,2026-05-23 14:06:52.655358,Target,0,1.06
1393,419,27,2026-05-20 21:42:38.655361,BestBuy,0,0.54
1394,606,101,2026-05-21 18:51:39.655364,BestBuy,0,2.02
1395,95,121,2026-05-20 12:21:03.655368,Target,0,2.42
1396,817,78,2026-05-22 21:21:31.655371,Amazon,0,1.56
1397,581,131,2026-05-24 21:03:35.655374,Walmart,0,2.62
1398,318,120,2026-05-24 16:10:28.655377,Amazon,0,2.4
1399,956,217,2026-05-23 04:31:14.655380,Amazon,0,4.34
1400,236,156,2026-05-20 09:54:42.655383,BestBuy,0,3.12
1401,946,73,2026-05-24 23:53:34.655386,Target,0,1.46
1402,334,176,2026-05-25 04:45:25.655390,Walmart,0,3.52
1403,885,156,2026-05-22 02:16:39.655393,Amazon,0,3.12
1404,376,233,2026-05-20 10:31:26.655396,Amazon,0,4.66
1405,459,32,2026-05-20 21:07:56.655399,BestBuy,0,0.64
1406,137,35,2026-05-21 11:45:09.655402,BestBuy,0,0.7
1407,930,25,2026-05-19 12:06:28.655406,BestBuy,0,0.5
1408,588,28,2026-05-20 19:31:15.655409,Target,0,0.56
1409,995,99,2026-05-19 10:33:05.655412,Walmart,0,1.98
1410,547,191,2026-05-20 22:28:08.655415,Walmart,0,3.82
1411,513,67,2026-05-22 07:36:14.655418,BestBuy,0,1.34
1412,296,12,2026-05-20 05:59:05.655421,Amazon,0,0.24
1413,320,11,2026-05-24 17:11:04.655425,BestBuy,0,0.22
1414,918,167,2026-05-23 22:04:28.655428,BestBuy,0,3.34
1415,572,20,2026-05-23 21:04:42.655431,Target,0,0.4
1416,832,32,2026-05-20 01:15:43.655434,BestBuy,0,0.64
1417,349,170,2026-05-23 21:21:31.655437,Walmart,0,3.4
1418,840,57,2026-05-19 01:32:39.655440,BestBuy,0,1.14
1419,779,105,2026-05-20 11:44:49.655443,Walmart,0,2.1
1420,873,63,2026-05-25 00:54:24.655446,Amazon,0,1.26
1421,229,138,2026-05-25 21:36:32.655449,Walmart,0,2.76
1422,270,54,2026-05-19 20:16:59.655453,Walmart,0,1.08
1423,828,210,2026-05-21 19:25:51.655456,BestBuy,1,42.0
1424,798,60,2026-05-25 06:33:28.655461,Walmart,0,1.2
1425,291,2,2026-05-21 12:37:03.655465,Walmart,0,0.04
1426,725,77,2026-05-20 22:59:50.655468,Amazon,0,1.54
1427,165,155,2026-05-22 09:10:48.655471,Walmart,0,3.1
1428,5,188,2026-05-21 11:17:13.655474,Walmart,0,3.76
1429,851,87,2026-05-22 09:42:49.655477,BestBuy,0,1.74
1430,379,47,2026-05-21 20:17:19.655480,Target,0,0.94
1431,78,31,2026-05-21 10:59:10.655483,BestBuy,0,0.62
1432,410,41,2026-05-20 12:19:11.655486,Amazon,0,0.82
1433,574,205,2026-05-19 22:44:43.655489,BestBuy,1,41.0
1434,132,146,2026-05-20 07:27:09.655493,Walmart,0,2.92
1435,601,41,2026-05-21 03:49:57.655496,Target,0,0.82
1436,749,131,2026-05-25 11:45:33.655499,BestBuy,0,2.62
1437,42,151,2026-05-20 13:56:36.655502,BestBuy,0,3.02
1438,89,177,2026-05-22 10:49:39.655505,Amazon,0,3.54
1439,402,115,2026-05-20 16:45:32.655508,Walmart,0,2.3
1440,296,92,2026-05-21 16:25:35.655511,BestBuy,0,1.84
1441,840,113,2026-05-20 14:23:05.655514,BestBuy,0,2.26
1442,295,90,2026-05-23 17:04:56.655518,Target,0,1.8
1443,616,101,2026-05-21 01:27:03.655521,Amazon,0,2.02
1444,526,118,2026-05-23 00:16:30.655524,Walmart,0,2.36
1445,800,53,2026-05-24 22:34:57.655527,BestBuy,0,1.06
1446,691,114,2026-05-22 07:03:01.655530,Target,0,2.28
1447,637,71,2026-05-25 17:45:11.655533,BestBuy,0,1.42
1448,422,36,2026-05-22 06:09:40.655536,BestBuy,0,0.72
1449,865,110,2026-05-20 10:18:15.655539,Amazon,0,2.2
1450,23,53,2026-05-24 08:10:38.655542,Target,0,1.06
1451,575,59,2026-05-21 02:00:07.655545,Target,0,1.18
1452,143,137,2026-05-24 17:41:52.655549,Walmart,0,2.74
1453,993,93,2026-05-19 06:42:20.655552,BestBuy,0,1.86
1454,665,173,2026-05-21 21:15:56.655555,Target,0,3.46
1455,145,192,2026-05-21 03:07:12.655558,BestBuy,0,3.84
1456,225,174,2026-05-20 17:35:32.655562,BestBuy,0,3.48
1457,503,103,2026-05-21 00:26:02.655565,Walmart,0,2.06
1458,962,77,2026-05-22 07:05:19.655568,Walmart,0,1.54
1459,974,180,2026-05-22 05:08:42.655571,Target,0,3.6
1460,821,73,2026-05-19 08:40:13.655574,BestBuy,0,1.46
1461,616,55,2026-05-21 18:14:32.655577,Target,0,1.1
1462,104,3,2026-05-22 23:25:06.655580,BestBuy,0,0.06
1463,947,80,2026-05-25 06:17:59.655583,Target,0,1.6
1464,39,25,2026-05-25 05:04:55.655587,Target,0,0.5
1465,947,81,2026-05-21 08:27:23.655590,BestBuy,0,1.62
1466,198,34,2026-05-23 13:26:07.655593,Amazon,0,0.68
1467,646,232,2026-05-22 13:10:47.655596,Walmart,0,4.64
1468,579,21,2026-05-23 01:25:55.655599,BestBuy,0,0.42
1469,391,20,2026-05-19 04:57:42.655602,Target,0,0.4
1470,179,14,2026-05-20 19:15:04.655605,Amazon,0,0.28
1471,968,52,2026-05-25 17:17:30.655609,Target,0,1.04
1472,554,40,2026-05-19 07:07:32.655612,Amazon,0,0.8
1473,448,170,2026-05-24 12:04:32.655615,BestBuy,0,3.4
1474,500,122,2026-05-21 23:37:20.655618,Walmart,0,2.44
1475,15,14,2026-05-23 20:41:37.655621,Target,0,0.28
1476,623,164,2026-05-19 14:11:35.655624,Amazon,0,3.28
1477,669,51,2026-05-21 10:08:56.655628,Amazon,0,1.02
1478,289,71,2026-05-21 03:49:09.655631,Walmart,0,1.42
1479,478,9,2026-05-20 03:12:16.655634,Target,0,0.18
1480,231,152,2026-05-20 18:50:16.655637,BestBuy,0,3.04
1481,923,38,2026-05-21 00:08:07.655640,BestBuy,0,0.76
1482,420,261,2026-05-21 20:43:43.655643,Target,0,5.22
1483,157,47,2026-05-23 15:37:01.655646,Walmart,0,0.94
1484,550,160,2026-05-23 02:20:23.655649,Walmart,0,3.2
1485,441,33,2026-05-22 04:08:48.655652,Walmart,0,0.66
1486,97,48,2026-05-19 11:33:00.655656,Amazon,0,0.96
1487,997,56,2026-05-23 14:13:51.655659,Amazon,0,1.12
1488,411,54,2026-05-22 21:25:39.655662,Walmart,0,1.08
1489,951,38,2026-05-20 01:35:02.655665,Target,0,0.76
1490,289,27,2026-05-25 03:37:47.655668,BestBuy,0,0.54
1491,254,53,2026-05-20 06:34:45.655672,Amazon,0,1.06
1492,196,58,2026-05-25 02:05:01.655675,Walmart,0,1.16
1493,598,109,2026-05-22 12:33:15.655678,Amazon,0,2.18
1494,834,55,2026-05-22 08:12:45.655681,Amazon,0,1.1
1495,522,40,2026-05-19 04:13:42.655684,Walmart,0,0.8
1496,517,58,2026-05-20 10:19:51.655687,Target,0,1.16
1497,635,26,2026-05-19 09:38:15.655690,BestBuy,0,0.52
1498,842,14,2026-05-19 04:36:20.655693,Target,0,0.28
1499,865,137,2026-05-23 17:57:32.655697,Amazon,0,2.74
1500,118,123,2026-05-24 14:14:48.655700,Target,0,2.46
1501,806,46,2026-05-21 12:13:04.655703,Target,0,0.92
1502,909,97,2026-05-24 10:03:26.655706,BestBuy,0,1.94
1503,159,20,2026-05-25 18:11:26.655709,Walmart,0,0.4
1504,815,30,2026-05-20 18:34:32.655712,Walmart,0,0.6
1505,228,70,2026-05-25 12:26:17.655715,Walmart,0,1.4
1506,877,148,2026-05-22 21:52:45.655718,Target,0,2.96
1507,216,324,2026-05-24 00:19:19.655721,Target,0,6.48
1508,948,95,2026-05-25 12:33:25.655724,BestBuy,0,1.9
1509,696,99,2026-05-20 22:48:03.655728,Walmart,0,1.98
1510,15,85,2026-05-20 04:11:31.655734,BestBuy,0,1.7
1511,157,51,2026-05-25 10:14:24.655738,BestBuy,0,1.02
1512,648,178,2026-05-20 00:13:37.655741,Target,0,3.56
1513,261,16,2026-05-21 16:25:23.655744,Walmart,0,0.32
1514,157,71,2026-05-20 19:01:06.655747,Amazon,0,1.42
1515,47,131,2026-05-19 18:50:43.655750,Amazon,0,2.62
1516,324,88,2026-05-24 00:49:48.655753,Target,0,1.76
1517,844,24,2026-05-21 16:27:33.655757,Target,0,0.48
1518,685,18,2026-05-22 03:57:53.655760,Target,0,0.36
1519,130,71,2026-05-19 15:04:40.655763,Target,0,1.42
1520,411,15,2026-05-24 06:22:13.655766,Amazon,0,0.3
1521,95,237,2026-05-24 08:16:56.655769,Walmart,0,4.74
1522,627,83,2026-05-25 12:43:43.655772,BestBuy,0,1.66
1523,755,125,2026-05-19 23:11:31.655775,Amazon,0,2.5
1524,932,161,2026-05-25 12:27:12.655779,Walmart,0,3.22
1525,292,80,2026-05-20 02:57:46.655782,Target,0,1.6
1526,794,116,2026-05-22 07:34:24.655785,BestBuy,0,2.32
1527,811,82,2026-05-25 00:45:29.655788,Walmart,0,1.64
1528,283,77,2026-05-19 21:07:02.655791,Walmart,0,1.54
1529,69,85,2026-05-25 15:23:43.655794,BestBuy,0,1.7
1530,660,457,2026-05-20 03:17:40.655797,Walmart,0,9.14
1531,11,146,2026-05-21 08:11:45.655800,Walmart,0,2.92
1532,254,386,2026-05-20 21:42:23.655803,BestBuy,1,77.2
1533,842,82,2026-05-23 02:38:42.655807,BestBuy,0,1.64
1534,872,235,2026-05-25 17:46:27.655810,Amazon,0,4.7
1535,550,37,2026-05-21 18:27:21.655813,Target,0,0.74
1536,134,154,2026-05-20 18:36:39.655817,Target,0,3.08
1537,712,17,2026-05-20 09:19:05.655820,Walmart,0,0.34
1538,23,50,2026-05-20 11:17:48.655823,Target,0,1.0
1539,815,72,2026-05-25 15:44:45.655826,Amazon,0,1.44
1540,346,8,2026-05-20 04:41:45.655829,Walmart,0,0.16
1541,302,52,2026-05-24 17:55:41.655832,Target,0,1.04
1542,363,195,2026-05-19 17:54:26.655835,Target,0,3.9
1543,396,142,2026-05-24 21:08:17.655838,Walmart,0,2.84
1544,218,31,2026-05-24 03:17:24.655841,BestBuy,0,0.62
1545,141,133,2026-05-19 21:44:15.655844,Amazon,0,2.66
1546,616,146,2026-05-19 12:20:07.655847,Walmart,0,2.92
1547,958,121,2026-05-20 18:21:45.655850,Walmart,0,2.42
1548,210,115,2026-05-24 01:52:27.655853,Target,0,2.3
1549,985,67,2026-05-24 01:45:55.655857,BestBuy,0,1.34
1550,993,172,2026-05-20 11:37:51.655860,Target,0,3.44
1551,623,159,2026-05-19 00:35:31.655863,Walmart,0,3.18
1552,616,223,2026-05-23 23:30:50.655866,Walmart,0,4.46
1553,828,178,2026-05-22 18:19:39.655869,Target,0,3.56
1554,683,29,2026-05-21 18:17:18.655872,BestBuy,0,0.58
1555,460,68,2026-05-23 09:48:03.655875,Walmart,0,1.36
1556,356,1,2026-05-21 14:34:01.655878,Amazon,0,0.02
1557,324,32,2026-05-23 11:59:24.655881,BestBuy,0,0.64
1558,133,41,2026-05-22 10:20:40.655884,Walmart,0,0.82
1559,888,55,2026-05-19 01:51:46.655887,BestBuy,0,1.1
1560,805,205,2026-05-24 02:21:44.655890,BestBuy,1,41.0
1561,840,129,2026-05-19 17:22:07.655893,Amazon,0,2.58
1562,127,167,2026-05-23 15:55:18.655896,Walmart,0,3.34
1563,106,150,2026-05-19 13:58:55.655899,BestBuy,0,3.0
1564,604,57,2026-05-24 15:08:51.655902,Walmart,0,1.14
1565,799,171,2026-05-22 07:00:44.655905,Walmart,0,3.42
1566,378,53,2026-05-24 10:22:38.655908,BestBuy,0,1.06
1567,905,229,2026-05-20 02:57:05.655911,Target,0,4.58
1568,51,49,2026-05-25 07:32:12.655914,BestBuy,0,0.98
1569,29,142,2026-05-19 03:26:34.655917,Target,0,2.84
1570,462,101,2026-05-25 13:38:10.655920,Target,0,2.02
1571,296,15,2026-05-25 05:07:56.655923,Target,0,0.3
1572,297,52,2026-05-21 14:09:35.655926,Target,0,1.04
1573,726,82,2026-05-19 23:38:40.655929,BestBuy,0,1.64
1574,779,42,2026-05-20 11:06:46.655932,Target,0,0.84
1575,407,64,2026-05-21 14:15:25.655935,Walmart,0,1.28
1576,769,176,2026-05-19 11:03:26.655938,BestBuy,0,3.52
1577,814,53,2026-05-20 01:16:28.655941,Amazon,0,1.06
1578,613,16,2026-05-23 15:45:36.655944,Target,0,0.32
1579,405,7,2026-05-21 09:08:05.655947,BestBuy,0,0.14
1580,346,78,2026-05-21 19:11:32.655950,Target,0,1.56
1581,622,79,2026-05-23 11:25:03.655953,Walmart,0,1.58
1582,420,342,2026-05-19 03:45:14.655956,Target,0,6.84
1583,182,94,2026-05-19 18:04:57.655959,BestBuy,0,1.88
1584,983,83,2026-05-21 13:44:38.655962,Walmart,0,1.66
1585,825,58,2026-05-20 21:20:40.655965,Target,0,1.16
1586,1,80,2026-05-23 16:22:46.655972,Amazon,0,1.6
1587,831,234,2026-05-19 04:18:19.655976,Target,0,4.68
1588,950,234,2026-05-25 22:16:46.655979,Target,0,4.68
1589,567,106,2026-05-23 19:22:40.655982,Walmart,0,2.12
1590,371,26,2026-05-25 00:30:42.655985,Target,0,0.52
1591,936,88,2026-05-22 13:39:45.655988,BestBuy,0,1.76
1592,911,19,2026-05-23 01:03:32.655991,BestBuy,0,0.38
1593,661,152,2026-05-22 22:13:11.655994,Walmart,0,3.04
1594,431,59,2026-05-22 03:04:48.656000,BestBuy,0,1.18
1595,969,10,2026-05-18 23:20:48.656003,Amazon,0,0.2
1596,309,43,2026-05-24 16:32:28.656006,Target,0,0.86
1597,137,113,2026-05-20 09:09:31.656009,Walmart,0,2.26
1598,202,189,2026-05-22 22:04:36.656012,BestBuy,0,3.78
1599,436,91,2026-05-21 07:49:54.656016,Amazon,0,1.82
1600,313,134,2026-05-25 21:04:21.656018,Amazon,0,2.68
1601,117,179,2026-05-22 11:27:02.656021,Walmart,0,3.58
1602,666,129,2026-05-20 17:33:23.656024,Walmart,0,2.58
1603,937,131,2026-05-19 21:38:23.656027,BestBuy,0,2.62
1604,803,71,2026-05-24 10:41:47.656030,Target,0,1.42
1605,575,84,2026-05-19 11:17:47.656033,Amazon,0,1.68
1606,244,86,2026-05-20 13:20:22.656036,Amazon,0,1.72
1607,537,22,2026-05-21 21:33:33.656039,Walmart,0,0.44
1608,602,86,2026-05-23 19:19:08.656042,Amazon,0,1.72
1609,75,45,2026-05-19 21:00:32.656045,Walmart,0,0.9
1610,806,76,2026-05-23 18:02:13.656048,Target,0,1.52
1611,386,146,2026-05-22 23:40:25.656051,Walmart,0,2.92
1612,903,39,2026-05-22 17:06:40.656054,Target,0,0.78
1613,210,99,2026-05-22 17:29:08.656058,BestBuy,0,1.98
1614,475,116,2026-05-24 21:42:25.656061,Walmart,0,2.32
1615,418,123,2026-05-22 06:51:44.656064,BestBuy,0,2.46
1616,347,57,2026-05-19 18:24:56.656067,Target,0,1.14
1617,529,119,2026-05-20 13:27:16.656070,Amazon,0,2.38
1618,640,207,2026-05-19 14:01:57.656073,BestBuy,1,41.4
1619,939,153,2026-05-21 20:01:34.656076,Walmart,0,3.06
1620,955,91,2026-05-21 05:38:22.656079,Walmart,0,1.82
1621,876,148,2026-05-19 10:41:28.656082,BestBuy,0,2.96
1622,763,8,2026-05-22 09:29:54.656084,BestBuy,0,0.16
1623,179,134,2026-05-20 00:51:35.656088,BestBuy,0,2.68
1624,182,10,2026-05-22 05:36:03.656091,Walmart,0,0.2
1625,664,22,2026-05-20 03:08:08.656094,BestBuy,0,0.44
1626,25,105,2026-05-21 03:10:40.656096,BestBuy,0,2.1
1627,967,65,2026-05-25 09:24:09.656099,Target,0,1.3
1628,180,47,2026-05-22 04:54:11.656102,BestBuy,0,0.94
1629,710,83,2026-05-19 10:23:31.656105,BestBuy,0,1.66
1630,501,37,2026-05-23 15:12:37.656108,Walmart,0,0.74
1631,856,56,2026-05-22 14:46:42.656111,Walmart,0,1.12
1632,161,120,2026-05-25 12:43:37.656114,Amazon,0,2.4
1633,177,6,2026-05-21 03:50:27.656117,Walmart,0,0.12
1634,285,23,2026-05-23 09:20:08.656120,Walmart,0,0.46
1635,63,64,2026-05-21 16:00:02.656123,Walmart,0,1.28
1636,662,221,2026-05-24 09:33:47.656126,Walmart,0,4.42
1637,666,133,2026-05-23 18:27:42.656129,BestBuy,0,2.66
1638,156,115,2026-05-25 15:50:59.656133,Amazon,0,2.3
1639,882,165,2026-05-22 16:05:05.656136,Walmart,0,3.3
1640,469,59,2026-05-25 17:09:26.656138,BestBuy,0,1.18
1641,49,164,2026-05-23 22:53:25.656141,Walmart,0,3.28
1642,967,53,2026-05-21 06:13:19.656145,Amazon,0,1.06
1643,849,105,2026-05-25 16:49:34.656148,Target,0,2.1
1644,84,33,2026-05-20 21:58:59.656150,Target,0,0.66
1645,361,214,2026-05-20 20:19:45.656153,Amazon,0,4.28
1646,689,63,2026-05-20 03:52:36.656156,BestBuy,0,1.26
1647,148,45,2026-05-23 03:38:19.656159,BestBuy,0,0.9
1648,630,126,2026-05-21 04:50:22.656162,Amazon,0,2.52
1649,342,54,2026-05-24 05:41:35.656165,Target,0,1.08
1650,476,45,2026-05-23 18:20:39.656168,Walmart,0,0.9
1651,63,18,2026-05-21 13:31:02.656171,Target,0,0.36
1652,701,115,2026-05-24 20:44:10.656174,Walmart,0,2.3
1653,360,105,2026-05-19 02:29:13.656177,Amazon,0,2.1
1654,561,48,2026-05-23 08:09:33.656180,Amazon,0,0.96
1655,327,29,2026-05-22 05:53:56.656183,Amazon,0,0.58
1656,769,210,2026-05-21 11:47:48.656186,Target,0,4.2
1657,736,192,2026-05-20 03:16:46.656189,Amazon,0,3.84
1658,141,93,2026-05-23 07:42:01.656192,Target,0,1.86
1659,990,209,2026-05-23 04:39:00.656195,BestBuy,1,41.8
1660,215,278,2026-05-24 00:34:00.656198,Walmart,0,5.56
1661,435,122,2026-05-21 10:16:27.656201,Walmart,0,2.44
1662,891,43,2026-05-20 02:33:48.656204,Walmart,0,0.86
1663,952,53,2026-05-24 14:43:46.656207,Amazon,0,1.06
1664,723,33,2026-05-23 04:32:49.656210,Walmart,0,0.66
1665,318,218,2026-05-20 16:39:32.656213,Amazon,0,4.36
1666,32,68,2026-05-23 19:39:21.656216,Target,0,1.36
1667,670,224,2026-05-23 15:36:15.656219,Amazon,0,4.48
1668,285,150,2026-05-23 14:30:25.656222,Walmart,0,3.0
1669,305,120,2026-05-21 20:58:13.656225,Amazon,0,2.4
1670,429,308,2026-05-23 19:16:14.656228,Amazon,0,6.16
1671,477,49,2026-05-24 04:22:43.656231,Target,0,0.98
1672,286,42,2026-05-25 10:12:43.656234,Amazon,0,0.84
1673,144,100,2026-05-23 13:27:17.656237,Walmart,0,2.0
1674,424,166,2026-05-20 08:37:19.656240,Amazon,0,3.32
1675,19,9,2026-05-22 02:02:13.656243,BestBuy,0,0.18
1676,18,149,2026-05-25 00:58:52.656246,Amazon,0,2.98
1677,769,30,2026-05-23 13:22:35.656249,BestBuy,0,0.6
1678,590,4,2026-05-24 09:49:35.656253,Walmart,0,0.08
1679,371,145,2026-05-24 11:05:38.656259,BestBuy,0,2.9
1680,175,296,2026-05-24 19:35:11.656262,BestBuy,1,59.2
1681,194,53,2026-05-22 05:08:58.656265,BestBuy,0,1.06
1682,502,126,2026-05-22 18:18:24.656268,BestBuy,0,2.52
1683,988,202,2026-05-24 03:43:30.656271,BestBuy,1,40.4
1684,113,168,2026-05-19 09:15:06.656274,Amazon,0,3.36
1685,114,131,2026-05-24 20:38:42.656277,Target,0,2.62
1686,222,209,2026-05-20 05:01:55.656280,BestBuy,1,41.8
1687,678,85,2026-05-21 23:24:55.656283,Walmart,0,1.7
1688,947,109,2026-05-24 12:46:33.656286,Walmart,0,2.18
1689,831,17,2026-05-19 20:52:34.656289,Amazon,0,0.34
1690,644,202,2026-05-20 22:11:12.656292,Target,0,4.04
1691,897,11,2026-05-21 20:29:56.656295,Target,0,0.22
1692,264,12,2026-05-19 19:09:39.656298,BestBuy,0,0.24
1693,925,14,2026-05-24 07:37:05.656301,Walmart,0,0.28
1694,55,485,2026-05-22 16:20:15.656304,Walmart,0,9.7
1695,871,70,2026-05-20 20:00:21.656307,Amazon,0,1.4
1696,643,116,2026-05-23 08:28:00.656310,BestBuy,0,2.32
1697,800,121,2026-05-24 00:26:00.656313,Walmart,0,2.42
1698,778,72,2026-05-20 08:35:36.656316,BestBuy,0,1.44
1699,458,130,2026-05-19 17:48:39.656319,Target,0,2.6
1700,979,90,2026-05-22 19:30:58.656322,BestBuy,0,1.8
1701,878,43,2026-05-21 16:06:16.656325,BestBuy,0,0.86
1702,162,125,2026-05-21 01:47:52.656328,Amazon,0,2.5
1703,380,71,2026-05-21 05:25:36.656331,Amazon,0,1.42
1704,993,129,2026-05-19 09:39:49.656334,Target,0,2.58
1705,87,34,2026-05-22 07:21:32.656337,Target,0,0.68
1706,55,85,2026-05-19 19:26:27.656339,BestBuy,0,1.7
1707,476,96,2026-05-25 08:40:32.656343,Walmart,0,1.92
1708,800,262,2026-05-19 18:01:25.656346,BestBuy,1,52.4
1709,178,168,2026-05-19 20:38:49.656349,Target,0,3.36
1710,391,151,2026-05-19 05:01:43.656352,Amazon,0,3.02
1711,349,242,2026-05-20 12:29:32.656355,Amazon,0,4.84
1712,8,59,2026-05-25 01:52:02.656358,Target,0,1.18
1713,833,60,2026-05-20 02:33:11.656361,BestBuy,0,1.2
1714,313,77,2026-05-19 17:55:39.656364,Walmart,0,1.54
1715,759,152,2026-05-22 00:11:18.656368,Amazon,0,3.04
1716,835,76,2026-05-21 09:12:37.656371,BestBuy,0,1.52
1717,984,91,2026-05-20 19:14:14.656374,Walmart,0,1.82
1718,983,229,2026-05-23 17:18:32.656377,Target,0,4.58
1719,443,53,2026-05-21 05:05:28.656380,BestBuy,0,1.06
1720,767,30,2026-05-23 02:58:02.656383,Walmart,0,0.6
1721,328,65,2026-05-23 16:53:15.656386,BestBuy,0,1.3
1722,54,49,2026-05-22 20:34:33.656389,Amazon,0,0.98
1723,761,138,2026-05-20 06:10:27.656392,Target,0,2.76
1724,239,8,2026-05-25 21:54:00.656395,Amazon,0,0.16
1725,229,198,2026-05-25 11:16:45.656398,Amazon,0,3.96
1726,579,50,2026-05-20 14:58:57.656401,BestBuy,0,1.0
1727,51,20,2026-05-25 02:06:05.656404,Target,0,0.4
1728,609,130,2026-05-23 03:01:47.656407,BestBuy,0,2.6
1729,604,237,2026-05-21 21:12:08.656410,Walmart,0,4.74
1730,264,99,2026-05-22 12:44:10.656413,Target,0,1.98
1731,418,16,2026-05-24 06:07:05.656416,Amazon,0,0.32
1732,803,122,2026-05-25 05:37:01.656419,Amazon,0,2.44
1733,96,18,2026-05-21 02:13:02.656422,Amazon,0,0.36
1734,88,51,2026-05-22 06:17:58.656425,BestBuy,0,1.02
1735,78,185,2026-05-22 14:47:57.656428,BestBuy,0,3.7
1736,288,59,2026-05-22 19:41:03.656431,BestBuy,0,1.18
1737,120,88,2026-05-20 08:21:43.656434,Target,0,1.76
1738,814,102,2026-05-20 15:12:15.656437,Target,0,2.04
1739,491,50,2026-05-24 23:53:48.656440,Target,0,1.0
1740,912,123,2026-05-23 11:24:43.656443,Target,0,2.46
1741,452,21,2026-05-23 18:03:11.656446,Walmart,0,0.42
1742,500,169,2026-05-19 10:39:52.656449,Amazon,0,3.38
1743,165,30,2026-05-19 00:28:52.656452,BestBuy,0,0.6
1744,182,42,2026-05-19 20:56:49.656455,BestBuy,0,0.84
1745,469,71,2026-05-24 09:08:34.656459,Walmart,0,1.42
1746,910,120,2026-05-22 07:26:28.656462,Amazon,0,2.4
1747,735,102,2026-05-20 00:07:40.656465,Amazon,0,2.04
1748,823,13,2026-05-24 22:37:38.656468,Walmart,0,0.26
1749,944,58,2026-05-21 23:54:01.656471,Target,0,1.16
1750,978,15,2026-05-21 11:19:24.656474,Amazon,0,0.3
1751,7,206,2026-05-20 17:29:02.656476,Target,0,4.12
1752,330,241,2026-05-21 07:21:35.656479,Walmart,0,4.82
1753,775,60,2026-05-23 12:17:34.656482,BestBuy,0,1.2
1754,673,59,2026-05-23 11:02:06.656485,BestBuy,0,1.18
1755,151,76,2026-05-24 00:54:55.656488,BestBuy,0,1.52
1756,85,195,2026-05-23 21:01:03.656491,BestBuy,0,3.9
1757,147,20,2026-05-22 15:05:48.656493,Amazon,0,0.4
1758,624,77,2026-05-20 02:30:25.656496,Target,0,1.54
1759,381,84,2026-05-20 07:28:40.656499,BestBuy,0,1.68
1760,915,27,2026-05-25 21:03:13.656502,BestBuy,0,0.54
1761,548,3,2026-05-24 17:16:13.656505,BestBuy,0,0.06
1762,285,106,2026-05-21 00:37:21.656508,Walmart,0,2.12
1763,700,71,2026-05-24 06:39:21.656511,Amazon,0,1.42
1764,82,133,2026-05-20 08:24:12.656516,Walmart,0,2.66
1765,514,193,2026-05-25 17:44:58.656519,Target,0,3.86
1766,897,249,2026-05-24 22:01:47.656522,BestBuy,1,49.8
1767,815,143,2026-05-19 22:21:34.656525,Amazon,0,2.86
1768,709,46,2026-05-22 00:22:37.656528,Amazon,0,0.92
1769,916,18,2026-05-23 17:43:03.656531,Amazon,0,0.36
1770,523,41,2026-05-21 03:49:17.656534,Walmart,0,0.82
1771,746,588,2026-05-25 11:50:57.656537,Walmart,0,11.76
1772,386,100,2026-05-23 10:27:27.656540,Walmart,0,2.0
1773,707,42,2026-05-22 10:09:10.656543,Walmart,0,0.84
1774,471,139,2026-05-25 17:42:16.656546,Target,0,2.78
1775,119,110,2026-05-20 03:16:33.656548,BestBuy,0,2.2
1776,396,32,2026-05-19 06:58:38.656551,BestBuy,0,0.64
1777,532,68,2026-05-24 22:55:21.656554,Walmart,0,1.36
1778,261,80,2026-05-23 19:50:27.656558,Walmart,0,1.6
1779,805,60,2026-05-24 22:22:09.656561,Walmart,0,1.2
1780,934,52,2026-05-22 00:31:57.656563,Target,0,1.04
1781,256,100,2026-05-19 17:26:22.656566,Target,0,2.0
1782,734,14,2026-05-19 04:36:34.656569,Amazon,0,0.28
1783,905,132,2026-05-25 17:40:17.656572,BestBuy,0,2.64
1784,226,109,2026-05-25 07:29:05.656575,Walmart,0,2.18
1785,53,45,2026-05-23 23:26:42.656578,Amazon,0,0.9
1786,940,195,2026-05-21 12:15:27.656581,BestBuy,0,3.9
1787,867,149,2026-05-21 11:12:56.656584,Amazon,0,2.98
1788,500,43,2026-05-20 01:53:32.656586,Target,0,0.86
1789,506,123,2026-05-23 20:18:33.656589,Target,0,2.46
1790,854,47,2026-05-23 19:38:44.656592,Amazon,0,0.94
1791,364,77,2026-05-25 20:07:21.656595,Amazon,0,1.54
1792,280,99,2026-05-21 06:49:54.656598,BestBuy,0,1.98
1793,593,42,2026-05-21 12:58:11.656601,Walmart,0,0.84
1794,714,139,2026-05-25 01:17:58.656604,BestBuy,0,2.78
1795,158,85,2026-05-25 01:41:19.656607,BestBuy,0,1.7
1796,632,91,2026-05-25 19:20:14.656610,Target,0,1.82
1797,59,85,2026-05-24 10:17:54.656613,Target,0,1.7
1798,727,163,2026-05-21 05:00:43.656616,Amazon,0,3.26
1799,128,189,2026-05-19 05:49:15.656618,Target,0,3.78
1800,736,236,2026-05-21 03:35:05.656621,BestBuy,1,47.2
1801,721,365,2026-05-25 08:24:57.656624,Amazon,0,7.3
1802,882,30,2026-05-25 18:05:04.656627,Amazon,0,0.6
1803,115,78,2026-05-20 20:19:10.656630,Target,0,1.56
1804,209,84,2026-05-20 14:00:18.656633,Walmart,0,1.68
1805,526,41,2026-05-19 12:13:31.656635,Target,0,0.82
1806,521,26,2026-05-21 01:09:34.656638,Amazon,0,0.52
1807,552,80,2026-05-24 16:00:56.656641,Amazon,0,1.6
1808,962,233,2026-05-22 14:55:09.656644,Walmart,0,4.66
1809,237,39,2026-05-21 07:30:02.656647,BestBuy,0,0.78
1810,281,24,2026-05-23 14:43:05.656650,Amazon,0,0.48
1811,359,97,2026-05-23 05:16:43.656652,Walmart,0,1.94
1812,201,148,2026-05-19 14:14:59.656655,BestBuy,0,2.96
1813,758,73,2026-05-22 16:43:01.656658,Target,0,1.46
1814,278,117,2026-05-24 06:58:08.656661,Walmart,0,2.34
1815,235,103,2026-05-22 18:40:21.656664,BestBuy,0,2.06
1816,494,83,2026-05-24 05:52:56.656667,Amazon,0,1.66
1817,4,28,2026-05-23 22:08:31.656670,Amazon,0,0.56
1818,666,18,2026-05-24 02:10:35.656673,Walmart,0,0.36
1819,442,62,2026-05-24 09:55:56.656676,Target,0,1.24
1820,29,35,2026-05-25 07:20:15.656679,Walmart,0,0.7
1821,109,243,2026-05-19 04:04:36.656681,Amazon,0,4.86
1822,610,143,2026-05-20 11:45:18.656684,BestBuy,0,2.86
1823,727,78,2026-05-25 22:13:17.656687,Target,0,1.56
1824,805,167,2026-05-20 16:05:59.656690,BestBuy,0,3.34
1825,75,160,2026-05-24 23:49:17.656693,Walmart,0,3.2
1826,838,101,2026-05-22 08:33:53.656696,Walmart,0,2.02
1827,146,202,2026-05-25 18:07:31.656699,BestBuy,1,40.4
1828,128,8,2026-05-19 15:17:23.656702,BestBuy,0,0.16
1829,853,170,2026-05-19 17:33:55.656705,BestBuy,0,3.4
1830,42,32,2026-05-21 20:16:44.656708,Walmart,0,0.64
1831,356,125,2026-05-20 14:11:47.656710,BestBuy,0,2.5
1832,41,42,2026-05-19 14:52:07.656713,Amazon,0,0.84
1833,934,261,2026-05-23 14:41:26.656716,BestBuy,1,52.2
1834,34,111,2026-05-20 01:31:29.656719,Amazon,0,2.22
1835,17,123,2026-05-20 13:46:03.656722,Amazon,0,2.46
1836,677,122,2026-05-24 17:49:45.656725,BestBuy,0,2.44
1837,153,297,2026-05-22 05:55:45.656728,Target,0,5.94
1838,998,38,2026-05-21 06:15:50.656731,Target,0,0.76
1839,378,80,2026-05-20 02:04:18.656734,Target,0,1.6
1840,588,226,2026-05-23 08:31:07.656736,Amazon,0,4.52
1841,599,54,2026-05-19 11:47:59.656739,Target,0,1.08
1842,629,91,2026-05-19 16:33:35.656742,Target,0,1.82
1843,874,26,2026-05-19 05:59:55.656745,BestBuy,0,0.52
1844,342,194,2026-05-19 13:31:40.656748,Walmart,0,3.88
1845,981,55,2026-05-20 16:06:23.656751,Amazon,0,1.1
1846,27,101,2026-05-22 09:28:18.656754,Walmart,0,2.02
1847,825,99,2026-05-20 22:56:36.656756,Amazon,0,1.98
1848,287,230,2026-05-21 18:51:26.656759,Amazon,0,4.6
1849,646,27,2026-05-23 05:14:51.656762,Target,0,0.54
1850,731,60,2026-05-25 02:35:44.656768,BestBuy,0,1.2
1851,168,66,2026-05-21 15:19:38.656771,Walmart,0,1.32
1852,610,51,2026-05-25 08:12:47.656774,Walmart,0,1.02
1853,268,100,2026-05-24 22:59:54.656777,Target,0,2.0
1854,749,54,2026-05-25 02:34:32.656780,Walmart,0,1.08
1855,821,131,2026-05-23 18:51:33.656783,Walmart,0,2.62
1856,455,64,2026-05-23 14:01:30.656786,Amazon,0,1.28
1857,906,96,2026-05-22 02:21:12.656789,BestBuy,0,1.92
1858,685,70,2026-05-24 19:56:14.656792,BestBuy,0,1.4
1859,401,211,2026-05-19 11:28:24.656795,Walmart,0,4.22
1860,922,46,2026-05-25 11:40:23.656798,Walmart,0,0.92
1861,981,89,2026-05-20 07:37:00.656801,Amazon,0,1.78
1862,476,26,2026-05-21 11:08:09.656804,Target,0,0.52
1863,702,252,2026-05-24 22:04:00.656807,Amazon,0,5.04
1864,634,134,2026-05-19 03:36:07.656810,Target,0,2.68
1865,558,6,2026-05-21 14:31:47.656812,Target,0,0.12
1866,576,39,2026-05-23 13:49:36.656815,Amazon,0,0.78
1867,130,193,2026-05-21 16:28:18.656818,BestBuy,0,3.86
1868,822,296,2026-05-22 15:44:00.656821,Amazon,0,5.92
1869,363,102,2026-05-24 11:06:23.656824,Target,0,2.04
1870,705,97,2026-05-20 20:58:29.656827,BestBuy,0,1.94
1871,819,50,2026-05-21 00:27:31.656830,BestBuy,0,1.0
1872,693,70,2026-05-24 15:06:10.656833,Amazon,0,1.4
1873,292,98,2026-05-24 06:07:55.656836,BestBuy,0,1.96
1874,371,51,2026-05-19 09:38:51.656838,BestBuy,0,1.02
1875,794,15,2026-05-25 22:13:48.656841,Amazon,0,0.3
1876,29,65,2026-05-20 14:34:17.656844,Walmart,0,1.3
1877,149,145,2026-05-20 00:43:11.656847,BestBuy,0,2.9
1878,779,54,2026-05-22 10:11:50.656850,Amazon,0,1.08
1879,296,151,2026-05-21 06:31:10.656853,Amazon,0,3.02
1880,11,15,2026-05-19 05:42:32.656856,Walmart,0,0.3
1881,512,70,2026-05-23 22:22:55.656859,BestBuy,0,1.4
1882,676,46,2026-05-21 06:00:05.656861,Target,0,0.92
1883,113,58,2026-05-20 13:42:10.656864,Target,0,1.16
1884,187,102,2026-05-20 19:06:49.656867,BestBuy,0,2.04
1885,807,92,2026-05-19 05:24:06.656870,BestBuy,0,1.84
1886,744,1,2026-05-20 19:04:14.656873,Amazon,0,0.02
1887,227,40,2026-05-23 19:34:47.656876,Amazon,0,0.8
1888,310,122,2026-05-22 12:59:15.656879,Target,0,2.44
1889,98,22,2026-05-22 02:54:36.656882,BestBuy,0,0.44
1890,55,111,2026-05-21 06:29:13.656885,Amazon,0,2.22
1891,623,41,2026-05-19 09:24:25.656888,Target,0,0.82
1892,664,98,2026-05-24 05:55:19.656890,Target,0,1.96
1893,758,130,2026-05-22 11:59:54.656893,Walmart,0,2.6
1894,406,87,2026-05-22 17:06:09.656896,BestBuy,0,1.74
1895,69,89,2026-05-20 20:42:53.656899,Walmart,0,1.78
1896,312,55,2026-05-23 06:21:17.656902,Amazon,0,1.1
1897,289,58,2026-05-19 04:05:35.656905,Amazon,0,1.16
1898,762,41,2026-05-20 18:12:51.656908,Target,0,0.82
1899,548,137,2026-05-19 23:06:46.656911,Amazon,0,2.74
1900,751,25,2026-05-21 06:34:40.656914,Walmart,0,0.5
1901,148,79,2026-05-24 23:02:35.656917,BestBuy,0,1.58
1902,467,15,2026-05-25 04:23:09.656920,Target,0,0.3
1903,739,38,2026-05-22 01:25:26.656922,Target,0,0.76
1904,244,56,2026-05-23 00:57:24.656925,Amazon,0,1.12
1905,491,31,2026-05-24 13:59:48.656928,Target,0,0.62
1906,849,57,2026-05-22 16:49:10.656931,Target,0,1.14
1907,958,51,2026-05-25 21:02:56.656934,BestBuy,0,1.02
1908,507,239,2026-05-23 20:50:32.656937,Target,0,4.78
1909,365,165,2026-05-19 13:14:10.656940,BestBuy,0,3.3
1910,482,160,2026-05-23 17:24:49.656943,Walmart,0,3.2
1911,201,46,2026-05-21 18:13:13.656945,Target,0,0.92
1912,154,21,2026-05-25 08:35:48.656948,Walmart,0,0.42
1913,450,12,2026-05-23 07:57:29.656951,BestBuy,0,0.24
1914,501,103,2026-05-24 11:08:02.656954,Target,0,2.06
1915,73,51,2026-05-22 12:33:08.656957,Amazon,0,1.02
1916,713,23,2026-05-19 05:03:53.656960,Amazon,0,0.46
1917,296,151,2026-05-19 06:33:04.656963,Target,0,3.02
1918,17,18,2026-05-24 07:05:01.656966,BestBuy,0,0.36
1919,641,119,2026-05-25 07:14:20.656969,Amazon,0,2.38
1920,217,81,2026-05-20 09:28:32.656972,Walmart,0,1.62
1921,61,69,2026-05-23 22:23:39.656975,BestBuy,0,1.38
1922,939,142,2026-05-23 17:09:41.656978,BestBuy,0,2.84
1923,616,60,2026-05-24 01:04:36.656981,Target,0,1.2
1924,42,31,2026-05-19 04:42:24.656984,Walmart,0,0.62
1925,25,204,2026-05-21 09:59:12.656986,BestBuy,1,40.8
1926,39,47,2026-05-22 07:52:22.656989,Target,0,0.94
1927,803,56,2026-05-19 06:08:37.656992,Walmart,0,1.12
1928,131,67,2026-05-22 22:59:25.656995,BestBuy,0,1.34
1929,498,29,2026-05-19 10:25:30.656998,Amazon,0,0.58
1930,229,227,2026-05-22 07:12:54.657001,Walmart,0,4.54
1931,108,67,2026-05-19 20:09:49.657004,BestBuy,0,1.34
1932,172,140,2026-05-20 14:02:55.657007,Walmart,0,2.8
1933,435,37,2026-05-25 00:30:15.657010,Amazon,0,0.74
1934,478,86,2026-05-23 02:49:45.657015,BestBuy,0,1.72
1935,102,155,2026-05-19 13:44:10.657019,Amazon,0,3.1
1936,866,73,2026-05-24 20:19:28.657022,Target,0,1.46
1937,524,49,2026-05-21 08:14:09.657025,Target,0,0.98
1938,275,57,2026-05-25 11:47:58.657027,BestBuy,0,1.14
1939,613,28,2026-05-20 17:01:23.657030,BestBuy,0,0.56
1940,44,32,2026-05-25 16:45:23.657033,Walmart,0,0.64
1941,955,168,2026-05-22 18:18:23.657036,BestBuy,0,3.36
1942,817,15,2026-05-21 21:19:37.657039,Target,0,0.3
1943,957,51,2026-05-24 11:21:07.657042,BestBuy,0,1.02
1944,17,179,2026-05-23 17:14:10.657045,Walmart,0,3.58
1945,330,8,2026-05-19 07:11:10.657048,Target,0,0.16
1946,569,29,2026-05-23 03:32:18.657051,BestBuy,0,0.58
1947,823,169,2026-05-22 08:52:28.657054,Amazon,0,3.38
1948,497,194,2026-05-21 10:01:28.657057,Amazon,0,3.88
1949,815,114,2026-05-21 04:45:37.657060,Amazon,0,2.28
1950,12,47,2026-05-22 09:22:08.657063,Amazon,0,0.94
1951,318,102,2026-05-19 00:22:11.657066,Walmart,0,2.04
1952,592,186,2026-05-23 12:30:43.657069,Amazon,0,3.72
1953,216,65,2026-05-21 14:41:02.657071,Amazon,0,1.3
1954,339,175,2026-05-21 03:02:16.657074,BestBuy,0,3.5
1955,776,484,2026-05-22 20:36:17.657078,Amazon,0,9.68
1956,991,118,2026-05-21 01:24:33.657081,Amazon,0,2.36
1957,661,98,2026-05-20 17:36:59.657084,BestBuy,0,1.96
1958,81,47,2026-05-21 16:37:23.657087,Target,0,0.94
1959,727,18,2026-05-19 10:50:02.657089,Walmart,0,0.36
1960,485,36,2026-05-19 03:30:23.657092,Walmart,0,0.72
1961,374,100,2026-05-25 15:29:51.657094,Target,0,2.0
1962,976,11,2026-05-21 03:27:10.657097,BestBuy,0,0.22
1963,710,205,2026-05-23 07:45:27.657100,Target,0,4.1
1964,200,174,2026-05-19 02:51:17.657103,Walmart,0,3.48
1965,537,203,2026-05-25 13:30:52.657105,Walmart,0,4.06
1966,466,86,2026-05-23 03:54:15.657108,Target,0,1.72
1967,89,29,2026-05-22 01:07:08.657111,Amazon,0,0.58
1968,268,186,2026-05-20 04:31:26.657114,Walmart,0,3.72
1969,655,36,2026-05-21 13:08:37.657116,Target,0,0.72
1970,571,4,2026-05-22 21:40:02.657119,Amazon,0,0.08
1971,922,33,2026-05-21 14:26:10.657122,Amazon,0,0.66
1972,489,52,2026-05-21 08:55:20.657125,BestBuy,0,1.04
1973,877,64,2026-05-19 04:42:17.657127,Target,0,1.28
1974,538,45,2026-05-23 02:34:30.657130,Walmart,0,0.9
1975,47,132,2026-05-24 00:12:18.657133,BestBuy,0,2.64
1976,288,68,2026-05-22 06:07:38.657136,Walmart,0,1.36
1977,778,36,2026-05-21 03:29:05.657138,Amazon,0,0.72
1978,16,300,2026-05-19 03:37:43.657141,Target,0,6.0
1979,711,88,2026-05-19 13:18:11.657144,Amazon,0,1.76
1980,401,83,2026-05-19 17:08:42.657146,Amazon,0,1.66
1981,919,178,2026-05-19 03:04:49.657149,Amazon,0,3.56
1982,794,34,2026-05-23 10:27:34.657152,Target,0,0.68
1983,981,268,2026-05-19 13:12:01.657155,BestBuy,1,53.6
1984,86,96,2026-05-21 19:48:54.657157,Walmart,0,1.92
1985,250,48,2026-05-24 07:09:47.657160,Amazon,0,0.96
1986,391,225,2026-05-24 23:26:24.657163,Walmart,0,4.5
1987,782,90,2026-05-25 06:33:55.657165,Walmart,0,1.8
1988,335,133,2026-05-24 03:20:17.657168,BestBuy,0,2.66
1989,629,10,2026-05-19 03:12:07.657171,Target,0,0.2
1990,519,14,2026-05-21 17:26:50.657174,Walmart,0,0.28
1991,137,64,2026-05-23 08:33:32.657176,BestBuy,0,1.28
1992,883,68,2026-05-23 09:38:58.657179,Walmart,0,1.36
1993,688,185,2026-05-21 11:32:47.657182,Amazon,0,3.7
1994,840,22,2026-05-25 18:17:28.657184,BestBuy,0,0.44
1995,498,237,2026-05-21 01:56:52.657187,Target,0,4.74
1996,827,185,2026-05-24 18:59:08.657190,Target,0,3.7
1997,727,201,2026-05-19 15:52:29.657192,Amazon,0,4.02
1998,477,28,2026-05-21 05:58:27.657195,Amazon,0,0.56
1999,594,114,2026-05-24 04:06:11.657198,Walmart,0,2.28
2000,223,165,2026-05-21 16:25:36.657201,BestBuy,0,3.3
2001,990,101,2026-05-20 02:55:02.657203,BestBuy,0,2.02
2002,372,86,2026-05-20 15:50:48.657206,BestBuy,0,1.72
2003,935,96,2026-05-19 17:04:41.657209,BestBuy,0,1.92
2004,995,50,2026-05-22 08:18:41.657211,Walmart,0,1.0
2005,402,154,2026-05-22 01:32:06.657214,BestBuy,0,3.08
2006,443,195,2026-05-21 01:18:54.657217,BestBuy,0,3.9
2007,490,40,2026-05-20 16:01:46.657220,Target,0,0.8
2008,615,155,2026-05-23 12:26:32.657222,Target,0,3.1
2009,273,41,2026-05-21 16:55:51.657225,Walmart,0,0.82
2010,526,50,2026-05-25 07:57:46.657228,Amazon,0,1.0
2011,159,14,2026-05-21 08:45:02.657231,Target,0,0.28
2012,152,89,2026-05-25 19:45:03.657233,Amazon,0,1.78
2013,995,78,2026-05-24 20:15:30.657236,Walmart,0,1.56
2014,620,53,2026-05-19 17:40:37.657239,Target,0,1.06
2015,188,192,2026-05-22 10:27:37.657242,Target,0,3.84
2016,813,203,2026-05-22 14:38:41.657244,Walmart,0,4.06
2017,98,89,2026-05-24 08:41:56.657247,BestBuy,0,1.78
2018,131,74,2026-05-23 10:19:15.657260,Walmart,0,1.48
2019,805,268,2026-05-21 13:20:06.657266,Amazon,0,5.36
2020,171,76,2026-05-22 00:46:07.657269,Amazon,0,1.52
2021,936,40,2026-05-24 01:51:41.657272,BestBuy,0,0.8
2022,986,60,2026-05-24 18:50:53.657275,Walmart,0,1.2
2023,183,81,2026-05-20 07:33:32.657277,Walmart,0,1.62
2024,983,117,2026-05-23 14:24:07.657280,BestBuy,0,2.34
2025,364,31,2026-05-23 05:42:21.657283,Walmart,0,0.62
2026,39,39,2026-05-21 17:16:36.657286,Target,0,0.78
2027,527,148,2026-05-25 22:42:48.657289,Walmart,0,2.96
2028,888,26,2026-05-24 00:08:56.657292,Target,0,0.52
2029,497,135,2026-05-20 01:29:16.657294,Walmart,0,2.7
2030,516,61,2026-05-22 08:59:53.657297,Target,0,1.22
2031,349,13,2026-05-24 22:36:00.657300,Amazon,0,0.26
2032,982,84,2026-05-25 07:10:28.657302,BestBuy,0,1.68
2033,921,78,2026-05-24 02:23:36.657305,Amazon,0,1.56
2034,397,179,2026-05-21 08:37:04.657308,Target,0,3.58
2035,722,96,2026-05-24 19:59:37.657311,BestBuy,0,1.92
2036,161,164,2026-05-20 21:47:26.657313,Amazon,0,3.28
2037,16,139,2026-05-23 20:51:42.657316,Amazon,0,2.78
2038,493,227,2026-05-25 17:43:36.657319,Target,0,4.54
2039,426,113,2026-05-23 18:29:40.657322,Walmart,0,2.26
2040,108,55,2026-05-22 20:27:02.657324,Walmart,0,1.1
2041,894,188,2026-05-21 09:27:50.657327,Target,0,3.76
2042,450,63,2026-05-22 23:48:09.657330,Amazon,0,1.26
2043,311,250,2026-05-22 20:34:47.657333,Walmart,0,5.0
2044,739,96,2026-05-23 04:15:51.657335,Walmart,0,1.92
2045,170,80,2026-05-24 20:42:08.657343,Amazon,0,1.6
2046,546,176,2026-05-21 07:37:45.657349,Target,0,3.52
2047,414,15,2026-05-23 15:21:44.657351,Target,0,0.3
2048,251,25,2026-05-21 12:50:12.657354,Walmart,0,0.5
2049,759,22,2026-05-18 23:47:05.657357,Target,0,0.44
2050,781,186,2026-05-25 01:07:43.657359,Amazon,0,3.72
2051,141,45,2026-05-22 22:57:09.657362,Target,0,0.9
2052,274,131,2026-05-20 02:32:02.657365,BestBuy,0,2.62
2053,416,53,2026-05-23 13:58:39.657368,Target,0,1.06
2054,608,44,2026-05-20 06:21:14.657371,Target,0,0.88
2055,739,139,2026-05-23 15:26:33.657373,Target,0,2.78
2056,891,152,2026-05-19 16:02:55.657376,BestBuy,0,3.04
2057,39,120,2026-05-19 20:50:33.657379,Amazon,0,2.4
2058,814,87,2026-05-24 01:38:41.657381,Target,0,1.74
2059,29,21,2026-05-23 17:51:28.657384,Walmart,0,0.42
2060,958,40,2026-05-22 14:53:56.657387,Target,0,0.8
2061,477,48,2026-05-20 20:54:02.657390,BestBuy,0,0.96
2062,318,50,2026-05-24 06:18:31.657392,BestBuy,0,1.0
2063,245,144,2026-05-20 23:01:47.657395,Walmart,0,2.88
2064,748,133,2026-05-22 14:58:33.657398,BestBuy,0,2.66
2065,697,117,2026-05-19 09:33:38.657400,BestBuy,0,2.34
2066,272,61,2026-05-19 15:15:57.657403,BestBuy,0,1.22
2067,440,44,2026-05-25 07:58:08.657406,Amazon,0,0.88
2068,748,180,2026-05-21 20:43:26.657408,BestBuy,0,3.6
2069,239,269,2026-05-22 22:32:09.657411,Target,0,5.38
2070,377,108,2026-05-21 21:42:46.657414,Walmart,0,2.16
2071,266,53,2026-05-19 10:21:32.657417,Target,0,1.06
2072,926,141,2026-05-25 09:28:51.657419,Target,0,2.82
2073,921,68,2026-05-24 07:28:58.657422,Walmart,0,1.36
2074,359,84,2026-05-21 19:14:16.657425,Amazon,0,1.68
2075,340,59,2026-05-23 16:51:25.657427,Amazon,0,1.18
2076,389,268,2026-05-24 01:24:02.657430,BestBuy,1,53.6
2077,577,164,2026-05-19 19:42:40.657433,Amazon,0,3.28
2078,990,132,2026-05-22 17:44:26.657435,Amazon,0,2.64
2079,689,12,2026-05-20 04:12:52.657438,BestBuy,0,0.24
2080,3,75,2026-05-20 06:10:21.657441,Amazon,0,1.5
2081,429,120,2026-05-21 06:29:00.657444,Amazon,0,2.4
2082,142,32,2026-05-20 00:08:44.657447,BestBuy,0,0.64
2083,376,129,2026-05-19 17:26:41.657450,Target,0,2.58
2084,670,31,2026-05-23 00:18:57.657453,Target,0,0.62
2085,324,70,2026-05-24 12:50:28.657455,Walmart,0,1.4
2086,146,141,2026-05-19 05:51:29.657458,Amazon,0,2.82
2087,958,91,2026-05-21 15:06:38.657461,BestBuy,0,1.82
2088,293,67,2026-05-23 09:48:28.657464,BestBuy,0,1.34
2089,665,209,2026-05-24 15:19:22.657466,Amazon,0,4.18
2090,432,126,2026-05-21 16:32:00.657469,Amazon,0,2.52
2091,705,128,2026-05-23 09:33:52.657472,BestBuy,0,2.56
2092,949,122,2026-05-19 15:29:51.657474,BestBuy,0,2.44
2093,975,111,2026-05-23 04:12:10.657477,BestBuy,0,2.22
2094,585,130,2026-05-23 04:23:03.657480,Walmart,0,2.6
2095,399,222,2026-05-25 11:25:35.657483,Target,0,4.44
2096,817,144,2026-05-19 04:39:02.657485,BestBuy,0,2.88
2097,889,133,2026-05-21 03:50:41.657488,Target,0,2.66
2098,344,118,2026-05-24 01:44:09.657491,Amazon,0,2.36
2099,964,232,2026-05-22 05:43:39.657494,Target,0,4.64
2100,140,20,2026-05-22 15:23:30.657496,Target,0,0.4
2101,187,45,2026-05-24 02:34:32.657499,Target,0,0.9
2102,805,278,2026-05-22 08:05:29.657502,Amazon,0,5.56
2103,61,76,2026-05-24 04:08:30.657505,Target,0,1.52
2104,997,18,2026-05-24 20:34:54.657510,Target,0,0.36
2105,939,93,2026-05-22 10:07:53.657513,Walmart,0,1.86
2106,380,42,2026-05-23 02:59:20.657515,Amazon,0,0.84
2107,710,116,2026-05-25 01:34:52.657518,Target,0,2.32
2108,807,42,2026-05-23 07:34:38.657521,Amazon,0,0.84
2109,440,177,2026-05-25 07:13:00.657523,BestBuy,0,3.54
2110,319,151,2026-05-19 07:18:08.657526,Target,0,3.02
2111,302,112,2026-05-19 10:43:08.657529,Amazon,0,2.24
2112,344,72,2026-05-19 04:15:45.657531,Target,0,1.44
2113,11,144,2026-05-24 23:06:49.657534,Target,0,2.88
2114,62,167,2026-05-23 11:26:47.657537,BestBuy,0,3.34
2115,845,89,2026-05-23 01:02:00.657540,Walmart,0,1.78
2116,226,62,2026-05-23 20:40:34.657542,Amazon,0,1.24
2117,153,118,2026-05-24 07:54:31.657545,Target,0,2.36
2118,711,78,2026-05-25 17:46:39.657548,BestBuy,0,1.56
2119,564,92,2026-05-24 22:16:17.657551,BestBuy,0,1.84
2120,772,133,2026-05-24 10:32:56.657553,Walmart,0,2.66
2121,571,32,2026-05-21 12:38:14.657556,Walmart,0,0.64
2122,584,162,2026-05-19 04:56:34.657559,BestBuy,0,3.24
2123,660,85,2026-05-20 08:20:52.657561,BestBuy,0,1.7
2124,861,13,2026-05-23 03:38:26.657564,Amazon,0,0.26
2125,575,47,2026-05-24 23:57:53.657567,Amazon,0,0.94
2126,310,33,2026-05-25 07:13:54.657569,BestBuy,0,0.66
2127,885,98,2026-05-24 11:54:00.657572,BestBuy,0,1.96
2128,243,83,2026-05-21 20:34:03.657575,Walmart,0,1.66
2129,493,51,2026-05-19 15:26:03.657577,Amazon,0,1.02
2130,366,332,2026-05-24 21:20:40.657580,BestBuy,1,66.4
2131,330,86,2026-05-24 05:22:12.657583,Amazon,0,1.72
2132,107,72,2026-05-19 20:03:14.657586,Amazon,0,1.44
2133,226,64,2026-05-19 16:43:22.657588,BestBuy,0,1.28
2134,825,272,2026-05-20 03:44:43.657591,BestBuy,1,54.4
2135,218,31,2026-05-22 06:58:00.657594,Target,0,0.62
2136,937,53,2026-05-20 07:56:20.657596,Amazon,0,1.06
2137,753,253,2026-05-22 18:41:21.657599,Amazon,0,5.06
2138,506,102,2026-05-22 05:36:22.657602,Walmart,0,2.04
2139,259,58,2026-05-21 16:40:10.657604,Walmart,0,1.16
2140,888,265,2026-05-25 05:25:38.657607,Walmart,0,5.3
2141,774,115,2026-05-20 03:34:34.657610,Amazon,0,2.3
2142,517,101,2026-05-19 17:47:26.657612,BestBuy,0,2.02
2143,773,40,2026-05-24 17:25:58.657615,BestBuy,0,0.8
2144,54,61,2026-05-24 06:39:36.657618,BestBuy,0,1.22
2145,47,17,2026-05-20 00:36:48.657620,Amazon,0,0.34
2146,727,120,2026-05-24 05:16:01.657623,BestBuy,0,2.4
2147,689,198,2026-05-22 14:36:39.657626,Walmart,0,3.96
2148,521,37,2026-05-21 18:22:46.657629,BestBuy,0,0.74
2149,99,85,2026-05-23 20:28:49.657631,BestBuy,0,1.7
2150,20,74,2026-05-22 18:20:01.657634,Walmart,0,1.48
2151,890,23,2026-05-23 17:18:13.657637,Target,0,0.46
2152,753,173,2026-05-22 04:25:02.657639,Target,0,3.46
2153,573,17,2026-05-24 16:36:00.657642,Target,0,0.34
2154,891,52,2026-05-22 06:16:55.657645,Amazon,0,1.04
2155,490,344,2026-05-20 22:28:36.657647,Amazon,0,6.88
2156,419,137,2026-05-20 02:46:13.657650,Walmart,0,2.74
2157,690,77,2026-05-19 11:13:28.657653,Target,0,1.54
2158,850,19,2026-05-19 07:26:31.657655,Amazon,0,0.38
2159,62,176,2026-05-22 09:05:12.657658,BestBuy,0,3.52
2160,145,215,2026-05-20 05:25:42.657661,Target,0,4.3
2161,216,22,2026-05-22 22:30:58.657663,Target,0,0.44
2162,3,136,2026-05-24 00:42:14.657666,Amazon,0,2.72
2163,160,174,2026-05-23 09:55:32.657669,Target,0,3.48
2164,739,207,2026-05-22 21:04:01.657672,Walmart,0,4.14
2165,998,97,2026-05-23 13:13:27.657674,Walmart,0,1.94
2166,781,70,2026-05-19 21:50:59.657677,Amazon,0,1.4
2167,120,22,2026-05-20 16:29:36.657680,Target,0,0.44
2168,893,65,2026-05-23 06:50:02.657682,Walmart,0,1.3
2169,89,80,2026-05-22 07:49:00.657685,Target,0,1.6
2170,329,31,2026-05-20 15:03:21.657688,Walmart,0,0.62
2171,580,57,2026-05-23 04:32:25.657691,Walmart,0,1.14
2172,910,96,2026-05-24 15:39:42.657693,Target,0,1.92
2173,357,48,2026-05-25 06:33:11.657696,Amazon,0,0.96
2174,610,71,2026-05-20 10:53:37.657699,Amazon,0,1.42
2175,267,92,2026-05-23 06:01:25.657701,Amazon,0,1.84
2176,617,93,2026-05-20 21:44:32.657704,Target,0,1.86
2177,952,40,2026-05-24 17:02:53.657707,Target,0,0.8
2178,323,43,2026-05-19 06:27:57.657709,Target,0,0.86
2179,635,23,2026-05-24 15:12:51.657712,Amazon,0,0.46
2180,988,204,2026-05-23 14:21:58.657715,Target,0,4.08
2181,541,71,2026-05-20 14:12:28.657719,Amazon,0,1.42
2182,649,53,2026-05-22 17:39:25.657721,Walmart,0,1.06
2183,195,84,2026-05-25 18:03:30.657724,Amazon,0,1.68
2184,921,170,2026-05-20 10:36:04.657726,Amazon,0,3.4
2185,738,73,2026-05-23 05:29:23.657729,BestBuy,0,1.46
2186,332,74,2026-05-25 08:34:28.657732,BestBuy,0,1.48
2187,170,18,2026-05-21 04:11:57.657734,Amazon,0,0.36
2188,521,275,2026-05-19 16:13:48.657737,BestBuy,1,55.0
2189,463,113,2026-05-21 06:09:03.657739,Target,0,2.26
2190,40,7,2026-05-21 03:57:42.657744,BestBuy,0,0.14
2191,537,24,2026-05-23 12:31:52.657747,BestBuy,0,0.48
2192,261,64,2026-05-20 03:16:45.657750,BestBuy,0,1.28
2193,395,140,2026-05-25 07:07:32.657753,Amazon,0,2.8
2194,955,80,2026-05-25 08:41:42.657755,Walmart,0,1.6
2195,226,68,2026-05-25 19:02:02.657758,Walmart,0,1.36
2196,984,291,2026-05-25 18:27:19.657760,Walmart,0,5.82
2197,124,98,2026-05-25 19:21:04.657763,Walmart,0,1.96
2198,975,28,2026-05-20 09:03:28.657766,Walmart,0,0.56
2199,38,143,2026-05-20 04:08:17.657768,Walmart,0,2.86
2200,328,118,2026-05-25 18:42:08.657771,Amazon,0,2.36
2201,251,60,2026-05-21 08:08:40.657774,Target,0,1.2
2202,901,152,2026-05-20 05:15:05.657776,Target,0,3.04
2203,176,202,2026-05-21 14:08:18.657779,Walmart,0,4.04
2204,602,185,2026-05-20 15:01:27.657781,BestBuy,0,3.7
2205,914,84,2026-05-23 11:15:35.657784,BestBuy,0,1.68
2206,454,84,2026-05-21 23:52:17.657786,Amazon,0,1.68
2207,37,277,2026-05-21 16:16:20.657789,Walmart,0,5.54
2208,316,33,2026-05-22 16:54:03.657792,Walmart,0,0.66
2209,688,34,2026-05-20 15:56:44.657794,BestBuy,0,0.68
2210,973,106,2026-05-22 18:35:36.657797,Walmart,0,2.12
2211,796,159,2026-05-21 19:52:39.657799,Walmart,0,3.18
2212,965,21,2026-05-23 22:21:27.657802,BestBuy,0,0.42
2213,973,260,2026-05-19 12:24:46.657804,Target,0,5.2
2214,593,257,2026-05-19 10:35:29.657807,Target,0,5.14
2215,114,172,2026-05-24 02:14:01.657810,Amazon,0,3.44
2216,40,68,2026-05-21 03:07:58.657812,BestBuy,0,1.36
2217,301,47,2026-05-23 15:45:17.657815,Amazon,0,0.94
2218,224,22,2026-05-22 02:37:17.657818,Walmart,0,0.44
2219,318,40,2026-05-25 09:14:27.657820,BestBuy,0,0.8
2220,349,88,2026-05-24 16:57:54.657823,Target,0,1.76
2221,115,258,2026-05-19 23:31:10.657825,Walmart,0,5.16
2222,698,71,2026-05-24 02:59:12.657828,Target,0,1.42
2223,323,118,2026-05-24 19:08:50.657830,Target,0,2.36
2224,568,98,2026-05-21 16:49:21.657833,Amazon,0,1.96
2225,40,126,2026-05-21 02:11:42.657836,BestBuy,0,2.52
2226,866,53,2026-05-22 09:52:03.657838,BestBuy,0,1.06
2227,40,50,2026-05-19 01:34:18.657841,BestBuy,0,1.0
2228,859,267,2026-05-23 10:28:37.657843,Amazon,0,5.34
2229,973,91,2026-05-20 01:19:14.657846,Target,0,1.82
2230,749,73,2026-05-23 07:43:21.657848,Amazon,0,1.46
2231,289,55,2026-05-22 07:02:19.657851,BestBuy,0,1.1
2232,262,139,2026-05-24 01:39:31.657854,Walmart,0,2.78
2233,216,158,2026-05-24 00:59:07.657856,BestBuy,0,3.16
2234,147,51,2026-05-23 23:05:19.657859,BestBuy,0,1.02
2235,336,90,2026-05-23 06:48:34.657861,Target,0,1.8
2236,168,238,2026-05-21 04:08:45.657864,BestBuy,1,47.6
2237,92,66,2026-05-24 00:08:04.657867,BestBuy,0,1.32
2238,353,41,2026-05-25 12:08:57.657869,Target,0,0.82
2239,571,120,2026-05-20 22:03:25.657872,BestBuy,0,2.4
2240,571,95,2026-05-20 02:24:11.657874,BestBuy,0,1.9
2241,816,55,2026-05-25 02:31:30.657877,Target,0,1.1
2242,681,173,2026-05-23 03:14:43.657880,Walmart,0,3.46
2243,781,55,2026-05-23 02:59:42.657882,Target,0,1.1
2244,363,56,2026-05-22 02:21:34.657885,BestBuy,0,1.12
2245,557,48,2026-05-19 05:22:42.657887,Amazon,0,0.96
2246,345,40,2026-05-22 10:01:03.657890,Walmart,0,0.8
2247,693,21,2026-05-22 18:53:39.657893,Target,0,0.42
2248,170,15,2026-05-19 10:03:27.657895,Walmart,0,0.3
2249,356,46,2026-05-23 16:18:07.657898,Walmart,0,0.92
2250,191,128,2026-05-21 20:10:37.657900,Amazon,0,2.56
2251,667,73,2026-05-25 17:12:52.657903,Amazon,0,1.46
2252,422,202,2026-05-25 19:11:56.657906,Amazon,0,4.04
2253,700,63,2026-05-21 19:55:57.657908,BestBuy,0,1.26
2254,7,117,2026-05-23 06:42:47.657911,Target,0,2.34
2255,133,12,2026-05-23 10:03:31.657913,BestBuy,0,0.24
2256,747,22,2026-05-24 02:25:29.657916,Target,0,0.44
2257,557,27,2026-05-23 22:18:49.657918,BestBuy,0,0.54
2258,826,45,2026-05-20 20:03:32.657921,BestBuy,0,0.9
2259,761,160,2026-05-20 10:29:33.657924,Amazon,0,3.2
2260,31,80,2026-05-19 09:39:30.657926,BestBuy,0,1.6
2261,535,119,2026-05-25 07:03:34.657929,Amazon,0,2.38
2262,426,63,2026-05-21 08:34:52.657932,Target,0,1.26
2263,394,115,2026-05-20 17:13:33.657934,Amazon,0,2.3
2264,672,21,2026-05-20 22:18:35.657937,Walmart,0,0.42
2265,363,93,2026-05-19 08:50:46.657939,Walmart,0,1.86
2266,437,9,2026-05-25 09:16:24.657942,BestBuy,0,0.18
2267,670,64,2026-05-20 14:21:26.657945,Walmart,0,1.28
2268,551,51,2026-05-22 11:06:05.657947,Target,0,1.02
2269,927,116,2026-05-22 04:56:25.657950,BestBuy,0,2.32
2270,82,17,2026-05-22 00:31:46.657952,Amazon,0,0.34
2271,356,31,2026-05-21 01:47:38.657955,BestBuy,0,0.62
2272,258,172,2026-05-25 18:18:27.657957,BestBuy,0,3.44
2273,718,52,2026-05-22 05:09:12.657960,Walmart,0,1.04
2274,589,24,2026-05-23 13:14:07.657968,BestBuy,0,0.48
2275,989,98,2026-05-21 00:39:08.657971,Target,0,1.96
2276,524,54,2026-05-22 11:22:55.657974,BestBuy,0,1.08
2277,295,93,2026-05-20 15:22:47.657977,Amazon,0,1.86
2278,962,41,2026-05-19 20:49:11.657979,Amazon,0,0.82
2279,224,277,2026-05-22 23:31:32.657982,Walmart,0,5.54
2280,525,66,2026-05-23 15:51:39.657985,BestBuy,0,1.32
2281,46,100,2026-05-21 10:22:55.657987,Amazon,0,2.0
2282,667,82,2026-05-19 14:24:10.657990,BestBuy,0,1.64
2283,113,15,2026-05-24 05:51:46.657993,BestBuy,0,0.3
2284,233,34,2026-05-20 22:01:22.657995,Amazon,0,0.68
2285,17,15,2026-05-19 02:56:34.657998,BestBuy,0,0.3
2286,360,19,2026-05-21 21:01:33.658001,Walmart,0,0.38
2287,223,237,2026-05-19 03:01:17.658003,Walmart,0,4.74
2288,866,102,2026-05-21 06:33:08.658006,Amazon,0,2.04
2289,700,196,2026-05-21 05:18:53.658009,Target,0,3.92
2290,448,95,2026-05-19 23:15:19.658011,Target,0,1.9
2291,856,174,2026-05-20 23:28:40.658014,BestBuy,0,3.48
2292,365,36,2026-05-21 09:07:43.658017,Walmart,0,0.72
2293,675,49,2026-05-22 23:44:56.658019,Amazon,0,0.98
2294,326,113,2026-05-25 19:21:38.658022,Walmart,0,2.26
2295,467,33,2026-05-20 21:41:43.658025,Target,0,0.66
2296,414,245,2026-05-21 20:46:38.658027,Target,0,4.9
2297,455,74,2026-05-20 20:57:36.658030,BestBuy,0,1.48
2298,586,192,2026-05-19 16:13:38.658032,Amazon,0,3.84
2299,233,42,2026-05-25 20:41:50.658035,BestBuy,0,0.84
2300,224,63,2026-05-22 15:12:48.658038,Walmart,0,1.26
2301,994,45,2026-05-22 22:19:42.658040,Walmart,0,0.9
2302,831,218,2026-05-20 11:02:09.658043,Target,0,4.36
2303,412,19,2026-05-21 22:57:40.658046,BestBuy,0,0.38
2304,572,186,2026-05-19 20:12:23.658048,Walmart,0,3.72
2305,335,133,2026-05-22 17:33:39.658051,Walmart,0,2.66
2306,222,21,2026-05-23 15:19:51.658054,Walmart,0,0.42
2307,37,131,2026-05-23 10:56:50.658056,Amazon,0,2.62
2308,989,62,2026-05-21 01:40:14.658059,Target,0,1.24
2309,278,46,2026-05-24 06:57:59.658061,BestBuy,0,0.92
2310,196,57,2026-05-25 05:01:53.658064,Walmart,0,1.14
2311,916,26,2026-05-21 00:12:53.658067,Amazon,0,0.52
2312,864,4,2026-05-20 19:10:41.658069,Walmart,0,0.08
2313,484,278,2026-05-20 06:05:55.658072,Walmart,0,5.56
2314,242,96,2026-05-21 11:56:54.658074,Target,0,1.92
2315,324,291,2026-05-21 22:27:03.658077,Amazon,0,5.82
2316,731,32,2026-05-24 23:10:37.658080,Walmart,0,0.64
2317,192,71,2026-05-23 22:02:08.658082,Target,0,1.42
2318,17,20,2026-05-20 22:45:19.658085,Amazon,0,0.4
2319,524,127,2026-05-21 09:51:00.658087,Walmart,0,2.54
2320,918,83,2026-05-20 12:55:31.658090,BestBuy,0,1.66
2321,401,53,2026-05-20 19:33:43.658093,Target,0,1.06
2322,906,18,2026-05-20 14:20:56.658096,Walmart,0,0.36
2323,886,92,2026-05-20 13:12:17.658098,Walmart,0,1.84
2324,705,203,2026-05-24 01:14:54.658101,Amazon,0,4.06
2325,22,114,2026-05-21 03:38:52.658103,BestBuy,0,2.28
2326,474,198,2026-05-22 08:22:10.658106,Target,0,3.96
2327,120,245,2026-05-25 16:15:49.658108,Amazon,0,4.9
2328,210,87,2026-05-20 15:23:48.658111,Walmart,0,1.74
2329,306,48,2026-05-22 17:07:16.658114,Target,0,0.96
2330,270,132,2026-05-22 00:53:06.658116,Walmart,0,2.64
2331,704,130,2026-05-22 23:48:24.658119,Walmart,0,2.6
2332,687,108,2026-05-20 19:53:55.658122,BestBuy,0,2.16
2333,285,142,2026-05-19 03:51:27.658124,Walmart,0,2.84
2334,716,49,2026-05-25 03:45:40.658127,Target,0,0.98
2335,676,46,2026-05-25 16:33:39.658129,Walmart,0,0.92
2336,763,177,2026-05-23 22:55:29.658132,Target,0,3.54
2337,227,61,2026-05-21 03:22:54.658135,BestBuy,0,1.22
2338,948,119,2026-05-21 22:54:44.658138,Walmart,0,2.38
2339,381,91,2026-05-25 01:32:02.658141,Amazon,0,1.82
2340,460,75,2026-05-19 01:27:58.658143,Target,0,1.5
2341,7,136,2026-05-19 13:12:38.658146,Walmart,0,2.72
2342,29,112,2026-05-21 06:02:58.658149,Amazon,0,2.24
2343,907,65,2026-05-22 23:16:12.658151,Target,0,1.3
2344,33,172,2026-05-24 17:42:26.658154,Amazon,0,3.44
2345,646,89,2026-05-25 05:34:08.658157,Walmart,0,1.78
2346,879,119,2026-05-24 15:58:40.658159,BestBuy,0,2.38
2347,79,30,2026-05-21 00:08:08.658162,BestBuy,0,0.6
2348,928,28,2026-05-20 16:36:00.658164,Amazon,0,0.56
2349,947,19,2026-05-23 09:07:20.658167,Walmart,0,0.38
2350,459,81,2026-05-23 16:27:47.658170,Walmart,0,1.62
2351,570,31,2026-05-25 05:16:35.658172,Target,0,0.62
2352,983,77,2026-05-25 02:23:17.658175,Walmart,0,1.54
2353,538,218,2026-05-21 00:22:34.658177,BestBuy,1,43.6
2354,482,39,2026-05-21 01:45:44.658180,Walmart,0,0.78
2355,430,92,2026-05-20 18:44:22.658183,Target,0,1.84
2356,738,83,2026-05-21 10:30:26.658185,Target,0,1.66
2357,285,17,2026-05-24 08:13:05.658188,Walmart,0,0.34
2358,516,37,2026-05-20 12:17:32.658190,Walmart,0,0.74
2359,977,22,2026-05-23 19:06:35.658195,Target,0,0.44
2360,99,72,2026-05-20 02:26:01.658198,Target,0,1.44
2361,397,293,2026-05-21 05:21:27.658201,Amazon,0,5.86
2362,489,47,2026-05-19 23:45:16.658203,BestBuy,0,0.94
2363,39,57,2026-05-22 11:35:12.658206,BestBuy,0,1.14
2364,271,28,2026-05-19 02:52:22.658209,Amazon,0,0.56
2365,887,67,2026-05-25 12:37:45.658212,Amazon,0,1.34
2366,797,291,2026-05-22 05:51:26.658214,BestBuy,1,58.2
2367,157,113,2026-05-22 19:10:19.658217,Target,0,2.26
2368,75,65,2026-05-19 12:08:51.658219,BestBuy,0,1.3
2369,884,252,2026-05-20 08:22:18.658222,Target,0,5.04
2370,800,183,2026-05-20 11:09:08.658224,BestBuy,0,3.66
2371,130,32,2026-05-25 18:44:15.658227,Target,0,0.64
2372,687,53,2026-05-20 14:37:29.658230,BestBuy,0,1.06
2373,974,21,2026-05-22 07:01:19.658232,Amazon,0,0.42
2374,84,105,2026-05-23 19:54:39.658235,Walmart,0,2.1
2375,22,123,2026-05-19 18:09:59.658237,Walmart,0,2.46
2376,459,69,2026-05-24 22:22:46.658241,Walmart,0,1.38
2377,539,141,2026-05-19 15:34:41.658244,Target,0,2.82
2378,707,105,2026-05-24 00:05:50.658246,Walmart,0,2.1
2379,849,198,2026-05-19 18:05:35.658249,BestBuy,0,3.96
2380,382,112,2026-05-25 19:19:27.658251,Walmart,0,2.24
2381,748,69,2026-05-22 22:20:19.658253,Target,0,1.38
2382,440,83,2026-05-21 02:26:33.658256,Target,0,1.66
2383,604,79,2026-05-25 05:40:03.658258,Target,0,1.58
2384,989,64,2026-05-19 03:24:18.658261,BestBuy,0,1.28
2385,21,82,2026-05-24 05:20:28.658263,Target,0,1.64
2386,303,46,2026-05-24 21:12:54.658265,BestBuy,0,0.92
2387,976,15,2026-05-22 23:18:04.658268,Target,0,0.3
2388,869,41,2026-05-24 14:17:50.658271,Amazon,0,0.82
2389,955,113,2026-05-22 09:15:16.658273,Target,0,2.26
2390,84,96,2026-05-20 04:31:40.658275,Walmart,0,1.92
2391,774,65,2026-05-20 15:32:03.658278,Walmart,0,1.3
2392,659,27,2026-05-22 23:33:52.658280,Amazon,0,0.54
2393,953,12,2026-05-23 17:09:06.658283,Target,0,0.24
2394,453,100,2026-05-25 12:12:50.658285,Walmart,0,2.0
2395,387,107,2026-05-21 16:36:22.658288,Walmart,0,2.14
2396,507,81,2026-05-24 16:33:54.658290,BestBuy,0,1.62
2397,257,135,2026-05-24 16:18:45.658292,BestBuy,0,2.7
2398,570,64,2026-05-20 02:22:30.658295,Target,0,1.28
2399,892,94,2026-05-20 19:32:13.658297,Amazon,0,1.88
2400,934,23,2026-05-23 22:46:12.658300,Target,0,0.46
2401,527,121,2026-05-19 23:21:42.658302,BestBuy,0,2.42
2402,162,147,2026-05-22 14:55:57.658305,BestBuy,0,2.94
2403,957,49,2026-05-23 12:40:47.658307,Target,0,0.98
2404,163,245,2026-05-25 00:49:36.658310,Target,0,4.9
2405,832,74,2026-05-21 22:54:24.658312,Target,0,1.48
2406,793,45,2026-05-21 18:50:29.658315,Target,0,0.9
2407,792,64,2026-05-25 11:32:50.658317,Amazon,0,1.28
2408,524,95,2026-05-22 16:25:03.658319,Walmart,0,1.9
2409,786,256,2026-05-19 15:06:11.658322,Target,0,5.12
2410,271,53,2026-05-25 04:11:39.658324,Walmart,0,1.06
2411,492,71,2026-05-24 10:05:04.658327,BestBuy,0,1.42
2412,208,85,2026-05-25 10:46:29.658329,Walmart,0,1.7
2413,539,23,2026-05-21 06:11:40.658332,Target,0,0.46
2414,584,52,2026-05-19 11:50:35.658334,Walmart,0,1.04
2415,60,63,2026-05-24 11:28:16.658337,Target,0,1.26
2416,430,57,2026-05-19 13:02:18.658339,Target,0,1.14
2417,985,50,2026-05-24 15:27:41.658342,BestBuy,0,1.0
2418,657,111,2026-05-19 07:45:47.658344,Target,0,2.22
2419,605,72,2026-05-22 06:52:36.658346,BestBuy,0,1.44
2420,309,50,2026-05-22 13:13:24.658349,Amazon,0,1.0
2421,520,56,2026-05-20 20:26:04.658351,Target,0,1.12
2422,591,101,2026-05-20 20:47:24.658354,BestBuy,0,2.02
2423,27,51,2026-05-22 13:15:39.658356,BestBuy,0,1.02
2424,686,111,2026-05-24 09:19:04.658359,Target,0,2.22
2425,562,115,2026-05-20 07:04:14.658361,Walmart,0,2.3
2426,199,74,2026-05-25 13:17:54.658363,BestBuy,0,1.48
2427,387,74,2026-05-23 10:01:21.658366,Amazon,0,1.48
2428,349,109,2026-05-20 04:43:59.658368,Walmart,0,2.18
2429,960,136,2026-05-24 10:49:48.658371,Walmart,0,2.72
2430,940,57,2026-05-23 07:48:55.658373,Target,0,1.14
2431,693,110,2026-05-25 06:26:22.658376,BestBuy,0,2.2
2432,536,84,2026-05-22 02:02:15.658378,Amazon,0,1.68
2433,828,32,2026-05-22 17:03:22.658380,BestBuy,0,0.64
2434,378,104,2026-05-18 23:14:25.658383,Amazon,0,2.08
2435,899,222,2026-05-24 04:35:18.658385,BestBuy,1,44.4
2436,916,77,2026-05-21 22:14:31.658388,Target,0,1.54
2437,558,231,2026-05-25 01:09:55.658390,Amazon,0,4.62
2438,527,19,2026-05-21 09:56:50.658393,Target,0,0.38
2439,153,98,2026-05-22 16:48:22.658395,BestBuy,0,1.96
2440,734,49,2026-05-21 11:59:01.658397,Amazon,0,0.98
2441,206,87,2026-05-25 08:03:13.658400,Amazon,0,1.74
2442,455,24,2026-05-25 18:22:13.658403,BestBuy,0,0.48
2443,273,183,2026-05-20 12:10:22.658405,Target,0,3.66
2444,894,36,2026-05-25 06:53:51.658409,Amazon,0,0.72
2445,236,49,2026-05-22 18:26:27.658412,Amazon,0,0.98
2446,852,83,2026-05-22 23:43:41.658415,Amazon,0,1.66
2447,740,39,2026-05-21 08:19:21.658417,BestBuy,0,0.78
2448,521,38,2026-05-21 02:31:32.658420,Walmart,0,0.76
2449,678,83,2026-05-25 17:59:45.658422,BestBuy,0,1.66
2450,944,86,2026-05-25 17:46:15.658425,Target,0,1.72
2451,956,64,2026-05-25 16:43:09.658427,Walmart,0,1.28
2452,831,124,2026-05-20 02:45:14.658430,Amazon,0,2.48
2453,726,70,2026-05-21 15:23:04.658432,Amazon,0,1.4
2454,501,26,2026-05-19 15:50:57.658435,Walmart,0,0.52
2455,117,9,2026-05-18 23:57:28.658437,Amazon,0,0.18
2456,386,71,2026-05-19 22:19:35.658440,Amazon,0,1.42
2457,344,24,2026-05-24 02:02:27.658442,BestBuy,0,0.48
2458,584,131,2026-05-20 05:15:47.658445,BestBuy,0,2.62
2459,395,1,2026-05-21 07:31:51.658447,Target,0,0.02
2460,64,110,2026-05-22 04:15:17.658450,Amazon,0,2.2
2461,717,32,2026-05-23 11:01:53.658452,Target,0,0.64
2462,721,127,2026-05-19 22:02:32.658455,Target,0,2.54
2463,72,30,2026-05-23 19:02:22.658457,Walmart,0,0.6
2464,789,257,2026-05-22 21:56:34.658460,Walmart,0,5.14
2465,274,249,2026-05-21 20:02:19.658462,Amazon,0,4.98
2466,990,169,2026-05-23 00:54:08.658465,Walmart,0,3.38
2467,320,109,2026-05-19 22:11:41.658467,Target,0,2.18
2468,338,11,2026-05-21 15:46:35.658470,BestBuy,0,0.22
2469,366,24,2026-05-22 19:26:47.658472,Walmart,0,0.48
2470,495,43,2026-05-24 13:01:39.658475,Target,0,0.86
2471,607,33,2026-05-24 03:11:13.658477,Walmart,0,0.66
2472,166,112,2026-05-24 02:06:38.658480,Amazon,0,2.24
2473,544,39,2026-05-22 04:00:29.658482,Walmart,0,0.78
2474,11,111,2026-05-21 16:15:40.658484,BestBuy,0,2.22
2475,301,121,2026-05-23 05:08:18.658487,Amazon,0,2.42
2476,729,172,2026-05-21 05:33:44.658489,Walmart,0,3.44
2477,801,211,2026-05-21 16:10:47.658492,BestBuy,1,42.2
2478,102,99,2026-05-20 04:42:32.658494,Target,0,1.98
2479,425,208,2026-05-20 19:37:43.658497,Walmart,0,4.16
2480,392,54,2026-05-25 01:55:19.658499,Walmart,0,1.08
2481,779,90,2026-05-25 09:20:17.658502,Target,0,1.8
2482,214,213,2026-05-21 02:26:48.658504,Target,0,4.26
2483,691,111,2026-05-22 16:48:46.658507,Walmart,0,2.22
2484,88,41,2026-05-22 16:32:49.658509,BestBuy,0,0.82
2485,553,79,2026-05-19 22:59:11.658512,Target,0,1.58
2486,401,269,2026-05-21 20:10:58.658514,Target,0,5.38
2487,588,13,2026-05-21 04:19:10.658517,BestBuy,0,0.26
2488,889,58,2026-05-20 12:54:22.658519,Walmart,0,1.16
2489,46,442,2026-05-24 10:00:27.658521,Amazon,0,8.84
2490,672,124,2026-05-21 20:05:25.658524,Walmart,0,2.48
2491,463,107,2026-05-21 07:54:10.658526,Walmart,0,2.14
2492,592,43,2026-05-19 13:53:47.658528,Amazon,0,0.86
2493,310,51,2026-05-21 08:04:00.658531,Walmart,0,1.02
2494,86,50,2026-05-20 04:44:37.658533,Walmart,0,1.0
2495,92,70,2026-05-25 06:22:08.658536,Target,0,1.4
2496,660,152,2026-05-23 13:38:22.658538,BestBuy,0,3.04
2497,673,153,2026-05-24 02:45:51.658541,Walmart,0,3.06
2498,714,117,2026-05-20 16:49:33.658543,Amazon,0,2.34
2499,936,77,2026-05-25 02:35:10.658545,Amazon,0,1.54
2500,928,7,2026-05-19 23:09:01.658548,Target,0,0.14
2501,242,192,2026-05-19 21:14:51.658550,Walmart,0,3.84
2502,865,138,2026-05-19 23:42:45.658553,Walmart,0,2.76
2503,2,194,2026-05-24 13:51:09.658555,Walmart,0,3.88
2504,225,44,2026-05-20 10:08:20.658558,Walmart,0,0.88
2505,801,52,2026-05-19 23:29:42.658560,Amazon,0,1.04
2506,745,424,2026-05-21 10:29:17.658563,Amazon,0,8.48
2507,973,15,2026-05-24 20:14:48.658565,Target,0,0.3
2508,926,128,2026-05-21 23:02:14.658567,Walmart,0,2.56
2509,929,172,2026-05-25 15:54:01.658570,Amazon,0,3.44
2510,589,10,2026-05-25 21:41:29.658572,Walmart,0,0.2
2511,116,80,2026-05-22 01:41:05.658575,BestBuy,0,1.6
2512,666,67,2026-05-23 05:24:30.658577,BestBuy,0,1.34
2513,918,25,2026-05-20 17:05:45.658580,Amazon,0,0.5
2514,103,135,2026-05-22 01:53:20.658582,BestBuy,0,2.7
2515,194,21,2026-05-23 00:42:25.658584,BestBuy,0,0.42
2516,166,98,2026-05-24 13:57:11.658587,Amazon,0,1.96
2517,871,47,2026-05-23 13:46:07.658589,Target,0,0.94
2518,90,3,2026-05-20 03:51:11.658592,BestBuy,0,0.06
2519,686,51,2026-05-25 10:00:43.658594,Walmart,0,1.02
2520,122,50,2026-05-24 19:01:14.658597,BestBuy,0,1.0
2521,143,135,2026-05-19 05:56:28.658599,Target,0,2.7
2522,994,136,2026-05-23 09:35:17.658601,Target,0,2.72
2523,106,91,2026-05-20 03:24:50.658604,Target,0,1.82
2524,887,49,2026-05-22 19:50:22.658607,Target,0,0.98
2525,428,90,2026-05-20 03:44:25.658609,Target,0,1.8
2526,305,80,2026-05-25 05:40:15.658611,BestBuy,0,1.6
2527,872,56,2026-05-24 01:08:41.658614,BestBuy,0,1.12
2528,971,171,2026-05-20 17:40:14.658616,BestBuy,0,3.42
2529,317,24,2026-05-20 16:06:08.658619,BestBuy,0,0.48
2530,963,41,2026-05-22 09:56:23.658627,Target,0,0.82
2531,635,185,2026-05-20 11:38:15.658630,Target,0,3.7
2532,902,63,2026-05-20 14:51:33.658633,Walmart,0,1.26
2533,9,115,2026-05-24 03:30:28.658635,BestBuy,0,2.3
2534,774,102,2026-05-22 15:39:01.658638,Target,0,2.04
2535,73,101,2026-05-24 08:34:00.658640,Walmart,0,2.02
2536,359,55,2026-05-21 16:34:44.658643,Walmart,0,1.1
2537,223,29,2026-05-22 01:26:20.658645,Amazon,0,0.58
2538,416,65,2026-05-22 13:55:18.658648,BestBuy,0,1.3
2539,553,182,2026-05-24 05:36:34.658650,Target,0,3.64
2540,370,32,2026-05-25 07:57:32.658652,BestBuy,0,0.64
2541,716,13,2026-05-22 02:44:52.658655,Walmart,0,0.26
2542,264,123,2026-05-22 18:29:17.658658,BestBuy,0,2.46
2543,840,17,2026-05-20 14:29:05.658660,Amazon,0,0.34
2544,690,116,2026-05-21 02:21:01.658662,Amazon,0,2.32
2545,860,36,2026-05-19 19:28:22.658665,Target,0,0.72
2546,318,122,2026-05-20 05:58:41.658667,Target,0,2.44
2547,84,147,2026-05-19 10:48:31.658670,Target,0,2.94
2548,318,147,2026-05-21 21:19:25.658673,Target,0,2.94
2549,111,144,2026-05-19 12:18:18.658675,BestBuy,0,2.88
2550,251,94,2026-05-24 18:51:53.658677,BestBuy,0,1.88
2551,383,99,2026-05-22 01:31:54.658680,Walmart,0,1.98
2552,7,19,2026-05-19 13:40:16.658682,Walmart,0,0.38
2553,459,71,2026-05-19 01:32:09.658685,Target,0,1.42
2554,84,64,2026-05-24 13:33:15.658687,BestBuy,0,1.28
2555,208,179,2026-05-24 01:29:15.658690,Target,0,3.58
2556,900,76,2026-05-23 19:38:31.658692,Walmart,0,1.52
2557,390,52,2026-05-19 06:38:10.658695,BestBuy,0,1.04
2558,314,97,2026-05-24 21:39:57.658697,Target,0,1.94
2559,22,75,2026-05-24 09:09:34.658700,Amazon,0,1.5
2560,410,189,2026-05-20 22:51:08.658702,Walmart,0,3.78
2561,895,22,2026-05-19 11:06:53.658705,Amazon,0,0.44
2562,515,80,2026-05-23 12:09:35.658713,Amazon,0,1.6
2563,127,144,2026-05-24 04:31:39.658716,BestBuy,0,2.88
2564,809,22,2026-05-24 02:03:06.658718,Amazon,0,0.44
2565,700,52,2026-05-19 11:02:01.658720,Amazon,0,1.04
2566,874,62,2026-05-20 13:51:39.658723,Target,0,1.24
2567,14,77,2026-05-19 22:03:54.658725,BestBuy,0,1.54
2568,971,9,2026-05-20 17:12:03.658728,Target,0,0.18
2569,978,142,2026-05-23 02:54:02.658730,Target,0,2.84
2570,12,148,2026-05-21 10:39:28.658733,Target,0,2.96
2571,87,101,2026-05-21 09:45:29.658735,BestBuy,0,2.02
2572,524,33,2026-05-24 16:15:29.658738,Walmart,0,0.66
2573,909,45,2026-05-24 13:36:21.658740,BestBuy,0,0.9
2574,537,22,2026-05-20 02:09:38.658743,Target,0,0.44
2575,301,159,2026-05-23 01:48:30.658745,Walmart,0,3.18
2576,243,35,2026-05-25 06:29:01.658748,Amazon,0,0.7
2577,122,33,2026-05-19 02:10:14.658750,Walmart,0,0.66
2578,147,44,2026-05-19 20:54:05.658753,BestBuy,0,0.88
2579,567,210,2026-05-24 10:36:51.658755,Target,0,4.2
2580,750,67,2026-05-23 21:53:14.658758,Amazon,0,1.34
2581,356,40,2026-05-21 00:59:42.658760,Amazon,0,0.8
2582,685,137,2026-05-23 04:33:59.658763,Target,0,2.74
2583,904,105,2026-05-24 20:09:58.658765,Amazon,0,2.1
2584,733,229,2026-05-21 01:52:06.658768,Amazon,0,4.58
2585,631,72,2026-05-25 06:53:26.658770,Amazon,0,1.44
2586,309,176,2026-05-20 09:33:15.658773,BestBuy,0,3.52
2587,695,152,2026-05-25 04:43:37.658775,Walmart,0,3.04
2588,288,95,2026-05-20 19:10:52.658778,BestBuy,0,1.9
2589,307,20,2026-05-23 22:59:53.658780,Amazon,0,0.4
2590,812,75,2026-05-19 21:37:25.658783,BestBuy,0,1.5
2591,594,59,2026-05-24 21:56:57.658785,Amazon,0,1.18
2592,966,256,2026-05-21 16:21:38.658788,BestBuy,1,51.2
2593,914,27,2026-05-20 19:27:29.658790,Walmart,0,0.54
2594,723,237,2026-05-25 01:39:19.658792,Target,0,4.74
2595,662,26,2026-05-20 06:53:56.658795,Walmart,0,0.52
2596,549,66,2026-05-23 05:36:55.658797,BestBuy,0,1.32
2597,352,214,2026-05-20 18:47:46.658800,BestBuy,1,42.8
2598,312,24,2026-05-25 15:46:23.658802,Walmart,0,0.48
2599,873,205,2026-05-23 15:34:09.658805,BestBuy,1,41.0
2600,59,203,2026-05-22 07:28:40.658807,Target,0,4.06
2601,643,169,2026-05-18 23:01:40.658809,Target,0,3.38
2602,924,68,2026-05-22 08:35:41.658813,Walmart,0,1.36
2603,714,73,2026-05-22 07:03:08.658815,Amazon,0,1.46
2604,755,127,2026-05-25 21:51:57.658818,Target,0,2.54
2605,35,27,2026-05-25 13:08:16.658820,BestBuy,0,0.54
2606,445,213,2026-05-21 21:29:04.658823,Amazon,0,4.26
2607,93,70,2026-05-23 05:47:57.658825,Target,0,1.4
2608,950,66,2026-05-23 12:16:08.658827,Amazon,0,1.32
2609,959,71,2026-05-24 21:26:26.658830,BestBuy,0,1.42
2610,207,70,2026-05-24 08:20:20.658832,Walmart,0,1.4
2611,353,58,2026-05-23 03:10:42.658834,Walmart,0,1.16
2612,903,111,2026-05-18 23:36:34.658837,BestBuy,0,2.22
2613,332,130,2026-05-22 01:59:24.658839,Walmart,0,2.6
2614,817,23,2026-05-20 17:31:02.658842,BestBuy,0,0.46
2615,862,92,2026-05-19 03:22:51.658844,Walmart,0,1.84
2616,725,44,2026-05-23 04:34:25.658846,Target,0,0.88
2617,159,6,2026-05-24 16:50:14.658849,Walmart,0,0.12
2618,954,81,2026-05-20 10:40:46.658851,Amazon,0,1.62
2619,957,95,2026-05-20 17:17:17.658853,Walmart,0,1.9
2620,24,50,2026-05-21 09:24:18.658856,Walmart,0,1.0
2621,404,49,2026-05-20 03:37:26.658858,Walmart,0,0.98
2622,805,29,2026-05-19 14:34:19.658861,Walmart,0,0.58
2623,516,21,2026-05-22 09:53:55.658863,Target,0,0.42
2624,732,40,2026-05-21 10:54:40.658866,BestBuy,0,0.8
2625,364,32,2026-05-19 19:14:11.658868,Target,0,0.64
2626,382,50,2026-05-22 09:49:15.658871,Target,0,1.0
2627,532,18,2026-05-22 06:30:42.658873,Amazon,0,0.36
2628,956,32,2026-05-20 05:52:00.658875,BestBuy,0,0.64
2629,152,99,2026-05-24 08:16:23.658878,BestBuy,0,1.98
2630,562,123,2026-05-20 10:09:28.658880,Amazon,0,2.46
2631,689,53,2026-05-25 05:01:28.658882,BestBuy,0,1.06
2632,947,72,2026-05-22 18:56:52.658885,Walmart,0,1.44
2633,608,235,2026-05-24 18:40:06.658887,BestBuy,1,47.0
2634,617,116,2026-05-20 07:53:45.658889,Amazon,0,2.32
2635,420,348,2026-05-19 22:59:20.658892,Amazon,0,6.96
2636,250,100,2026-05-19 13:32:56.658894,Amazon,0,2.0
2637,117,16,2026-05-24 12:49:44.658896,Amazon,0,0.32
2638,866,59,2026-05-25 10:43:16.658899,Target,0,1.18
2639,512,54,2026-05-25 08:15:33.658901,BestBuy,0,1.08
2640,740,149,2026-05-20 15:28:45.658903,Target,0,2.98
2641,578,138,2026-05-25 02:33:06.658906,Amazon,0,2.76
2642,335,75,2026-05-20 13:51:59.658908,Amazon,0,1.5
2643,418,82,2026-05-22 04:01:48.658911,Target,0,1.64
2644,932,35,2026-05-25 08:04:55.658913,Walmart,0,0.7
2645,774,148,2026-05-24 16:54:58.658915,BestBuy,0,2.96
2646,295,55,2026-05-25 02:59:56.658918,Target,0,1.1
2647,938,17,2026-05-24 15:15:05.658920,BestBuy,0,0.34
2648,755,40,2026-05-20 04:23:34.658922,Amazon,0,0.8
2649,371,56,2026-05-25 18:23:50.658925,Amazon,0,1.12
2650,186,87,2026-05-25 18:52:43.658927,Amazon,0,1.74
2651,246,287,2026-05-21 00:04:39.658929,BestBuy,1,57.4
2652,637,120,2026-05-19 14:08:13.658932,BestBuy,0,2.4
2653,268,13,2026-05-20 02:00:18.658934,Target,0,0.26
2654,643,165,2026-05-24 04:15:08.658937,Amazon,0,3.3
2655,237,92,2026-05-19 09:46:58.658939,Target,0,1.84
2656,530,80,2026-05-22 13:23:03.658941,Walmart,0,1.6
2657,552,111,2026-05-25 15:20:36.658944,Amazon,0,2.22
2658,21,88,2026-05-24 03:08:30.658946,Amazon,0,1.76
2659,911,10,2026-05-24 22:24:39.658949,Walmart,0,0.2
2660,737,167,2026-05-25 21:38:35.658951,Target,0,3.34
2661,867,9,2026-05-21 19:00:00.658953,BestBuy,0,0.18
2662,794,125,2026-05-21 22:15:05.658956,Amazon,0,2.5
2663,520,48,2026-05-25 13:55:59.658958,BestBuy,0,0.96
2664,100,31,2026-05-24 02:17:41.658961,Amazon,0,0.62
2665,752,235,2026-05-22 13:33:48.658963,Amazon,0,4.7
2666,478,97,2026-05-20 23:46:06.658965,BestBuy,0,1.94
2667,599,124,2026-05-20 05:01:13.658968,Amazon,0,2.48
2668,298,60,2026-05-25 19:49:41.658970,Walmart,0,1.2
2669,940,146,2026-05-25 07:54:55.658972,Target,0,2.92
2670,526,43,2026-05-20 17:08:20.658975,Walmart,0,0.86
2671,334,132,2026-05-23 16:53:53.658977,Target,0,2.64
2672,2,105,2026-05-22 22:35:58.658979,Walmart,0,2.1
2673,375,92,2026-05-23 05:35:04.658982,Walmart,0,1.84
2674,293,52,2026-05-23 09:40:07.658984,Target,0,1.04
2675,837,100,2026-05-24 16:44:20.658986,Amazon,0,2.0
2676,934,72,2026-05-22 10:30:12.658989,BestBuy,0,1.44
2677,553,57,2026-05-19 06:48:28.658991,BestBuy,0,1.14
2678,318,131,2026-05-24 04:29:03.658993,BestBuy,0,2.62
2679,502,42,2026-05-21 18:22:57.658996,Amazon,0,0.84
2680,828,15,2026-05-25 20:45:04.658998,Walmart,0,0.3
2681,381,23,2026-05-24 07:55:15.659001,Walmart,0,0.46
2682,623,155,2026-05-21 01:41:02.659003,Walmart,0,3.1
2683,14,82,2026-05-24 12:21:37.659005,Amazon,0,1.64
2684,504,104,2026-05-24 09:29:52.659008,Target,0,2.08
2685,231,64,2026-05-25 14:39:13.659010,Amazon,0,1.28
2686,985,74,2026-05-23 17:33:02.659013,BestBuy,0,1.48
2687,84,153,2026-05-22 00:28:09.659015,Walmart,0,3.06
2688,130,190,2026-05-24 00:03:20.659017,Amazon,0,3.8
2689,743,120,2026-05-20 20:11:09.659020,Amazon,0,2.4
2690,838,110,2026-05-19 17:37:05.659022,Amazon,0,2.2
2691,145,34,2026-05-23 07:55:44.659024,Target,0,0.68
2692,891,110,2026-05-19 11:41:04.659027,Walmart,0,2.2
2693,857,52,2026-05-25 08:57:10.659029,Amazon,0,1.04
2694,28,141,2026-05-22 04:28:39.659032,Amazon,0,2.82
2695,66,85,2026-05-21 12:42:03.659034,BestBuy,0,1.7
2696,163,7,2026-05-21 22:11:32.659036,Walmart,0,0.14
2697,229,224,2026-05-23 21:29:23.659039,Amazon,0,4.48
2698,261,125,2026-05-20 11:15:51.659041,Amazon,0,2.5
2699,449,263,2026-05-19 13:07:44.659044,Amazon,0,5.26
2700,424,88,2026-05-20 00:03:26.659046,Amazon,0,1.76
2701,460,73,2026-05-24 12:10:33.659049,Walmart,0,1.46
2702,952,34,2026-05-24 14:50:55.659051,Amazon,0,0.68
2703,676,40,2026-05-25 10:45:51.659053,Target,0,0.8
2704,301,127,2026-05-19 22:47:13.659056,Amazon,0,2.54
2705,919,105,2026-05-25 16:50:05.659058,Target,0,2.1
2706,303,59,2026-05-22 22:36:25.659060,Walmart,0,1.18
2707,287,76,2026-05-21 11:16:57.659063,Amazon,0,1.52
2708,395,62,2026-05-21 08:38:32.659065,BestBuy,0,1.24
2709,10,91,2026-05-21 22:39:16.659067,Target,0,1.82
2710,707,39,2026-05-19 18:33:04.659070,Target,0,0.78
2711,630,111,2026-05-20 10:37:26.659072,Amazon,0,2.22
2712,270,21,2026-05-21 02:02:11.659074,BestBuy,0,0.42
2713,592,59,2026-05-25 09:41:05.659077,BestBuy,0,1.18
2714,970,47,2026-05-23 01:44:26.659079,Amazon,0,0.94
2715,605,138,2026-05-24 11:49:47.659081,Walmart,0,2.76
2716,778,112,2026-05-20 12:56:10.659084,Walmart,0,2.24
2717,844,72,2026-05-20 22:23:22.659086,Amazon,0,1.44
2718,862,80,2026-05-25 16:51:05.659089,Walmart,0,1.6
2719,361,152,2026-05-25 22:03:54.659091,BestBuy,0,3.04
2720,257,192,2026-05-23 09:48:19.659093,Walmart,0,3.84
2721,133,299,2026-05-23 16:56:06.659096,Walmart,0,5.98
2722,276,39,2026-05-18 23:49:22.659098,Walmart,0,0.78
2723,776,61,2026-05-23 12:29:53.659100,Amazon,0,1.22
2724,683,186,2026-05-21 03:25:08.659103,Amazon,0,3.72
2725,972,67,2026-05-25 17:14:50.659105,Target,0,1.34
2726,513,70,2026-05-22 04:52:32.659108,Walmart,0,1.4
2727,313,339,2026-05-23 17:41:23.659110,Amazon,0,6.78
2728,576,161,2026-05-21 13:13:54.659113,BestBuy,0,3.22
2729,886,47,2026-05-23 04:45:00.659115,Target,0,0.94
2730,980,49,2026-05-19 21:06:45.659117,BestBuy,0,0.98
2731,284,101,2026-05-21 09:40:35.659120,Walmart,0,2.02
2732,121,16,2026-05-22 02:34:11.659122,BestBuy,0,0.32
2733,107,139,2026-05-19 16:32:59.659124,Target,0,2.78
2734,933,62,2026-05-20 01:46:36.659127,Walmart,0,1.24
2735,687,16,2026-05-22 00:05:04.659129,Amazon,0,0.32
2736,997,234,2026-05-22 19:18:37.659131,BestBuy,1,46.8
2737,204,246,2026-05-23 21:21:58.659134,BestBuy,1,49.2
2738,165,10,2026-05-23 05:30:46.659136,Target,0,0.2
2739,305,50,2026-05-19 18:07:14.659138,Amazon,0,1.0
2740,497,90,2026-05-22 00:43:50.659141,Walmart,0,1.8
2741,632,109,2026-05-22 14:40:20.659143,Walmart,0,2.18
2742,556,136,2026-05-20 13:10:44.659146,Walmart,0,2.72
2743,824,66,2026-05-22 23:40:02.659148,Target,0,1.32
2744,156,150,2026-05-20 15:31:07.659150,BestBuy,0,3.0
2745,367,300,2026-05-25 12:21:19.659153,BestBuy,1,60.0
2746,719,51,2026-05-21 01:44:45.659155,BestBuy,0,1.02
2747,902,211,2026-05-23 21:26:54.659157,BestBuy,1,42.2
2748,620,95,2026-05-22 21:13:15.659160,Target,0,1.9
2749,251,13,2026-05-24 23:26:09.659162,Target,0,0.26
2750,957,25,2026-05-20 05:25:04.659165,Amazon,0,0.5
2751,916,48,2026-05-23 21:47:31.659167,Target,0,0.96
2752,882,95,2026-05-24 21:14:34.659169,BestBuy,0,1.9
2753,334,29,2026-05-19 10:41:14.659172,Walmart,0,0.58
2754,642,105,2026-05-25 07:13:28.659174,Amazon,0,2.1
2755,969,73,2026-05-19 04:10:45.659176,Walmart,0,1.46
2756,511,163,2026-05-22 16:51:28.659179,Walmart,0,3.26
2757,293,112,2026-05-22 20:10:47.659181,BestBuy,0,2.24
2758,20,105,2026-05-24 11:57:17.659183,Target,0,2.1
2759,282,62,2026-05-19 21:35:22.659186,Target,0,1.24
2760,797,94,2026-05-25 11:39:27.659188,Target,0,1.88
2761,1,81,2026-05-23 01:51:32.659190,BestBuy,0,1.62
2762,119,70,2026-05-24 18:43:38.659193,BestBuy,0,1.4
2763,35,35,2026-05-20 07:39:56.659195,Walmart,0,0.7
2764,198,164,2026-05-19 09:14:07.659197,Amazon,0,3.28
2765,485,90,2026-05-21 08:29:51.659200,Target,0,1.8
2766,757,132,2026-05-25 15:25:56.659202,Target,0,2.64
2767,59,90,2026-05-22 23:40:43.659204,Amazon,0,1.8
2768,837,61,2026-05-19 02:15:31.659207,Walmart,0,1.22
2769,161,37,2026-05-22 00:47:45.659209,Walmart,0,0.74
2770,691,76,2026-05-25 08:40:19.659211,Amazon,0,1.52
2771,206,94,2026-05-19 21:59:25.659214,Target,0,1.88
2772,12,8,2026-05-22 11:22:43.659216,BestBuy,0,0.16
2773,490,156,2026-05-25 14:04:02.659218,BestBuy,0,3.12
2774,276,71,2026-05-25 07:39:51.659221,Amazon,0,1.42
2775,693,128,2026-05-24 00:35:28.659223,Target,0,2.56
2776,242,188,2026-05-21 03:49:15.659225,Amazon,0,3.76
2777,216,55,2026-05-21 02:12:13.659228,Walmart,0,1.1
2778,251,234,2026-05-23 16:48:57.659230,Walmart,0,4.68
2779,811,44,2026-05-22 15:57:11.659233,BestBuy,0,0.88
2780,126,38,2026-05-25 10:02:43.659235,Walmart,0,0.76
2781,994,211,2026-05-24 06:06:42.659237,Walmart,0,4.22
2782,217,119,2026-05-21 22:20:36.659240,Amazon,0,2.38
2783,306,88,2026-05-21 20:06:01.659242,Amazon,0,1.76
2784,797,102,2026-05-25 01:50:53.659245,Target,0,2.04
2785,185,61,2026-05-25 00:09:39.659247,Amazon,0,1.22
2786,39,200,2026-05-23 18:09:10.659250,Target,0,4.0
2787,223,23,2026-05-23 18:37:14.659252,BestBuy,0,0.46
2788,184,50,2026-05-21 17:48:31.659254,Amazon,0,1.0
2789,495,9,2026-05-21 12:31:56.659257,Amazon,0,0.18
2790,427,11,2026-05-20 09:08:05.659259,Amazon,0,0.22
2791,178,62,2026-05-21 12:04:08.659262,BestBuy,0,1.24
2792,919,250,2026-05-24 16:22:20.659264,Amazon,0,5.0
2793,428,123,2026-05-24 13:56:47.659266,Walmart,0,2.46
2794,294,93,2026-05-19 15:51:52.659268,Amazon,0,1.86
2795,852,235,2026-05-19 11:09:27.659271,Target,0,4.7
2796,151,9,2026-05-19 17:37:01.659273,Walmart,0,0.18
2797,384,76,2026-05-20 23:52:23.659276,Amazon,0,1.52
2798,638,169,2026-05-21 18:38:26.659278,Amazon,0,3.38
2799,813,14,2026-05-23 13:45:01.659280,BestBuy,0,0.28
2800,308,89,2026-05-19 09:35:34.659283,Target,0,1.78
2801,336,208,2026-05-23 05:00:53.659285,Walmart,0,4.16
2802,946,13,2026-05-24 21:41:12.659287,Walmart,0,0.26
2803,746,132,2026-05-24 23:30:59.659290,BestBuy,0,2.64
2804,892,81,2026-05-24 13:41:13.659292,Walmart,0,1.62
2805,375,76,2026-05-18 23:38:36.659294,Walmart,0,1.52
2806,8,43,2026-05-20 02:31:45.659297,Target,0,0.86
2807,341,27,2026-05-19 22:46:54.659299,Amazon,0,0.54
2808,129,124,2026-05-19 08:11:27.659302,Amazon,0,2.48
2809,776,85,2026-05-24 17:03:33.659304,Walmart,0,1.7
2810,669,127,2026-05-25 10:55:51.659306,Target,0,2.54
2811,352,137,2026-05-25 03:34:08.659309,BestBuy,0,2.74
2812,358,32,2026-05-22 10:21:50.659311,Amazon,0,0.64
2813,517,152,2026-05-21 15:07:40.659314,Walmart,0,3.04
2814,495,61,2026-05-24 23:43:48.659317,Walmart,0,1.22
2815,86,74,2026-05-20 13:16:17.659319,Target,0,1.48
2816,175,125,2026-05-23 21:26:00.659321,Target,0,2.5
2817,802,95,2026-05-19 04:29:12.659324,Target,0,1.9
2818,193,96,2026-05-20 06:07:15.659326,Walmart,0,1.92
2819,311,96,2026-05-21 03:11:25.659328,Target,0,1.92
2820,119,26,2026-05-23 16:53:17.659331,Walmart,0,0.52
2821,218,50,2026-05-24 15:02:06.659333,Amazon,0,1.0
2822,427,234,2026-05-21 14:34:24.659335,Walmart,0,4.68
2823,970,41,2026-05-21 22:49:45.659338,Walmart,0,0.82
2824,414,206,2026-05-20 04:31:24.659340,Amazon,0,4.12
2825,114,277,2026-05-25 06:41:31.659348,Target,0,5.54
2826,978,5,2026-05-21 08:41:36.659352,Target,0,0.1
2827,145,14,2026-05-22 11:05:10.659354,Walmart,0,0.28
2828,538,114,2026-05-25 20:39:39.659356,Walmart,0,2.28
2829,648,146,2026-05-21 10:42:03.659359,Amazon,0,2.92
2830,303,90,2026-05-22 13:55:30.659361,Target,0,1.8
2831,744,75,2026-05-21 08:03:47.659363,Amazon,0,1.5
2832,881,122,2026-05-20 15:49:02.659366,Walmart,0,2.44
2833,588,5,2026-05-19 00:54:55.659368,Walmart,0,0.1
2834,987,47,2026-05-19 20:26:34.659371,Amazon,0,0.94
2835,840,21,2026-05-19 11:04:51.659373,Amazon,0,0.42
2836,345,59,2026-05-23 16:14:18.659375,BestBuy,0,1.18
2837,814,223,2026-05-24 21:03:28.659378,BestBuy,1,44.6
2838,964,202,2026-05-20 13:07:32.659380,Target,0,4.04
2839,801,71,2026-05-25 01:39:51.659383,Amazon,0,1.42
2840,1,175,2026-05-24 00:23:11.659387,Target,0,3.5
2841,147,31,2026-05-21 07:17:48.659389,BestBuy,0,0.62
2842,287,20,2026-05-19 11:55:41.659391,Target,0,0.4
2843,976,13,2026-05-19 03:56:27.659394,BestBuy,0,0.26
2844,654,11,2026-05-22 06:34:07.659396,Amazon,0,0.22
2845,53,174,2026-05-25 01:19:43.659398,Amazon,0,3.48
2846,304,131,2026-05-24 16:08:27.659401,Target,0,2.62
2847,69,43,2026-05-22 20:17:21.659403,Amazon,0,0.86
2848,361,106,2026-05-22 11:41:03.659405,Target,0,2.12
2849,602,55,2026-05-19 12:12:47.659407,Target,0,1.1
2850,958,43,2026-05-22 00:13:04.659410,BestBuy,0,0.86
2851,220,123,2026-05-23 00:56:05.659412,Walmart,0,2.46
2852,962,366,2026-05-25 00:34:52.659414,Target,0,7.32
2853,704,25,2026-05-22 17:02:36.659416,BestBuy,0,0.5
2854,966,188,2026-05-25 18:11:00.659419,BestBuy,0,3.76
2855,575,76,2026-05-23 05:47:12.659421,BestBuy,0,1.52
2856,585,72,2026-05-20 11:34:14.659423,Walmart,0,1.44
2857,161,352,2026-05-21 05:42:16.659425,Amazon,0,7.04
2858,681,215,2026-05-18 23:01:52.659428,Target,0,4.3
2859,89,37,2026-05-21 18:25:29.659430,Target,0,0.74
2860,688,109,2026-05-25 00:26:29.659432,Amazon,0,2.18
2861,781,120,2026-05-21 22:05:26.659434,Amazon,0,2.4
2862,585,47,2026-05-23 15:12:14.659437,BestBuy,0,0.94
2863,757,119,2026-05-22 17:18:38.659439,BestBuy,0,2.38
2864,589,56,2026-05-19 09:43:26.659441,Amazon,0,1.12
2865,159,82,2026-05-24 15:47:07.659444,Target,0,1.64
2866,489,30,2026-05-23 10:53:32.659446,Amazon,0,0.6
2867,971,129,2026-05-25 05:21:42.659448,Amazon,0,2.58
2868,324,62,2026-05-25 15:05:09.659450,Walmart,0,1.24
2869,610,227,2026-05-23 21:28:05.659453,Walmart,0,4.54
2870,381,68,2026-05-19 21:07:23.659455,BestBuy,0,1.36
2871,102,227,2026-05-21 01:40:51.659458,BestBuy,1,45.4
2872,494,58,2026-05-21 22:36:56.659460,Target,0,1.16
2873,644,60,2026-05-22 03:22:55.659462,Amazon,0,1.2
2874,614,150,2026-05-25 02:22:30.659464,Amazon,0,3.0
2875,19,41,2026-05-22 04:26:05.659467,Walmart,0,0.82
2876,454,85,2026-05-19 13:58:11.659469,Target,0,1.7
2877,482,42,2026-05-21 18:58:56.659471,Amazon,0,0.84
2878,594,299,2026-05-23 22:32:06.659473,Target,0,5.98
2879,397,214,2026-05-21 12:18:03.659476,Walmart,0,4.28
2880,279,87,2026-05-23 22:25:59.659478,Amazon,0,1.74
2881,851,61,2026-05-22 05:49:53.659480,Walmart,0,1.22
2882,365,30,2026-05-20 05:24:43.659482,Walmart,0,0.6
2883,331,53,2026-05-21 06:55:51.659485,Walmart,0,1.06
2884,641,102,2026-05-21 05:11:13.659487,Amazon,0,2.04
2885,344,28,2026-05-24 18:07:21.659489,Target,0,0.56
2886,822,136,2026-05-23 18:27:57.659492,Amazon,0,2.72
2887,455,187,2026-05-25 22:06:25.659495,Walmart,0,3.74
2888,601,153,2026-05-21 18:54:37.659497,BestBuy,0,3.06
2889,725,45,2026-05-24 03:05:25.659499,Target,0,0.9
2890,655,161,2026-05-23 05:08:04.659502,BestBuy,0,3.22
2891,65,95,2026-05-20 22:25:17.659504,Walmart,0,1.9
2892,76,156,2026-05-25 13:31:25.659506,Amazon,0,3.12
2893,711,165,2026-05-20 11:05:15.659509,Target,0,3.3
2894,143,171,2026-05-19 13:47:38.659511,BestBuy,0,3.42
2895,917,60,2026-05-23 22:59:53.659513,Amazon,0,1.2
2896,915,228,2026-05-19 05:37:18.659516,Target,0,4.56
2897,828,47,2026-05-23 13:42:19.659518,Walmart,0,0.94
2898,605,28,2026-05-19 01:51:38.659520,Walmart,0,0.56
2899,473,74,2026-05-22 22:16:49.659522,Walmart,0,1.48
2900,417,39,2026-05-23 03:30:16.659525,Amazon,0,0.78
2901,305,121,2026-05-20 22:04:00.659527,Amazon,0,2.42
2902,736,53,2026-05-22 11:20:44.659529,Walmart,0,1.06
2903,497,119,2026-05-23 19:38:46.659532,Walmart,0,2.38
2904,291,63,2026-05-23 13:37:50.659534,Target,0,1.26
2905,940,119,2026-05-23 02:23:57.659536,BestBuy,0,2.38
2906,102,137,2026-05-23 01:00:13.659538,Target,0,2.74
2907,986,55,2026-05-23 16:59:18.659541,BestBuy,0,1.1
2908,267,136,2026-05-22 18:18:34.659543,Amazon,0,2.72
2909,867,10,2026-05-21 18:06:16.659545,Target,0,0.2
2910,968,14,2026-05-23 02:39:23.659548,Amazon,0,0.28
2911,622,64,2026-05-23 01:30:22.659550,Amazon,0,1.28
2912,974,89,2026-05-23 11:15:23.659552,BestBuy,0,1.78
2913,842,72,2026-05-21 03:54:44.659555,BestBuy,0,1.44
2914,962,126,2026-05-21 05:55:49.659557,Target,0,2.52
2915,942,90,2026-05-22 13:28:47.659559,Target,0,1.8
2916,777,92,2026-05-23 14:36:07.659562,Target,0,1.84
2917,3,47,2026-05-19 23:15:48.659564,BestBuy,0,0.94
2918,85,152,2026-05-22 21:06:19.659566,Walmart,0,3.04
2919,794,72,2026-05-22 03:42:48.659568,Walmart,0,1.44
2920,328,202,2026-05-22 00:08:25.659571,BestBuy,1,40.4
2921,816,117,2026-05-22 20:26:53.659573,Target,0,2.34
2922,450,61,2026-05-24 02:41:42.659575,Walmart,0,1.22
2923,454,257,2026-05-25 09:33:04.659577,Amazon,0,5.14
2924,924,46,2026-05-25 04:56:16.659580,Walmart,0,0.92
2925,629,58,2026-05-23 06:52:40.659582,Walmart,0,1.16
2926,221,82,2026-05-23 00:39:49.659584,BestBuy,0,1.64
2927,154,70,2026-05-21 14:09:45.659587,BestBuy,0,1.4
2928,665,291,2026-05-21 13:27:35.659589,Walmart,0,5.82
2929,12,41,2026-05-21 03:17:15.659591,Amazon,0,0.82
2930,133,45,2026-05-25 00:04:03.659593,Amazon,0,0.9
2931,994,77,2026-05-20 13:54:15.659596,Target,0,1.54
2932,304,22,2026-05-23 03:29:45.659598,Walmart,0,0.44
2933,293,173,2026-05-21 03:40:28.659600,Walmart,0,3.46
2934,975,194,2026-05-23 10:27:27.659602,Amazon,0,3.88
2935,300,120,2026-05-22 13:56:28.659605,BestBuy,0,2.4
2936,740,76,2026-05-24 22:24:28.659607,Walmart,0,1.52
2937,783,64,2026-05-21 02:14:50.659609,Amazon,0,1.28
2938,43,70,2026-05-20 19:11:19.659611,Walmart,0,1.4
2939,944,128,2026-05-22 21:07:18.659613,BestBuy,0,2.56
2940,343,107,2026-05-25 08:23:53.659616,Target,0,2.14
2941,326,18,2026-05-20 23:23:25.659618,BestBuy,0,0.36
2942,814,112,2026-05-22 03:23:02.659620,BestBuy,0,2.24
2943,498,35,2026-05-19 21:37:25.659622,Amazon,0,0.7
2944,364,53,2026-05-25 11:32:32.659625,Amazon,0,1.06
2945,891,10,2026-05-25 13:35:35.659627,BestBuy,0,0.2
2946,427,53,2026-05-21 22:07:47.659629,Amazon,0,1.06
2947,21,246,2026-05-22 16:30:06.659632,BestBuy,1,49.2
2948,407,91,2026-05-19 21:16:21.659634,BestBuy,0,1.82
2949,619,8,2026-05-20 02:48:23.659636,Walmart,0,0.16
2950,336,33,2026-05-25 20:14:38.659638,BestBuy,0,0.66
2951,815,130,2026-05-25 04:42:09.659640,Target,0,2.6
2952,117,106,2026-05-21 21:45:17.659643,Amazon,0,2.12
2953,124,50,2026-05-21 02:38:34.659645,Target,0,1.0
2954,399,42,2026-05-22 03:51:35.659648,Amazon,0,0.84
2955,793,40,2026-05-23 09:00:59.659650,BestBuy,0,0.8
2956,804,60,2026-05-25 09:04:26.659652,Target,0,1.2
2957,715,98,2026-05-23 10:40:39.659655,Walmart,0,1.96
2958,51,98,2026-05-21 00:02:07.659657,BestBuy,0,1.96
2959,783,36,2026-05-23 12:30:15.659659,BestBuy,0,0.72
2960,324,208,2026-05-20 09:35:02.659661,BestBuy,1,41.6
2961,789,101,2026-05-21 18:10:53.659664,Walmart,0,2.02
2962,141,32,2026-05-25 15:39:12.659666,Target,0,0.64
2963,470,6,2026-05-20 07:57:48.659668,BestBuy,0,0.12
2964,787,203,2026-05-22 07:12:03.659670,Target,0,4.06
2965,802,145,2026-05-25 08:05:41.659673,BestBuy,0,2.9
2966,334,29,2026-05-20 02:58:04.659675,BestBuy,0,0.58
2967,893,68,2026-05-19 05:16:01.659677,BestBuy,0,1.36
2968,964,184,2026-05-19 18:40:38.659679,Walmart,0,3.68
2969,373,160,2026-05-19 17:01:45.659682,BestBuy,0,3.2
2970,564,128,2026-05-24 08:26:41.659684,Target,0,2.56
2971,494,94,2026-05-25 00:21:29.659686,BestBuy,0,1.88
2972,539,37,2026-05-21 11:39:52.659688,Target,0,0.74
2973,669,65,2026-05-25 10:30:13.659691,Target,0,1.3
2974,751,79,2026-05-25 05:31:07.659693,Amazon,0,1.58
2975,156,120,2026-05-25 20:39:01.659695,Target,0,2.4
2976,291,148,2026-05-23 05:48:59.659698,Amazon,0,2.96
2977,648,43,2026-05-25 01:23:28.659700,Walmart,0,0.86
2978,144,89,2026-05-21 09:13:43.659702,BestBuy,0,1.78
2979,106,183,2026-05-23 05:58:28.659704,Walmart,0,3.66
2980,420,161,2026-05-19 06:34:48.659707,Walmart,0,3.22
2981,670,217,2026-05-19 16:47:11.659709,Target,0,4.34
2982,658,91,2026-05-22 13:07:00.659711,BestBuy,0,1.82
2983,2,53,2026-05-20 21:44:04.659713,BestBuy,0,1.06
2984,945,130,2026-05-21 08:55:22.659716,Walmart,0,2.6
2985,589,47,2026-05-19 14:40:37.659718,Amazon,0,0.94
2986,644,40,2026-05-23 17:30:01.659720,Amazon,0,0.8
2987,90,189,2026-05-19 10:42:44.659723,Target,0,3.78
2988,345,33,2026-05-25 22:23:46.659725,Amazon,0,0.66
2989,350,89,2026-05-20 21:17:30.659727,Amazon,0,1.78
2990,459,11,2026-05-23 05:18:43.659729,Walmart,0,0.22
2991,263,220,2026-05-20 11:34:07.659732,Amazon,0,4.4
2992,351,36,2026-05-24 06:35:34.659734,BestBuy,0,0.72
2993,108,161,2026-05-22 19:14:03.659736,Walmart,0,3.22
2994,586,46,2026-05-21 06:15:47.659738,Walmart,0,0.92
2995,39,123,2026-05-21 12:36:33.659741,Amazon,0,2.46
2996,909,29,2026-05-20 23:14:50.659743,BestBuy,0,0.58
2997,159,87,2026-05-25 02:41:37.659745,BestBuy,0,1.74
2998,583,65,2026-05-22 12:58:02.659748,Amazon,0,1.3
2999,959,30,2026-05-24 10:56:46.659750,BestBuy,0,0.6
3000,312,140,2026-05-21 04:43:55.659752,Target,0,2.8
3001,241,160,2026-05-20 13:31:31.659755,Target,0,3.2
3002,938,86,2026-05-21 01:18:10.659757,Amazon,0,1.72
3003,445,16,2026-05-25 03:00:07.659759,Walmart,0,0.32
3004,298,16,2026-05-20 07:39:32.659762,Walmart,0,0.32
3005,952,21,2026-05-19 07:29:55.659764,BestBuy,0,0.42
3006,36,109,2026-05-19 03:26:36.659766,Target,0,2.18
3007,84,36,2026-05-20 22:21:17.659768,Walmart,0,0.72
3008,452,243,2026-05-25 03:25:35.659771,BestBuy,1,48.6
3009,886,18,2026-05-22 02:11:02.659773,Target,0,0.36
3010,775,55,2026-05-24 08:44:42.659775,Walmart,0,1.1
3011,822,156,2026-05-20 22:06:04.659778,BestBuy,0,3.12
3012,385,192,2026-05-20 23:29:56.659780,Amazon,0,3.84
3013,172,88,2026-05-19 17:05:25.659782,Amazon,0,1.76
3014,376,57,2026-05-25 14:40:48.659784,Walmart,0,1.14
3015,685,125,2026-05-25 00:59:00.659787,BestBuy,0,2.5
3016,362,52,2026-05-21 07:29:27.659789,Target,0,1.04
3017,559,16,2026-05-22 08:59:09.659791,Amazon,0,0.32
3018,891,60,2026-05-20 10:00:32.659793,Target,0,1.2
3019,141,45,2026-05-24 20:06:04.659796,BestBuy,0,0.9
3020,887,177,2026-05-20 18:57:28.659798,Amazon,0,3.54
3021,918,24,2026-05-20 15:16:16.659800,Walmart,0,0.48
3022,118,25,2026-05-23 06:01:06.659803,Amazon,0,0.5
3023,277,40,2026-05-21 18:04:46.659805,Walmart,0,0.8
3024,726,63,2026-05-20 20:09:40.659807,Target,0,1.26
3025,220,261,2026-05-23 00:23:26.659809,Amazon,0,5.22
3026,905,47,2026-05-19 06:22:48.659812,BestBuy,0,0.94
3027,26,117,2026-05-19 20:47:50.659814,Target,0,2.34
3028,521,79,2026-05-21 03:37:46.659816,Target,0,1.58
3029,783,95,2026-05-22 19:36:14.659818,Walmart,0,1.9
3030,10,109,2026-05-25 14:09:32.659821,BestBuy,0,2.18
3031,984,191,2026-05-23 15:17:42.659823,Target,0,3.82
3032,378,43,2026-05-20 21:26:27.659825,Amazon,0,0.86
3033,633,61,2026-05-20 20:33:58.659828,Walmart,0,1.22
3034,637,137,2026-05-24 00:08:20.659830,BestBuy,0,2.74
3035,682,98,2026-05-25 16:36:39.659833,Walmart,0,1.96
3036,584,8,2026-05-20 03:27:41.659835,Walmart,0,0.16
3037,152,22,2026-05-22 00:19:24.659837,Target,0,0.44
3038,720,109,2026-05-19 20:15:06.659839,Amazon,0,2.18
3039,49,30,2026-05-24 19:27:22.659842,Amazon,0,0.6
3040,154,44,2026-05-23 11:21:45.659844,BestBuy,0,0.88
3041,859,117,2026-05-19 12:29:47.659846,BestBuy,0,2.34
3042,293,189,2026-05-22 16:31:38.659849,Amazon,0,3.78
3043,580,223,2026-05-19 01:41:13.659851,Walmart,0,4.46
3044,50,67,2026-05-20 04:03:25.659853,Walmart,0,1.34
3045,664,139,2026-05-25 17:49:54.659856,Amazon,0,2.78
3046,531,151,2026-05-22 18:27:34.659858,Target,0,3.02
3047,612,50,2026-05-22 22:28:34.659860,Walmart,0,1.0
3048,60,130,2026-05-25 22:12:04.659863,Amazon,0,2.6
3049,167,123,2026-05-25 10:54:52.659865,Target,0,2.46
3050,202,116,2026-05-25 14:15:13.659867,Walmart,0,2.32
3051,857,116,2026-05-21 23:33:01.659869,BestBuy,0,2.32
3052,146,191,2026-05-25 22:27:55.659872,Walmart,0,3.82
3053,915,14,2026-05-24 08:15:34.659874,Walmart,0,0.28
3054,676,59,2026-05-20 11:10:58.659876,Amazon,0,1.18
3055,970,185,2026-05-19 22:46:54.659878,Walmart,0,3.7
3056,993,17,2026-05-24 17:44:28.659880,Walmart,0,0.34
3057,439,11,2026-05-23 22:08:27.659883,Target,0,0.22
3058,242,23,2026-05-22 20:08:50.659885,Amazon,0,0.46
3059,581,184,2026-05-20 00:16:38.659887,Target,0,3.68
3060,687,95,2026-05-25 05:35:59.659890,BestBuy,0,1.9
3061,561,195,2026-05-20 05:46:37.659892,Walmart,0,3.9
3062,483,68,2026-05-25 08:58:12.659894,Amazon,0,1.36
3063,108,147,2026-05-25 18:23:12.659896,BestBuy,0,2.94
3064,226,80,2026-05-24 06:27:12.659899,Amazon,0,1.6
3065,673,120,2026-05-24 18:17:42.659901,Walmart,0,2.4
3066,631,33,2026-05-21 05:44:49.659903,Amazon,0,0.66
3067,661,98,2026-05-19 20:18:19.659905,Amazon,0,1.96
3068,977,105,2026-05-19 08:59:05.659908,Target,0,2.1
3069,662,112,2026-05-24 03:23:03.659911,Amazon,0,2.24
3070,432,342,2026-05-23 15:52:31.659913,Amazon,0,6.84
3071,805,123,2026-05-23 20:17:32.659915,Target,0,2.46
3072,655,279,2026-05-21 21:57:43.659918,Walmart,0,5.58
3073,419,36,2026-05-20 07:47:25.659920,BestBuy,0,0.72
3074,988,78,2026-05-23 22:28:30.659922,Target,0,1.56
3075,455,7,2026-05-20 04:17:01.659924,Walmart,0,0.14
3076,160,26,2026-05-21 03:40:26.659926,Walmart,0,0.52
3077,523,47,2026-05-23 17:39:37.659929,BestBuy,0,0.94
3078,650,235,2026-05-22 14:49:54.659931,Walmart,0,4.7
3079,969,212,2026-05-19 08:10:47.659933,Target,0,4.24
3080,590,102,2026-05-24 02:47:53.659935,Walmart,0,2.04
3081,77,47,2026-05-20 11:32:55.659937,BestBuy,0,0.94
3082,509,39,2026-05-24 02:25:48.659939,BestBuy,0,0.78
3083,441,84,2026-05-24 12:00:01.659941,Target,0,1.68
3084,254,132,2026-05-22 12:58:27.659944,Target,0,2.64
3085,921,186,2026-05-21 04:39:20.659946,Walmart,0,3.72
3086,770,140,2026-05-21 12:29:02.659948,BestBuy,0,2.8
3087,320,12,2026-05-24 13:06:00.659950,BestBuy,0,0.24
3088,803,61,2026-05-25 18:46:28.659952,Walmart,0,1.22
3089,263,18,2026-05-25 13:12:48.659954,BestBuy,0,0.36
3090,597,127,2026-05-19 00:52:43.659957,Target,0,2.54
3091,658,183,2026-05-21 02:07:55.659959,Target,0,3.66
3092,835,89,2026-05-19 22:10:21.659961,Walmart,0,1.78
3093,554,90,2026-05-18 23:58:20.659963,Walmart,0,1.8
3094,374,27,2026-05-21 10:45:00.659965,Walmart,0,0.54
3095,637,129,2026-05-20 07:40:48.659967,Target,0,2.58
3096,167,205,2026-05-22 19:27:12.659970,Target,0,4.1
3097,937,118,2026-05-20 21:45:34.659972,BestBuy,0,2.36
3098,753,69,2026-05-24 15:53:03.659974,Target,0,1.38
3099,459,157,2026-05-22 14:26:12.659976,Walmart,0,3.14
3100,999,80,2026-05-20 15:58:11.659978,Amazon,0,1.6
3101,280,48,2026-05-20 04:20:16.659980,Amazon,0,0.96
3102,700,33,2026-05-25 19:28:31.659982,Amazon,0,0.66
3103,302,102,2026-05-19 23:53:05.659985,Amazon,0,2.04
3104,531,82,2026-05-25 21:03:41.659987,Amazon,0,1.64
3105,580,263,2026-05-22 01:12:15.659989,Target,0,5.26
3106,218,40,2026-05-25 06:49:52.659991,Walmart,0,0.8
3107,102,46,2026-05-21 21:23:09.659993,Walmart,0,0.92
3108,554,6,2026-05-24 13:36:47.659995,BestBuy,0,0.12
3109,288,155,2026-05-19 20:46:18.659997,Walmart,0,3.1
3110,167,77,2026-05-25 06:33:49.659999,BestBuy,0,1.54
3111,621,50,2026-05-21 21:15:48.660001,Walmart,0,1.0
3112,36,96,2026-05-25 12:06:38.660004,BestBuy,0,1.92
3113,744,166,2026-05-19 22:03:21.660006,BestBuy,0,3.32
3114,741,199,2026-05-20 14:30:47.660008,Walmart,0,3.98
3115,353,123,2026-05-20 19:00:00.660010,Amazon,0,2.46
3116,676,36,2026-05-23 05:57:31.660012,Walmart,0,0.72
3117,899,34,2026-05-25 04:39:50.660014,Walmart,0,0.68
3118,73,130,2026-05-21 13:56:23.660017,Amazon,0,2.6
3119,648,40,2026-05-23 07:24:38.660019,Walmart,0,0.8
3120,353,106,2026-05-24 14:39:45.660021,BestBuy,0,2.12
3121,891,101,2026-05-22 22:24:53.660023,Amazon,0,2.02
3122,70,18,2026-05-22 12:06:08.660025,Amazon,0,0.36
3123,425,60,2026-05-21 13:01:35.660027,Target,0,1.2
3124,999,4,2026-05-24 09:43:20.660030,BestBuy,0,0.08
3125,708,63,2026-05-24 10:16:42.660032,BestBuy,0,1.26
3126,781,213,2026-05-20 20:31:22.660034,Walmart,0,4.26
3127,561,83,2026-05-24 08:53:59.660036,Walmart,0,1.66
3128,828,40,2026-05-23 14:34:02.660038,BestBuy,0,0.8
3129,642,219,2026-05-25 17:43:19.660040,BestBuy,1,43.8
3130,956,57,2026-05-19 20:42:09.660043,BestBuy,0,1.14
3131,517,89,2026-05-22 19:56:47.660045,Walmart,0,1.78
3132,428,128,2026-05-20 15:42:58.660047,BestBuy,0,2.56
3133,539,161,2026-05-21 22:33:51.660049,BestBuy,0,3.22
3134,160,219,2026-05-24 13:09:52.660051,Amazon,0,4.38
3135,149,69,2026-05-21 16:22:47.660053,BestBuy,0,1.38
3136,776,60,2026-05-19 17:42:14.660055,Target,0,1.2
3137,230,108,2026-05-19 18:19:52.660058,Walmart,0,2.16
3138,712,141,2026-05-19 06:57:23.660060,Amazon,0,2.82
3139,562,108,2026-05-25 13:02:20.660062,BestBuy,0,2.16
3140,67,52,2026-05-23 17:54:21.660064,BestBuy,0,1.04
3141,812,229,2026-05-20 10:51:04.660066,Amazon,0,4.58
3142,381,125,2026-05-22 17:21:47.660068,Amazon,0,2.5
3143,58,287,2026-05-24 23:41:18.660070,Amazon,0,5.74
3144,259,336,2026-05-22 05:37:53.660073,Target,0,6.72
3145,342,22,2026-05-25 06:53:50.660075,Target,0,0.44
3146,838,95,2026-05-19 14:28:25.660077,Amazon,0,1.9
3147,130,44,2026-05-19 23:10:25.660079,BestBuy,0,0.88
3148,727,108,2026-05-25 18:33:38.660082,Walmart,0,2.16
3149,172,45,2026-05-25 03:55:00.660084,Target,0,0.9
3150,770,19,2026-05-22 06:15:04.660086,Walmart,0,0.38
3151,614,164,2026-05-25 21:08:34.660088,Walmart,0,3.28
3152,209,177,2026-05-25 07:55:09.660090,Target,0,3.54
3153,803,96,2026-05-20 08:40:40.660092,Walmart,0,1.92
3154,354,119,2026-05-20 17:58:24.660095,BestBuy,0,2.38
3155,471,274,2026-05-20 10:39:01.660097,Target,0,5.48
3156,798,10,2026-05-21 20:25:50.660099,Target,0,0.2
3157,116,30,2026-05-22 10:06:39.660101,Walmart,0,0.6
3158,264,122,2026-05-19 06:00:35.660103,Walmart,0,2.44
3159,662,20,2026-05-24 19:39:24.660105,Amazon,0,0.4
3160,812,49,2026-05-23 12:00:59.660108,Target,0,0.98
3161,442,60,2026-05-19 13:07:43.660110,Walmart,0,1.2
3162,548,31,2026-05-21 19:37:48.660112,BestBuy,0,0.62
3163,453,108,2026-05-20 20:11:27.660114,Target,0,2.16
3164,845,77,2026-05-19 07:15:37.660116,Amazon,0,1.54
3165,477,53,2026-05-24 03:41:42.660118,BestBuy,0,1.06
3166,287,369,2026-05-20 04:14:13.660120,Amazon,0,7.38
3167,303,27,2026-05-23 01:32:03.660122,Amazon,0,0.54
3168,311,46,2026-05-22 12:57:57.660124,BestBuy,0,0.92
3169,208,69,2026-05-24 18:04:46.660126,Amazon,0,1.38
3170,618,124,2026-05-19 00:23:06.660128,Amazon,0,2.48
3171,446,182,2026-05-23 03:31:06.660131,Amazon,0,3.64
3172,670,14,2026-05-24 23:27:45.660133,Amazon,0,0.28
3173,633,174,2026-05-19 04:53:39.660135,Amazon,0,3.48
3174,55,20,2026-05-22 13:59:58.660137,Target,0,0.4
3175,912,69,2026-05-23 18:14:52.660139,Walmart,0,1.38
3176,12,120,2026-05-21 06:07:57.660141,Target,0,2.4
3177,657,281,2026-05-22 18:48:40.660144,Target,0,5.62
3178,400,78,2026-05-21 07:24:48.660146,Walmart,0,1.56
3179,908,46,2026-05-23 10:48:20.660148,Walmart,0,0.92
3180,648,75,2026-05-24 04:21:47.660150,BestBuy,0,1.5
3181,980,81,2026-05-21 02:08:51.660152,Amazon,0,1.62
3182,515,101,2026-05-21 08:11:18.660154,Walmart,0,2.02
3183,656,423,2026-05-21 22:36:05.660156,BestBuy,1,84.6
3184,542,95,2026-05-24 11:56:26.660158,BestBuy,0,1.9
3185,237,9,2026-05-22 14:09:12.660161,Target,0,0.18
3186,279,139,2026-05-20 04:39:14.660163,BestBuy,0,2.78
3187,348,97,2026-05-24 16:16:55.660165,Amazon,0,1.94
3188,627,86,2026-05-20 00:15:58.660167,Target,0,1.72
3189,104,201,2026-05-24 22:22:46.660169,Walmart,0,4.02
3190,630,173,2026-05-24 09:35:18.660171,Target,0,3.46
3191,517,26,2026-05-22 03:25:03.660174,Target,0,0.52
3192,980,72,2026-05-22 03:08:10.660176,Amazon,0,1.44
3193,872,18,2026-05-19 02:44:03.660178,Amazon,0,0.36
3194,248,14,2026-05-24 09:02:29.660180,Target,0,0.28
3195,364,24,2026-05-23 01:35:19.660182,Walmart,0,0.48
3196,321,106,2026-05-22 11:31:58.660184,Amazon,0,2.12
3197,633,157,2026-05-25 20:30:31.660186,Target,0,3.14
3198,286,161,2026-05-23 23:04:57.660189,Amazon,0,3.22
3199,149,77,2026-05-22 18:04:36.660191,Amazon,0,1.54
3200,84,29,2026-05-21 10:54:16.660193,BestBuy,0,0.58
3201,966,43,2026-05-21 04:52:15.660195,Walmart,0,0.86
3202,406,140,2026-05-19 13:05:14.660197,Target,0,2.8
3203,978,11,2026-05-21 05:04:41.660200,Target,0,0.22
3204,456,94,2026-05-25 22:47:13.660202,BestBuy,0,1.88
3205,743,22,2026-05-24 19:53:22.660204,Target,0,0.44
3206,800,105,2026-05-20 09:50:10.660206,Target,0,2.1
3207,161,142,2026-05-19 16:09:32.660208,BestBuy,0,2.84
3208,784,46,2026-05-19 04:08:51.660210,BestBuy,0,0.92
3209,460,15,2026-05-23 13:18:26.660212,Target,0,0.3
3210,550,60,2026-05-25 06:37:31.660215,BestBuy,0,1.2
3211,500,81,2026-05-21 19:05:45.660217,Amazon,0,1.62
3212,738,33,2026-05-21 10:29:21.660219,Amazon,0,0.66
3213,509,87,2026-05-20 22:50:21.660221,Amazon,0,1.74
3214,654,177,2026-05-25 05:38:01.660224,Amazon,0,3.54
3215,804,267,2026-05-22 02:43:03.660226,BestBuy,1,53.4
3216,481,48,2026-05-25 07:28:28.660228,Walmart,0,0.96
3217,663,207,2026-05-23 02:50:54.660230,Walmart,0,4.14
3218,114,133,2026-05-19 12:34:05.660232,Target,0,2.66
3219,749,177,2026-05-22 19:43:49.660234,Walmart,0,3.54
3220,578,128,2026-05-23 00:19:53.660236,Amazon,0,2.56
3221,361,292,2026-05-20 07:16:00.660239,BestBuy,1,58.4
3222,341,25,2026-05-25 15:00:07.660241,Amazon,0,0.5
3223,770,84,2026-05-21 15:12:42.660243,Amazon,0,1.68
3224,987,38,2026-05-24 13:36:16.660245,BestBuy,0,0.76
3225,761,93,2026-05-19 00:15:34.660247,Amazon,0,1.86
3226,969,173,2026-05-21 04:22:12.660249,Amazon,0,3.46
3227,449,61,2026-05-24 22:37:02.660251,BestBuy,0,1.22
3228,843,213,2026-05-19 11:42:58.660254,BestBuy,1,42.6
3229,835,170,2026-05-21 13:17:15.660256,Target,0,3.4
3230,180,79,2026-05-20 04:19:59.660258,Target,0,1.58
3231,702,17,2026-05-24 05:09:17.660260,Amazon,0,0.34
3232,407,77,2026-05-22 20:09:04.660262,Target,0,1.54
3233,666,345,2026-05-23 21:55:13.660264,Walmart,0,6.9
3234,196,134,2026-05-24 07:20:45.660266,Walmart,0,2.68
3235,466,128,2026-05-21 04:03:51.660268,Amazon,0,2.56
3236,311,11,2026-05-24 06:47:15.660271,Target,0,0.22
3237,262,192,2026-05-21 19:13:23.660273,Amazon,0,3.84
3238,419,140,2026-05-24 15:13:07.660275,Target,0,2.8
3239,406,65,2026-05-23 22:23:35.660277,BestBuy,0,1.3
3240,939,64,2026-05-22 22:57:29.660279,BestBuy,0,1.28
3241,143,198,2026-05-22 23:19:39.660282,BestBuy,0,3.96
3242,342,89,2026-05-19 07:45:43.660284,BestBuy,0,1.78
3243,316,153,2026-05-19 23:44:00.660286,Amazon,0,3.06
3244,101,203,2026-05-20 13:27:00.660288,Amazon,0,4.06
3245,244,38,2026-05-22 01:06:19.660290,Amazon,0,0.76
3246,490,72,2026-05-24 20:26:27.660293,Walmart,0,1.44
3247,12,44,2026-05-25 11:49:44.660295,BestBuy,0,0.88
3248,239,95,2026-05-24 11:28:07.660297,BestBuy,0,1.9
3249,561,14,2026-05-23 08:21:41.660299,BestBuy,0,0.28
3250,42,118,2026-05-19 10:04:06.660302,Target,0,2.36
3251,678,107,2026-05-21 04:28:27.660304,Target,0,2.14
3252,594,64,2026-05-22 08:54:34.660306,Walmart,0,1.28
3253,429,110,2026-05-23 00:01:51.660308,Walmart,0,2.2
3254,803,86,2026-05-25 02:29:02.660311,Target,0,1.72
3255,158,51,2026-05-25 03:11:50.660313,Target,0,1.02
3256,216,100,2026-05-20 11:43:46.660315,Amazon,0,2.0
3257,670,45,2026-05-19 11:42:40.660317,Amazon,0,0.9
3258,462,92,2026-05-23 20:33:41.660319,Target,0,1.84
3259,134,15,2026-05-22 20:50:23.660321,BestBuy,0,0.3
3260,67,85,2026-05-22 21:27:57.660324,Target,0,1.7
3261,848,72,2026-05-23 00:25:17.660326,Amazon,0,1.44
3262,7,168,2026-05-22 00:50:02.660328,Walmart,0,3.36
3263,948,79,2026-05-22 00:22:39.660330,Target,0,1.58
3264,526,26,2026-05-19 10:22:03.660332,Target,0,0.52
3265,73,166,2026-05-21 06:04:55.660334,BestBuy,0,3.32
3266,399,44,2026-05-20 13:11:07.660336,Walmart,0,0.88
3267,405,117,2026-05-19 19:20:33.660339,BestBuy,0,2.34
3268,675,58,2026-05-25 22:12:44.660341,Walmart,0,1.16
3269,578,63,2026-05-22 14:35:17.660343,BestBuy,0,1.26
3270,859,45,2026-05-22 11:00:02.660345,Walmart,0,0.9
3271,130,22,2026-05-25 00:31:26.660347,Target,0,0.44
3272,931,42,2026-05-22 06:29:23.660349,Target,0,0.84
3273,466,136,2026-05-20 03:06:00.660351,Target,0,2.72
3274,206,85,2026-05-20 08:53:21.660353,Amazon,0,1.7
3275,788,101,2026-05-21 21:02:09.660356,Walmart,0,2.02
3276,978,50,2026-05-18 23:43:03.660358,Walmart,0,1.0
3277,768,59,2026-05-23 00:29:23.660360,BestBuy,0,1.18
3278,266,53,2026-05-22 00:15:59.660362,Amazon,0,1.06
3279,537,105,2026-05-22 11:52:41.660364,BestBuy,0,2.1
3280,962,127,2026-05-20 09:33:54.660366,Amazon,0,2.54
3281,793,49,2026-05-19 02:02:11.660369,BestBuy,0,0.98
3282,253,92,2026-05-22 13:22:56.660371,Amazon,0,1.84
3283,822,53,2026-05-23 10:06:42.660373,BestBuy,0,1.06
3284,289,37,2026-05-23 15:18:00.660375,BestBuy,0,0.74
3285,164,287,2026-05-24 16:32:30.660377,Amazon,0,5.74
3286,95,39,2026-05-23 09:17:30.660379,Walmart,0,0.78
3287,782,86,2026-05-25 05:18:32.660381,BestBuy,0,1.72
3288,833,83,2026-05-24 03:08:46.660384,Amazon,0,1.66
3289,110,54,2026-05-24 16:33:35.660386,Amazon,0,1.08
3290,336,46,2026-05-22 18:41:40.660388,Walmart,0,0.92
3291,822,30,2026-05-19 08:31:34.660390,Walmart,0,0.6
3292,238,128,2026-05-22 08:57:43.660392,Walmart,0,2.56
3293,381,237,2026-05-22 06:35:30.660394,Walmart,0,4.74
3294,436,118,2026-05-22 01:03:29.660397,BestBuy,0,2.36
3295,899,225,2026-05-23 08:11:25.660399,BestBuy,1,45.0
3296,483,109,2026-05-23 17:42:58.660401,Target,0,2.18
3297,937,37,2026-05-20 05:48:14.660403,BestBuy,0,0.74
3298,902,85,2026-05-24 20:02:33.660405,Target,0,1.7
3299,25,87,2026-05-24 15:26:18.660407,Target,0,1.74
3300,653,78,2026-05-23 11:21:16.660409,BestBuy,0,1.56
3301,117,152,2026-05-25 20:17:48.660411,Target,0,3.04
3302,482,134,2026-05-20 10:29:16.660414,Walmart,0,2.68
3303,392,95,2026-05-22 07:16:23.660416,Target,0,1.9
3304,917,302,2026-05-19 17:28:41.660418,BestBuy,1,60.4
3305,994,111,2026-05-20 12:44:17.660420,Amazon,0,2.22
3306,964,12,2026-05-23 04:10:03.660422,BestBuy,0,0.24
3307,537,38,2026-05-20 20:08:28.660424,Amazon,0,0.76
3308,79,55,2026-05-23 13:58:19.660426,Amazon,0,1.1
3309,580,184,2026-05-19 14:56:51.660428,Target,0,3.68
3310,173,112,2026-05-25 19:46:26.660431,Target,0,2.24
3311,956,131,2026-05-21 14:05:53.660433,Amazon,0,2.62
3312,12,40,2026-05-23 07:56:20.660435,Target,0,0.8
3313,800,80,2026-05-23 07:30:27.660437,Walmart,0,1.6
3314,128,70,2026-05-20 12:35:44.660439,BestBuy,0,1.4
3315,608,259,2026-05-22 15:38:45.660441,Target,0,5.18
3316,92,47,2026-05-21 13:48:11.660443,Amazon,0,0.94
3317,653,107,2026-05-20 15:38:20.660445,Amazon,0,2.14
3318,543,29,2026-05-23 14:23:57.660447,BestBuy,0,0.58
3319,846,39,2026-05-25 06:10:50.660450,Target,0,0.78
3320,532,159,2026-05-25 15:37:03.660452,Target,0,3.18
3321,658,59,2026-05-25 01:39:39.660454,Amazon,0,1.18
3322,989,18,2026-05-25 08:11:05.660456,BestBuy,0,0.36
3323,828,50,2026-05-21 07:02:38.660458,Amazon,0,1.0
3324,447,117,2026-05-23 22:05:44.660460,BestBuy,0,2.34
3325,390,79,2026-05-23 01:10:40.660463,Target,0,1.58
3326,672,34,2026-05-22 02:11:06.660465,Target,0,0.68
3327,861,69,2026-05-21 12:01:32.660467,BestBuy,0,1.38
3328,43,39,2026-05-21 08:10:14.660469,Amazon,0,0.78
3329,254,26,2026-05-24 23:17:18.660471,Amazon,0,0.52
3330,130,54,2026-05-22 21:11:24.660473,Amazon,0,1.08
3331,60,46,2026-05-25 20:37:40.660476,BestBuy,0,0.92
3332,663,39,2026-05-20 20:12:24.660478,BestBuy,0,0.78
3333,467,57,2026-05-19 11:43:35.660480,Amazon,0,1.14
3334,287,97,2026-05-21 19:07:54.660482,Amazon,0,1.94
3335,517,46,2026-05-19 12:06:44.660484,BestBuy,0,0.92
3336,467,134,2026-05-23 02:46:20.660486,BestBuy,0,2.68
3337,930,33,2026-05-25 15:37:07.660488,Amazon,0,0.66
3338,778,16,2026-05-25 22:05:23.660490,Amazon,0,0.32
3339,345,92,2026-05-21 07:12:32.660492,Target,0,1.84
3340,642,98,2026-05-24 11:15:49.660495,Walmart,0,1.96
3341,382,217,2026-05-21 10:14:50.660497,BestBuy,1,43.4
3342,779,410,2026-05-23 10:44:28.660499,Walmart,0,8.2
3343,690,17,2026-05-25 10:24:07.660501,BestBuy,0,0.34
3344,253,41,2026-05-19 11:29:51.660503,Target,0,0.82
3345,927,109,2026-05-21 04:10:04.660505,BestBuy,0,2.18
3346,56,14,2026-05-23 00:03:01.660507,BestBuy,0,0.28
3347,463,123,2026-05-22 02:02:10.660509,Walmart,0,2.46
3348,457,225,2026-05-20 05:55:29.660512,Target,0,4.5
3349,983,47,2026-05-23 13:36:55.660514,Target,0,0.94
3350,83,46,2026-05-22 08:37:16.660516,Target,0,0.92
3351,905,76,2026-05-22 09:32:35.660518,Target,0,1.52
3352,99,85,2026-05-23 09:30:10.660520,BestBuy,0,1.7
3353,149,122,2026-05-21 04:56:32.660522,Walmart,0,2.44
3354,329,19,2026-05-25 19:45:47.660524,Target,0,0.38
3355,156,159,2026-05-23 17:53:07.660526,Amazon,0,3.18
3356,190,104,2026-05-22 02:47:31.660529,Target,0,2.08
3357,494,110,2026-05-21 04:35:47.660531,Walmart,0,2.2
3358,883,62,2026-05-24 20:54:32.660533,Walmart,0,1.24
3359,263,71,2026-05-21 08:58:23.660535,Walmart,0,1.42
3360,80,92,2026-05-20 03:23:08.660537,Walmart,0,1.84
3361,400,37,2026-05-24 03:31:30.660540,Amazon,0,0.74
3362,764,2,2026-05-20 21:06:22.660542,Target,0,0.04
3363,609,56,2026-05-25 19:15:46.660544,BestBuy,0,1.12
3364,260,16,2026-05-23 13:36:07.660546,BestBuy,0,0.32
3365,772,33,2026-05-23 20:53:19.660548,Amazon,0,0.66
3366,615,67,2026-05-20 21:34:03.660551,Target,0,1.34
3367,552,119,2026-05-25 07:59:36.660553,Target,0,2.38
3368,785,259,2026-05-21 17:27:07.660555,BestBuy,1,51.8
3369,101,152,2026-05-21 05:22:10.660557,Amazon,0,3.04
3370,359,43,2026-05-21 22:15:11.660559,BestBuy,0,0.86
3371,380,16,2026-05-21 09:14:41.660561,Amazon,0,0.32
3372,820,60,2026-05-23 07:35:16.660564,Walmart,0,1.2
3373,221,173,2026-05-23 17:32:09.660566,Target,0,3.46
3374,820,175,2026-05-24 16:30:18.660568,Target,0,3.5
3375,420,206,2026-05-22 13:24:09.660571,Target,0,4.12
3376,124,131,2026-05-25 07:52:07.660573,Target,0,2.62
3377,422,21,2026-05-20 00:56:45.660576,Target,0,0.42
3378,231,61,2026-05-25 15:33:44.660578,Target,0,1.22
3379,690,42,2026-05-24 01:21:01.660580,Walmart,0,0.84
3380,63,101,2026-05-19 07:01:01.660582,Target,0,2.02
3381,485,213,2026-05-22 17:31:09.660584,Walmart,0,4.26
3382,628,205,2026-05-19 08:03:08.660586,Target,0,4.1
3383,703,19,2026-05-25 01:19:46.660588,Target,0,0.38
3384,574,103,2026-05-19 11:13:48.660590,Amazon,0,2.06
3385,768,125,2026-05-20 19:34:32.660592,Target,0,2.5
3386,483,68,2026-05-20 12:01:42.660594,BestBuy,0,1.36
3387,519,71,2026-05-21 19:21:10.660597,Amazon,0,1.42
3388,155,24,2026-05-21 03:52:28.660599,Amazon,0,0.48
3389,92,105,2026-05-23 08:16:16.660601,Amazon,0,2.1
3390,982,62,2026-05-25 22:22:38.660603,BestBuy,0,1.24
3391,526,44,2026-05-21 15:30:45.660605,Walmart,0,0.88
3392,455,108,2026-05-20 05:38:08.660607,Amazon,0,2.16
3393,741,50,2026-05-25 07:09:13.660609,Amazon,0,1.0
3394,598,112,2026-05-22 03:41:01.660611,Amazon,0,2.24
3395,645,80,2026-05-19 21:58:35.660613,Target,0,1.6
3396,510,37,2026-05-24 18:47:42.660615,Walmart,0,0.74
3397,183,109,2026-05-20 14:16:32.660617,BestBuy,0,2.18
3398,386,209,2026-05-24 07:54:37.660619,BestBuy,1,41.8
3399,574,150,2026-05-25 14:36:29.660621,Walmart,0,3.0
3400,731,77,2026-05-22 20:26:03.660623,Walmart,0,1.54
3401,405,70,2026-05-23 23:46:37.660625,Walmart,0,1.4
3402,246,77,2026-05-20 17:13:17.660627,Target,0,1.54
3403,742,44,2026-05-19 04:56:06.660629,Amazon,0,0.88
3404,591,142,2026-05-24 17:53:05.660631,Target,0,2.84
3405,661,66,2026-05-24 02:39:37.660633,Walmart,0,1.32
3406,650,99,2026-05-22 06:06:21.660635,Target,0,1.98
3407,471,222,2026-05-19 22:58:44.660637,BestBuy,1,44.4
3408,826,82,2026-05-21 02:41:35.660639,Target,0,1.64
3409,888,102,2026-05-21 03:42:16.660641,Walmart,0,2.04
3410,423,127,2026-05-23 02:35:59.660643,Amazon,0,2.54
3411,901,123,2026-05-25 21:40:01.660645,Target,0,2.46
3412,65,92,2026-05-19 19:54:11.660647,Walmart,0,1.84
3413,13,94,2026-05-23 20:17:14.660649,Target,0,1.88
3414,213,39,2026-05-24 23:03:49.660651,BestBuy,0,0.78
3415,986,137,2026-05-19 00:01:37.660653,Target,0,2.74
3416,242,79,2026-05-22 06:12:00.660655,Target,0,1.58
3417,493,74,2026-05-23 03:34:07.660657,Amazon,0,1.48
3418,213,36,2026-05-20 05:24:26.660659,Target,0,0.72
3419,693,40,2026-05-20 00:35:44.660661,Target,0,0.8
3420,338,111,2026-05-19 20:14:50.660663,BestBuy,0,2.22
3421,997,235,2026-05-21 11:08:50.660665,BestBuy,1,47.0
3422,173,17,2026-05-20 04:52:25.660667,BestBuy,0,0.34
3423,672,58,2026-05-22 14:03:20.660670,Amazon,0,1.16
3424,164,29,2026-05-23 11:39:24.660672,BestBuy,0,0.58
3425,465,151,2026-05-25 03:23:12.660674,BestBuy,0,3.02
3426,995,28,2026-05-23 03:16:09.660676,Target,0,0.56
3427,497,39,2026-05-20 08:47:33.660678,Target,0,0.78
3428,700,63,2026-05-20 13:18:32.660680,Amazon,0,1.26
3429,395,251,2026-05-25 04:38:20.660682,BestBuy,1,50.2
3430,703,79,2026-05-22 06:16:20.660684,Walmart,0,1.58
3431,917,97,2026-05-21 20:32:19.660686,Target,0,1.94
3432,308,110,2026-05-19 18:42:57.660688,Walmart,0,2.2
3433,768,61,2026-05-24 15:16:05.660690,Walmart,0,1.22
3434,183,11,2026-05-20 12:18:05.660692,BestBuy,0,0.22
3435,629,138,2026-05-19 21:32:49.660694,Walmart,0,2.76
3436,794,39,2026-05-22 10:05:34.660696,Amazon,0,0.78
3437,510,224,2026-05-24 15:39:55.660698,Amazon,0,4.48
3438,708,27,2026-05-19 08:42:07.660700,Target,0,0.54
3439,546,65,2026-05-24 16:18:00.660702,Walmart,0,1.3
3440,564,72,2026-05-23 08:02:14.660704,Amazon,0,1.44
3441,624,90,2026-05-23 07:48:30.660706,Amazon,0,1.8
3442,764,98,2026-05-24 10:57:47.660708,Walmart,0,1.96
3443,594,66,2026-05-21 21:29:17.660710,Amazon,0,1.32
3444,744,54,2026-05-21 12:54:13.660712,Walmart,0,1.08
3445,227,31,2026-05-22 22:42:04.660714,Amazon,0,0.62
3446,745,150,2026-05-20 08:48:54.660716,Walmart,0,3.0
3447,733,153,2026-05-20 07:25:46.660719,Amazon,0,3.06
3448,436,52,2026-05-25 10:52:38.660721,Amazon,0,1.04
3449,925,123,2026-05-20 03:22:00.660723,Amazon,0,2.46
3450,422,215,2026-05-25 14:39:39.660725,BestBuy,1,43.0
3451,554,66,2026-05-23 21:16:44.660727,BestBuy,0,1.32
3452,21,99,2026-05-19 23:28:32.660729,Amazon,0,1.98
3453,554,37,2026-05-18 23:38:03.660731,BestBuy,0,0.74
3454,397,11,2026-05-21 09:38:11.660733,Walmart,0,0.22
3455,625,170,2026-05-19 12:56:37.660735,BestBuy,0,3.4
3456,105,9,2026-05-23 12:04:44.660737,Target,0,0.18
3457,192,47,2026-05-24 17:42:56.660739,Target,0,0.94
3458,17,68,2026-05-22 18:07:50.660741,Amazon,0,1.36
3459,120,23,2026-05-21 23:00:11.660743,BestBuy,0,0.46
3460,393,103,2026-05-23 10:31:24.660745,Target,0,2.06
3461,425,125,2026-05-23 10:30:13.660747,Amazon,0,2.5
3462,129,101,2026-05-21 01:26:30.660749,Target,0,2.02
3463,130,95,2026-05-19 00:09:02.660751,Amazon,0,1.9
3464,572,73,2026-05-20 15:41:05.660753,Target,0,1.46
3465,560,61,2026-05-21 23:06:47.660755,Target,0,1.22
3466,29,170,2026-05-24 06:01:21.660757,BestBuy,0,3.4
3467,97,155,2026-05-20 15:08:00.660760,Amazon,0,3.1
3468,10,33,2026-05-25 18:33:08.660762,Target,0,0.66
3469,242,50,2026-05-22 10:45:34.660764,Amazon,0,1.0
3470,826,136,2026-05-24 13:28:18.660766,BestBuy,0,2.72
3471,956,109,2026-05-19 13:00:50.660768,Target,0,2.18
3472,232,75,2026-05-24 23:59:41.660770,Walmart,0,1.5
3473,789,26,2026-05-25 11:21:23.660772,Walmart,0,0.52
3474,284,85,2026-05-24 21:41:28.660774,Walmart,0,1.7
3475,715,51,2026-05-22 18:30:19.660776,Amazon,0,1.02
3476,759,13,2026-05-20 22:53:44.660778,BestBuy,0,0.26
3477,802,327,2026-05-25 07:17:25.660780,Amazon,0,6.54
3478,776,6,2026-05-25 09:54:39.660782,Amazon,0,0.12
3479,955,32,2026-05-25 02:15:14.660784,Walmart,0,0.64
3480,726,172,2026-05-20 22:12:58.660786,BestBuy,0,3.44
3481,200,207,2026-05-21 16:13:07.660789,Target,0,4.14
3482,945,96,2026-05-23 00:39:48.660791,Amazon,0,1.92
3483,79,91,2026-05-23 04:46:16.660793,Walmart,0,1.82
3484,913,48,2026-05-22 15:41:19.660795,Amazon,0,0.96
3485,956,121,2026-05-18 23:10:43.660797,Amazon,0,2.42
3486,855,143,2026-05-20 10:56:14.660799,BestBuy,0,2.86
3487,856,229,2026-05-20 20:47:25.660801,Target,0,4.58
3488,173,22,2026-05-20 22:16:43.660803,Amazon,0,0.44
3489,467,54,2026-05-25 01:33:49.660805,Amazon,0,1.08
3490,581,30,2026-05-25 04:37:01.660807,Target,0,0.6
3491,416,70,2026-05-20 06:58:22.660809,BestBuy,0,1.4
3492,940,123,2026-05-23 00:15:09.660811,Amazon,0,2.46
3493,449,91,2026-05-20 11:51:10.660813,BestBuy,0,1.82
3494,87,81,2026-05-20 03:09:42.660815,BestBuy,0,1.62
3495,101,25,2026-05-19 12:49:43.660817,Amazon,0,0.5
3496,8,15,2026-05-21 06:11:09.660819,Target,0,0.3
3497,845,117,2026-05-21 22:14:15.660821,Amazon,0,2.34
3498,200,47,2026-05-24 05:22:23.660823,Amazon,0,0.94
3499,505,65,2026-05-25 11:08:16.660825,Walmart,0,1.3
3500,87,49,2026-05-21 19:53:28.660828,Target,0,0.98
3501,43,19,2026-05-24 00:59:17.660830,Walmart,0,0.38
3502,385,98,2026-05-25 21:56:12.660832,Target,0,1.96
3503,621,111,2026-05-20 06:09:58.660834,Amazon,0,2.22
3504,435,169,2026-05-24 04:51:03.660836,BestBuy,0,3.38
3505,408,49,2026-05-23 02:38:20.660838,Walmart,0,0.98
3506,483,50,2026-05-25 20:29:43.660840,Walmart,0,1.0
3507,664,32,2026-05-21 00:34:08.660842,Walmart,0,0.64
3508,17,144,2026-05-21 15:26:41.660844,Walmart,0,2.88
3509,645,122,2026-05-22 20:43:45.660846,Target,0,2.44
3510,148,15,2026-05-22 15:18:22.660848,BestBuy,0,0.3
3511,277,105,2026-05-24 07:10:55.660850,BestBuy,0,2.1
3512,232,173,2026-05-23 21:44:01.660852,Amazon,0,3.46
3513,826,64,2026-05-19 05:58:34.660854,Amazon,0,1.28
3514,927,21,2026-05-24 20:35:14.660856,Walmart,0,0.42
3515,366,215,2026-05-25 22:26:06.660858,Amazon,0,4.3
3516,228,45,2026-05-22 20:06:00.660860,Amazon,0,0.9
3517,651,15,2026-05-23 03:10:13.660863,Target,0,0.3
3518,436,32,2026-05-24 23:14:36.660865,Amazon,0,0.64
3519,399,62,2026-05-20 20:46:24.660867,Amazon,0,1.24
3520,211,50,2026-05-24 21:28:06.660869,Amazon,0,1.0
3521,391,81,2026-05-21 20:13:49.660871,BestBuy,0,1.62
3522,499,95,2026-05-19 07:15:07.660873,BestBuy,0,1.9
3523,540,77,2026-05-24 07:43:28.660875,Amazon,0,1.54
3524,563,57,2026-05-21 19:48:37.660877,Walmart,0,1.14
3525,491,34,2026-05-24 12:32:59.660879,BestBuy,0,0.68
3526,442,40,2026-05-20 06:20:41.660881,Target,0,0.8
3527,261,104,2026-05-19 00:43:32.660883,Target,0,2.08
3528,773,85,2026-05-19 13:58:53.660885,Target,0,1.7
3529,350,178,2026-05-19 21:33:27.660887,Amazon,0,3.56
3530,352,67,2026-05-25 19:42:06.660889,Walmart,0,1.34
3531,520,56,2026-05-19 06:55:58.660891,Target,0,1.12
3532,320,32,2026-05-19 20:09:13.660893,Walmart,0,0.64
3533,138,128,2026-05-23 16:41:00.660895,Target,0,2.56
3534,550,126,2026-05-20 09:41:18.660898,Walmart,0,2.52
3535,623,233,2026-05-19 09:17:59.660900,Amazon,0,4.66
3536,992,113,2026-05-22 16:50:46.660902,Amazon,0,2.26
3537,368,117,2026-05-22 20:34:19.660904,Target,0,2.34
3538,220,175,2026-05-22 21:24:54.660906,Target,0,3.5
3539,337,69,2026-05-22 04:33:26.660908,BestBuy,0,1.38
3540,223,141,2026-05-19 17:54:33.660910,Target,0,2.82
3541,648,277,2026-05-20 04:23:02.660912,BestBuy,1,55.4
3542,768,156,2026-05-24 18:10:12.660914,BestBuy,0,3.12
3543,360,42,2026-05-19 12:02:08.660916,Amazon,0,0.84
3544,921,38,2026-05-25 01:52:37.660918,Amazon,0,0.76
3545,329,60,2026-05-25 18:44:37.660920,BestBuy,0,1.2
3546,962,81,2026-05-24 03:42:19.660922,Target,0,1.62
3547,463,54,2026-05-20 02:55:42.660924,BestBuy,0,1.08
3548,946,105,2026-05-22 12:16:57.660926,Target,0,2.1
3549,963,32,2026-05-21 14:47:03.660928,Amazon,0,0.64
3550,561,72,2026-05-25 12:24:56.660930,Target,0,1.44
3551,804,29,2026-05-25 13:50:34.660933,BestBuy,0,0.58
3552,382,161,2026-05-21 22:46:56.660935,Target,0,3.22
3553,836,23,2026-05-24 09:22:49.660937,BestBuy,0,0.46
3554,590,28,2026-05-21 02:06:19.660939,Target,0,0.56
3555,617,168,2026-05-20 18:27:35.660941,BestBuy,0,3.36
3556,169,117,2026-05-21 18:08:06.660943,Amazon,0,2.34
3557,217,64,2026-05-20 06:00:05.660945,BestBuy,0,1.28
3558,378,90,2026-05-19 01:23:00.660947,Amazon,0,1.8
3559,119,69,2026-05-20 16:15:38.660949,BestBuy,0,1.38
3560,190,119,2026-05-19 06:38:18.660951,BestBuy,0,2.38
3561,767,12,2026-05-21 02:21:59.660953,Walmart,0,0.24
3562,370,118,2026-05-18 23:55:31.660955,Walmart,0,2.36
3563,778,49,2026-05-19 21:01:56.660957,Walmart,0,0.98
3564,149,283,2026-05-21 05:51:12.660959,Walmart,0,5.66
3565,676,30,2026-05-20 10:41:54.660961,Target,0,0.6
3566,652,139,2026-05-25 00:01:51.660963,Amazon,0,2.78
3567,859,75,2026-05-22 09:25:41.660965,Amazon,0,1.5
3568,488,17,2026-05-22 11:34:23.660967,Walmart,0,0.34
3569,770,195,2026-05-19 15:54:04.660969,Target,0,3.9
3570,374,147,2026-05-25 19:53:44.660971,BestBuy,0,2.94
3571,781,165,2026-05-23 17:23:04.660973,BestBuy,0,3.3
3572,693,348,2026-05-19 18:40:53.660975,Amazon,0,6.96
3573,160,59,2026-05-21 03:38:36.660977,Amazon,0,1.18
3574,351,123,2026-05-22 06:13:29.660979,Target,0,2.46
3575,912,109,2026-05-24 13:38:58.660981,BestBuy,0,2.18
3576,288,8,2026-05-22 01:45:47.660983,Target,0,0.16
3577,288,77,2026-05-21 23:53:33.660985,BestBuy,0,1.54
3578,892,166,2026-05-22 09:04:56.660987,Walmart,0,3.32
3579,226,198,2026-05-19 06:05:57.660989,Walmart,0,3.96
3580,523,188,2026-05-19 12:57:53.660991,Target,0,3.76
3581,522,7,2026-05-21 03:08:08.660993,Amazon,0,0.14
3582,783,224,2026-05-23 14:33:28.660995,Target,0,4.48
3583,273,103,2026-05-20 22:52:06.660998,Target,0,2.06
3584,936,16,2026-05-23 00:18:24.661000,BestBuy,0,0.32
3585,402,48,2026-05-22 14:30:03.661002,BestBuy,0,0.96
3586,183,341,2026-05-21 00:08:14.661004,BestBuy,1,68.2
3587,969,20,2026-05-22 18:08:40.661006,BestBuy,0,0.4
3588,665,66,2026-05-24 01:44:43.661008,Amazon,0,1.32
3589,488,144,2026-05-21 19:52:42.661010,Amazon,0,2.88
3590,827,135,2026-05-19 02:27:57.661012,Walmart,0,2.7
3591,846,163,2026-05-23 20:19:11.661014,Target,0,3.26
3592,124,89,2026-05-21 17:26:50.661016,Walmart,0,1.78
3593,985,258,2026-05-22 02:53:47.661018,BestBuy,1,51.6
3594,626,29,2026-05-23 12:13:17.661020,Target,0,0.58
3595,790,34,2026-05-24 17:14:08.661022,BestBuy,0,0.68
3596,414,41,2026-05-23 23:04:26.661024,Target,0,0.82
3597,980,221,2026-05-21 22:47:44.661026,Amazon,0,4.42
3598,725,131,2026-05-25 12:43:06.661028,BestBuy,0,2.62
3599,172,33,2026-05-20 12:10:09.661030,Target,0,0.66
3600,288,66,2026-05-24 19:57:48.661032,Target,0,1.32
3601,435,119,2026-05-21 08:18:15.661034,BestBuy,0,2.38
3602,686,72,2026-05-22 07:22:13.661036,Amazon,0,1.44
3603,113,222,2026-05-25 09:09:40.661038,Amazon,0,4.44
3604,888,46,2026-05-22 22:16:41.661040,Amazon,0,0.92
3605,917,181,2026-05-23 10:34:24.661042,Target,0,3.62
3606,995,116,2026-05-20 15:36:53.661044,Amazon,0,2.32
3607,122,80,2026-05-22 04:26:21.661046,Target,0,1.6
3608,544,15,2026-05-25 01:59:59.661048,Walmart,0,0.3
3609,222,110,2026-05-23 15:00:46.661051,Amazon,0,2.2
3610,631,265,2026-05-22 04:10:47.661053,BestBuy,1,53.0
3611,39,61,2026-05-21 09:40:44.661055,BestBuy,0,1.22
3612,497,88,2026-05-25 13:49:45.661057,BestBuy,0,1.76
3613,780,29,2026-05-19 17:40:21.661059,BestBuy,0,0.58
3614,233,23,2026-05-22 09:14:36.661061,Walmart,0,0.46
3615,943,76,2026-05-20 21:08:08.661063,Walmart,0,1.52
3616,530,68,2026-05-23 18:15:34.661065,Amazon,0,1.36
3617,149,88,2026-05-19 00:30:39.661067,Amazon,0,1.76
3618,397,23,2026-05-22 20:59:14.661069,BestBuy,0,0.46
3619,661,104,2026-05-23 11:01:56.661071,BestBuy,0,2.08
3620,638,36,2026-05-20 06:28:37.661073,BestBuy,0,0.72
3621,904,96,2026-05-22 19:26:08.661075,Target,0,1.92
3622,302,82,2026-05-25 22:25:36.661077,Amazon,0,1.64
3623,360,16,2026-05-20 09:44:45.661079,BestBuy,0,0.32
3624,238,195,2026-05-22 03:35:44.661082,BestBuy,0,3.9
3625,647,175,2026-05-22 12:46:19.661084,BestBuy,0,3.5
3626,663,204,2026-05-21 23:47:55.661092,Walmart,0,4.08
3627,236,57,2026-05-21 19:08:36.661094,Walmart,0,1.14
3628,736,33,2026-05-21 12:48:13.661096,Walmart,0,0.66
3629,203,147,2026-05-24 16:18:01.661098,Target,0,2.94
3630,256,141,2026-05-22 18:30:16.661100,Target,0,2.82
3631,598,293,2026-05-24 15:29:33.661102,Amazon,0,5.86
3632,662,29,2026-05-19 03:23:00.661104,BestBuy,0,0.58
3633,235,183,2026-05-24 01:21:18.661106,Amazon,0,3.66
3634,345,57,2026-05-25 20:42:54.661108,Amazon,0,1.14
3635,534,59,2026-05-18 23:11:08.661110,Walmart,0,1.18
3636,860,189,2026-05-19 18:57:21.661112,BestBuy,0,3.78
3637,797,169,2026-05-22 06:14:54.661114,Walmart,0,3.38
3638,781,72,2026-05-23 08:26:44.661116,Walmart,0,1.44
3639,466,59,2026-05-23 06:28:39.661118,BestBuy,0,1.18
3640,770,65,2026-05-22 13:01:43.661120,Amazon,0,1.3
3641,541,165,2026-05-23 17:53:48.661122,Amazon,0,3.3
3642,213,144,2026-05-25 03:40:04.661124,Walmart,0,2.88
3643,463,106,2026-05-20 01:27:39.661126,BestBuy,0,2.12
3644,436,41,2026-05-24 22:27:25.661128,Amazon,0,0.82
3645,283,64,2026-05-24 07:03:17.661130,Target,0,1.28
3646,562,103,2026-05-19 23:43:08.661132,Amazon,0,2.06
3647,607,32,2026-05-21 02:14:33.661134,BestBuy,0,0.64
3648,463,217,2026-05-23 20:18:49.661136,BestBuy,1,43.4
3649,407,13,2026-05-22 02:12:42.661138,BestBuy,0,0.26
3650,88,205,2026-05-22 10:52:37.661140,Walmart,0,4.1
3651,44,78,2026-05-23 03:55:44.661142,Amazon,0,1.56
3652,461,227,2026-05-24 09:41:41.661144,Target,0,4.54
3653,278,44,2026-05-24 18:40:22.661145,Walmart,0,0.88
3654,683,197,2026-05-24 10:02:48.661147,Amazon,0,3.94
3655,421,196,2026-05-20 08:38:49.661149,BestBuy,0,3.92
3656,701,150,2026-05-25 03:07:09.661151,Amazon,0,3.0
3657,353,104,2026-05-24 03:27:26.661153,BestBuy,0,2.08
3658,696,78,2026-05-21 02:27:34.661155,BestBuy,0,1.56
3659,515,99,2026-05-20 00:51:44.661157,Amazon,0,1.98
3660,703,158,2026-05-24 00:39:08.661159,Amazon,0,3.16
3661,630,235,2026-05-23 21:24:11.661161,Target,0,4.7
3662,19,162,2026-05-25 11:01:15.661163,Amazon,0,3.24
3663,23,279,2026-05-22 22:17:12.661165,Amazon,0,5.58
3664,413,131,2026-05-25 08:55:18.661167,Walmart,0,2.62
3665,30,42,2026-05-24 14:01:58.661170,BestBuy,0,0.84
3666,807,41,2026-05-24 22:54:41.661171,BestBuy,0,0.82
3667,108,31,2026-05-22 05:50:55.661173,Target,0,0.62
3668,367,22,2026-05-19 14:58:37.661175,Walmart,0,0.44
3669,281,46,2026-05-19 11:00:25.661177,Target,0,0.92
3670,128,102,2026-05-22 04:22:20.661179,Amazon,0,2.04
3671,229,175,2026-05-21 09:48:51.661181,Target,0,3.5
3672,111,166,2026-05-25 11:37:02.661183,BestBuy,0,3.32
3673,136,234,2026-05-20 00:52:54.661185,Walmart,0,4.68
3674,362,220,2026-05-22 13:38:35.661187,Amazon,0,4.4
3675,186,89,2026-05-21 07:46:31.661189,Walmart,0,1.78
3676,656,157,2026-05-24 04:29:14.661191,Walmart,0,3.14
3677,584,39,2026-05-23 03:37:04.661193,Target,0,0.78
3678,129,44,2026-05-20 20:09:50.661195,Amazon,0,0.88
3679,876,56,2026-05-24 17:00:07.661197,Walmart,0,1.12
3680,261,0,2026-05-20 09:14:05.661199,Walmart,0,0.0
3681,515,22,2026-05-20 03:15:09.661201,Target,0,0.44
3682,449,26,2026-05-21 06:37:59.661203,Walmart,0,0.52
3683,900,60,2026-05-19 15:28:36.661205,BestBuy,0,1.2
3684,104,134,2026-05-23 19:19:28.661207,BestBuy,0,2.68
3685,483,249,2026-05-23 10:49:50.661209,Amazon,0,4.98
3686,224,114,2026-05-25 19:32:09.661210,Amazon,0,2.28
3687,832,59,2026-05-21 13:19:34.661212,Target,0,1.18
3688,874,120,2026-05-21 21:23:08.661214,Walmart,0,2.4
3689,866,89,2026-05-19 20:03:49.661216,Target,0,1.78
3690,491,19,2026-05-20 07:14:42.661218,Target,0,0.38
3691,473,91,2026-05-19 01:00:40.661220,BestBuy,0,1.82
3692,10,70,2026-05-22 04:10:49.661222,Walmart,0,1.4
3693,405,118,2026-05-24 07:22:56.661224,BestBuy,0,2.36
3694,896,192,2026-05-22 17:41:33.661226,BestBuy,0,3.84
3695,302,278,2026-05-24 16:01:11.661228,Amazon,0,5.56
3696,231,72,2026-05-19 18:28:43.661230,Target,0,1.44
3697,731,31,2026-05-22 00:38:59.661232,BestBuy,0,0.62
3698,923,34,2026-05-20 02:52:43.661234,Amazon,0,0.68
3699,66,27,2026-05-23 13:28:17.661236,Amazon,0,0.54
3700,937,34,2026-05-20 13:31:09.661238,Walmart,0,0.68
3701,112,381,2026-05-24 16:50:24.661240,Walmart,0,7.62
3702,13,30,2026-05-24 03:53:37.661242,BestBuy,0,0.6
3703,393,16,2026-05-19 12:57:01.661244,Amazon,0,0.32
3704,500,70,2026-05-20 03:41:26.661246,Amazon,0,1.4
3705,932,173,2026-05-22 09:01:03.661248,Amazon,0,3.46
3706,598,122,2026-05-22 17:26:13.661250,Target,0,2.44
3707,234,64,2026-05-25 05:33:22.661252,Amazon,0,1.28
3708,602,64,2026-05-19 09:56:00.661254,Target,0,1.28
3709,314,133,2026-05-25 04:36:27.661256,Walmart,0,2.66
3710,566,32,2026-05-25 11:15:00.661258,BestBuy,0,0.64
3711,12,47,2026-05-19 20:19:10.661260,Walmart,0,0.94
3712,209,66,2026-05-21 10:30:43.661261,BestBuy,0,1.32
3713,974,168,2026-05-19 02:35:42.661263,Amazon,0,3.36
3714,14,21,2026-05-20 23:07:55.661265,BestBuy,0,0.42
3715,633,59,2026-05-24 15:22:12.661267,BestBuy,0,1.18
3716,418,17,2026-05-24 22:10:30.661269,Walmart,0,0.34
3717,437,109,2026-05-19 17:12:33.661271,BestBuy,0,2.18
3718,377,31,2026-05-20 02:08:07.661273,Amazon,0,0.62
3719,20,69,2026-05-24 06:59:01.661275,Target,0,1.38
3720,587,181,2026-05-19 08:55:37.661277,Amazon,0,3.62
3721,912,131,2026-05-23 12:45:51.661279,BestBuy,0,2.62
3722,755,95,2026-05-24 00:48:32.661281,Walmart,0,1.9
3723,735,124,2026-05-19 11:27:01.661283,Amazon,0,2.48
3724,70,146,2026-05-20 09:26:30.661285,BestBuy,0,2.92
3725,824,12,2026-05-22 08:35:47.661287,Walmart,0,0.24
3726,211,39,2026-05-19 07:06:44.661289,Target,0,0.78
3727,101,58,2026-05-23 13:17:28.661291,Walmart,0,1.16
3728,698,82,2026-05-25 18:43:01.661293,BestBuy,0,1.64
3729,132,36,2026-05-21 22:15:15.661295,Walmart,0,0.72
3730,623,20,2026-05-24 06:46:14.661297,BestBuy,0,0.4
3731,381,40,2026-05-21 01:29:19.661299,Walmart,0,0.8
3732,132,132,2026-05-21 13:59:31.661301,Walmart,0,2.64
3733,20,5,2026-05-25 10:07:37.661302,Walmart,0,0.1
3734,906,41,2026-05-24 14:01:33.661304,BestBuy,0,0.82
3735,536,38,2026-05-24 16:01:48.661306,Walmart,0,0.76
3736,227,34,2026-05-21 16:29:19.661308,BestBuy,0,0.68
3737,154,133,2026-05-22 14:59:35.661310,Amazon,0,2.66
3738,805,39,2026-05-24 22:47:58.661312,Target,0,0.78
3739,742,32,2026-05-23 02:07:23.661314,Amazon,0,0.64
3740,469,122,2026-05-22 05:13:11.661316,Target,0,2.44
3741,822,127,2026-05-23 17:15:57.661318,BestBuy,0,2.54
3742,1000,103,2026-05-21 22:17:52.661320,Amazon,0,2.06
3743,871,35,2026-05-21 15:27:39.661321,Target,0,0.7
3744,405,175,2026-05-20 01:49:45.661323,Target,0,3.5
3745,202,103,2026-05-19 00:12:01.661325,Amazon,0,2.06
3746,38,15,2026-05-21 10:19:15.661327,Amazon,0,0.3
3747,942,216,2026-05-21 16:34:48.661329,BestBuy,1,43.2
3748,772,171,2026-05-23 11:52:01.661331,Target,0,3.42
3749,188,29,2026-05-22 11:40:23.661333,BestBuy,0,0.58
3750,57,72,2026-05-23 17:06:39.661335,BestBuy,0,1.44
3751,941,93,2026-05-24 23:59:50.661337,Walmart,0,1.86
3752,20,62,2026-05-19 12:46:58.661339,BestBuy,0,1.24
3753,273,175,2026-05-22 14:33:47.661341,Target,0,3.5
3754,119,29,2026-05-24 09:07:20.661343,Walmart,0,0.58
3755,583,91,2026-05-19 19:13:21.661345,BestBuy,0,1.82
3756,516,422,2026-05-20 05:06:00.661347,BestBuy,1,84.4
3757,221,145,2026-05-21 09:36:38.661349,Target,0,2.9
3758,526,42,2026-05-19 20:36:30.661351,Walmart,0,0.84
3759,515,138,2026-05-20 12:51:22.661353,Amazon,0,2.76
3760,728,80,2026-05-21 07:45:11.661354,Amazon,0,1.6
3761,741,95,2026-05-22 00:42:18.661356,Walmart,0,1.9
3762,336,98,2026-05-24 10:32:21.661358,Walmart,0,1.96
3763,698,68,2026-05-22 00:21:50.661360,Walmart,0,1.36
3764,55,60,2026-05-23 16:36:36.661362,Walmart,0,1.2
3765,500,23,2026-05-19 00:04:13.661364,Amazon,0,0.46
3766,900,46,2026-05-25 05:54:04.661366,BestBuy,0,0.92
3767,888,37,2026-05-19 06:37:10.661368,Target,0,0.74
3768,766,126,2026-05-22 05:03:33.661370,Amazon,0,2.52
3769,536,139,2026-05-23 11:02:19.661372,Target,0,2.78
3770,162,41,2026-05-19 12:12:59.661374,Amazon,0,0.82
3771,670,27,2026-05-20 16:15:21.661376,Walmart,0,0.54
3772,594,138,2026-05-21 08:25:57.661378,Amazon,0,2.76
3773,915,12,2026-05-24 05:28:54.661380,Amazon,0,0.24
3774,159,17,2026-05-25 14:07:24.661381,Walmart,0,0.34
3775,188,93,2026-05-23 12:33:50.661383,BestBuy,0,1.86
3776,60,37,2026-05-25 00:18:50.661385,Walmart,0,0.74
3777,915,35,2026-05-22 22:53:13.661387,BestBuy,0,0.7
3778,817,306,2026-05-22 05:08:18.661389,Amazon,0,6.12
3779,319,89,2026-05-23 11:36:36.661391,Amazon,0,1.78
3780,878,74,2026-05-22 08:33:17.661393,Target,0,1.48
3781,211,28,2026-05-19 23:03:57.661395,Target,0,0.56
3782,406,16,2026-05-25 21:03:56.661397,Amazon,0,0.32
3783,664,60,2026-05-23 07:35:14.661399,Target,0,1.2
3784,109,101,2026-05-21 17:34:32.661401,BestBuy,0,2.02
3785,76,111,2026-05-24 01:47:07.661403,Walmart,0,2.22
3786,542,44,2026-05-19 14:21:40.661404,Amazon,0,0.88
3787,314,19,2026-05-25 20:30:50.661406,Amazon,0,0.38
3788,998,261,2026-05-22 07:34:14.661408,Target,0,5.22
3789,117,94,2026-05-23 16:10:44.661410,Amazon,0,1.88
3790,927,292,2026-05-23 10:14:33.661412,Amazon,0,5.84
3791,868,415,2026-05-24 01:30:15.661414,BestBuy,1,83.0
3792,704,132,2026-05-19 18:32:28.661416,BestBuy,0,2.64
3793,19,243,2026-05-24 04:48:23.661418,Walmart,0,4.86
3794,432,87,2026-05-24 04:21:01.661420,Amazon,0,1.74
3795,685,34,2026-05-22 19:04:24.661422,Target,0,0.68
3796,740,130,2026-05-22 00:44:14.661424,Walmart,0,2.6
3797,350,72,2026-05-21 12:12:26.661426,Target,0,1.44
3798,183,191,2026-05-19 00:53:15.661428,Amazon,0,3.82
3799,113,42,2026-05-25 17:57:40.661430,Target,0,0.84
3800,183,84,2026-05-24 16:25:06.661432,Target,0,1.68
3801,481,78,2026-05-22 01:54:05.661434,Walmart,0,1.56
3802,146,141,2026-05-20 16:10:43.661436,Amazon,0,2.82
3803,831,60,2026-05-19 17:37:21.661438,Walmart,0,1.2
3804,628,115,2026-05-19 02:54:46.661440,Amazon,0,2.3
3805,113,69,2026-05-19 17:23:47.661442,BestBuy,0,1.38
3806,763,74,2026-05-22 22:34:55.661444,Walmart,0,1.48
3807,476,117,2026-05-20 14:48:43.661446,Amazon,0,2.34
3808,763,31,2026-05-19 09:23:22.661448,BestBuy,0,0.62
3809,303,53,2026-05-20 10:50:54.661449,BestBuy,0,1.06
3810,971,60,2026-05-24 09:24:14.661451,BestBuy,0,1.2
3811,825,96,2026-05-25 09:10:15.661453,Walmart,0,1.92
3812,118,28,2026-05-24 21:20:15.661455,BestBuy,0,0.56
3813,813,21,2026-05-25 03:11:04.661457,Amazon,0,0.42
3814,161,22,2026-05-23 09:25:24.661459,Walmart,0,0.44
3815,401,311,2026-05-23 21:21:50.661461,Target,0,6.22
3816,198,180,2026-05-20 16:09:40.661463,BestBuy,0,3.6
3817,260,180,2026-05-23 15:02:49.661465,Walmart,0,3.6
3818,660,189,2026-05-21 19:56:57.661467,Target,0,3.78
3819,752,41,2026-05-23 16:31:43.661469,Walmart,0,0.82
3820,47,231,2026-05-22 18:31:14.661471,BestBuy,1,46.2
3821,987,18,2026-05-25 01:58:40.661473,BestBuy,0,0.36
3822,399,70,2026-05-19 23:57:45.661475,Target,0,1.4
3823,710,39,2026-05-21 03:10:14.661477,Amazon,0,0.78
3824,559,270,2026-05-20 04:34:37.661479,BestBuy,1,54.0
3825,78,119,2026-05-20 21:28:47.661481,Target,0,2.38
3826,124,109,2026-05-23 20:09:52.661483,BestBuy,0,2.18
3827,75,39,2026-05-20 11:07:51.661485,Amazon,0,0.78
3828,871,48,2026-05-22 21:46:39.661487,Target,0,0.96
3829,137,40,2026-05-21 20:23:26.661489,Amazon,0,0.8
3830,602,86,2026-05-20 18:41:00.661491,BestBuy,0,1.72
3831,400,57,2026-05-24 12:00:55.661493,Target,0,1.14
3832,837,83,2026-05-22 04:46:10.661495,Walmart,0,1.66
3833,505,154,2026-05-23 02:29:17.661497,Amazon,0,3.08
3834,500,152,2026-05-22 23:01:33.661499,BestBuy,0,3.04
3835,573,132,2026-05-19 18:18:18.661501,BestBuy,0,2.64
3836,138,154,2026-05-20 01:17:23.661502,Amazon,0,3.08
3837,50,174,2026-05-23 01:21:44.661504,Target,0,3.48
3838,771,260,2026-05-20 21:49:09.661506,Walmart,0,5.2
3839,973,252,2026-05-19 03:02:33.661508,BestBuy,1,50.4
3840,619,136,2026-05-20 04:16:58.661510,Amazon,0,2.72
3841,625,256,2026-05-20 07:13:34.661512,Amazon,0,5.12
3842,862,56,2026-05-20 19:03:36.661514,Walmart,0,1.12
3843,254,493,2026-05-23 03:14:35.661516,Walmart,0,9.86
3844,630,339,2026-05-20 08:32:17.661518,BestBuy,1,67.8
3845,710,41,2026-05-24 13:22:56.661520,Walmart,0,0.82
3846,849,41,2026-05-19 01:33:30.661522,Amazon,0,0.82
3847,877,13,2026-05-19 19:47:50.661524,Target,0,0.26
3848,563,7,2026-05-25 13:40:42.661526,Target,0,0.14
3849,757,16,2026-05-19 20:44:22.661528,Amazon,0,0.32
3850,915,214,2026-05-23 12:03:31.661530,Amazon,0,4.28
3851,426,178,2026-05-23 05:22:44.661532,Amazon,0,3.56
3852,547,125,2026-05-25 00:09:01.661534,BestBuy,0,2.5
3853,302,10,2026-05-25 06:13:23.661536,Amazon,0,0.2
3854,922,22,2026-05-24 18:29:14.661538,Walmart,0,0.44
3855,581,360,2026-05-23 05:49:23.661539,Amazon,0,7.2
3856,349,71,2026-05-23 16:09:09.661541,Amazon,0,1.42
3857,832,95,2026-05-24 19:08:13.661543,BestBuy,0,1.9
3858,933,159,2026-05-23 18:00:35.661545,Amazon,0,3.18
3859,980,91,2026-05-20 09:32:41.661547,Walmart,0,1.82
3860,49,17,2026-05-22 19:22:46.661549,Walmart,0,0.34
3861,917,63,2026-05-25 00:34:04.661551,Walmart,0,1.26
3862,74,103,2026-05-24 13:06:53.661553,Amazon,0,2.06
3863,704,166,2026-05-24 05:52:43.661555,BestBuy,0,3.32
3864,261,26,2026-05-24 21:38:02.661557,BestBuy,0,0.52
3865,356,28,2026-05-25 06:19:50.661559,BestBuy,0,0.56
3866,582,298,2026-05-23 00:04:11.661561,Walmart,0,5.96
3867,602,36,2026-05-21 02:30:56.661563,BestBuy,0,0.72
3868,260,37,2026-05-19 14:31:05.661565,Amazon,0,0.74
3869,638,150,2026-05-25 08:21:14.661567,Amazon,0,3.0
3870,743,11,2026-05-20 06:50:16.661569,Target,0,0.22
3871,295,122,2026-05-20 01:22:33.661571,Walmart,0,2.44
3872,931,99,2026-05-21 00:21:46.661573,Target,0,1.98
3873,641,14,2026-05-22 15:15:45.661575,Target,0,0.28
3874,792,25,2026-05-19 04:46:28.661577,Walmart,0,0.5
3875,313,195,2026-05-25 20:04:28.661578,Walmart,0,3.9
3876,612,38,2026-05-19 17:33:36.661580,Target,0,0.76
3877,838,30,2026-05-24 20:00:21.661582,Amazon,0,0.6
3878,809,120,2026-05-23 08:16:49.661584,Target,0,2.4
3879,182,36,2026-05-23 23:37:54.661586,Walmart,0,0.72
3880,686,72,2026-05-25 06:27:05.661588,Amazon,0,1.44
3881,828,73,2026-05-21 17:59:30.661590,Target,0,1.46
3882,364,89,2026-05-21 05:37:16.661592,Target,0,1.78
3883,188,160,2026-05-24 15:25:43.661594,Target,0,3.2
3884,569,66,2026-05-25 14:24:59.661596,Walmart,0,1.32
3885,543,15,2026-05-20 23:56:10.661598,Target,0,0.3
3886,596,92,2026-05-22 18:38:47.661600,Walmart,0,1.84
3887,664,238,2026-05-23 18:02:43.661602,Amazon,0,4.76
3888,985,56,2026-05-23 21:51:34.661604,BestBuy,0,1.12
3889,548,105,2026-05-22 09:24:11.661606,Amazon,0,2.1
3890,725,47,2026-05-19 21:01:30.661612,Target,0,0.94
3891,926,56,2026-05-24 14:29:50.661614,Walmart,0,1.12
3892,408,19,2026-05-25 20:24:05.661616,Target,0,0.38
3893,876,106,2026-05-24 10:25:10.661618,Amazon,0,2.12
3894,618,48,2026-05-24 20:18:19.661620,BestBuy,0,0.96
3895,414,92,2026-05-25 07:22:37.661622,BestBuy,0,1.84
3896,342,58,2026-05-25 13:24:17.661624,Walmart,0,1.16
3897,220,67,2026-05-23 23:26:32.661626,Amazon,0,1.34
3898,903,105,2026-05-23 07:52:16.661628,Amazon,0,2.1
3899,163,105,2026-05-24 12:21:32.661630,Walmart,0,2.1
3900,951,170,2026-05-19 08:23:43.661632,Walmart,0,3.4
3901,220,187,2026-05-25 00:08:35.661634,Walmart,0,3.74
3902,270,65,2026-05-23 09:03:40.661636,Target,0,1.3
3903,632,137,2026-05-20 22:45:51.661638,Target,0,2.74
3904,906,38,2026-05-23 15:36:18.661640,Walmart,0,0.76
3905,848,62,2026-05-22 20:27:41.661642,Walmart,0,1.24
3906,400,87,2026-05-23 15:27:03.661644,BestBuy,0,1.74
3907,182,29,2026-05-21 21:33:13.661646,BestBuy,0,0.58
3908,991,80,2026-05-22 18:12:54.661648,Target,0,1.6
3909,618,92,2026-05-20 20:34:44.661650,BestBuy,0,1.84
3910,729,48,2026-05-23 05:24:56.661652,Walmart,0,0.96
3911,205,138,2026-05-25 13:58:00.661653,Amazon,0,2.76
3912,582,64,2026-05-19 04:12:19.661655,Walmart,0,1.28
3913,556,192,2026-05-20 20:14:17.661657,BestBuy,0,3.84
3914,841,228,2026-05-20 04:15:30.661659,Target,0,4.56
3915,813,54,2026-05-23 12:49:24.661661,Walmart,0,1.08
3916,228,59,2026-05-24 02:08:03.661663,Walmart,0,1.18
3917,696,46,2026-05-24 15:20:12.661665,BestBuy,0,0.92
3918,619,25,2026-05-25 15:01:52.661667,Amazon,0,0.5
3919,596,237,2026-05-25 11:15:49.661669,Walmart,0,4.74
3920,850,42,2026-05-19 07:28:19.661671,Target,0,0.84
3921,250,87,2026-05-19 18:33:28.661673,Target,0,1.74
3922,875,162,2026-05-24 18:48:39.661675,Amazon,0,3.24
3923,441,164,2026-05-25 08:13:24.661677,BestBuy,0,3.28
3924,533,108,2026-05-24 12:10:01.661679,Amazon,0,2.16
3925,196,153,2026-05-25 14:01:33.661681,Target,0,3.06
3926,690,107,2026-05-20 02:57:08.661683,Walmart,0,2.14
3927,929,179,2026-05-23 11:58:03.661685,Target,0,3.58
3928,987,169,2026-05-25 04:15:53.661687,Amazon,0,3.38
3929,519,15,2026-05-20 11:16:59.661689,Target,0,0.3
3930,70,151,2026-05-24 13:19:49.661691,BestBuy,0,3.02
3931,639,30,2026-05-19 21:10:06.661693,Amazon,0,0.6
3932,399,101,2026-05-23 23:44:20.661694,Target,0,2.02
3933,978,20,2026-05-24 14:13:10.661696,Walmart,0,0.4
3934,672,72,2026-05-22 22:35:53.661698,Walmart,0,1.44
3935,760,62,2026-05-23 02:19:36.661700,Amazon,0,1.24
3936,203,69,2026-05-23 07:55:38.661702,Walmart,0,1.38
3937,148,86,2026-05-21 14:33:54.661704,Amazon,0,1.72
3938,472,24,2026-05-19 17:18:41.661706,Walmart,0,0.48
3939,655,184,2026-05-24 08:29:11.661708,Target,0,3.68
3940,944,4,2026-05-23 16:57:21.661710,Walmart,0,0.08
3941,199,157,2026-05-21 01:41:26.661712,Target,0,3.14
3942,917,48,2026-05-25 06:06:20.661714,Amazon,0,0.96
3943,426,89,2026-05-24 03:35:05.661716,Walmart,0,1.78
3944,666,158,2026-05-23 13:41:36.661718,BestBuy,0,3.16
3945,492,106,2026-05-20 00:29:53.661720,BestBuy,0,2.12
3946,888,63,2026-05-23 21:22:05.661722,BestBuy,0,1.26
3947,896,78,2026-05-22 02:15:32.661724,Walmart,0,1.56
3948,142,63,2026-05-24 04:30:22.661726,Target,0,1.26
3949,313,173,2026-05-25 03:37:55.661728,Amazon,0,3.46
3950,165,177,2026-05-20 05:17:34.661729,Walmart,0,3.54
3951,314,39,2026-05-21 14:37:52.661731,Amazon,0,0.78
3952,21,148,2026-05-21 12:07:20.661733,Amazon,0,2.96
3953,82,235,2026-05-22 15:44:56.661735,Walmart,0,4.7
3954,581,117,2026-05-21 11:18:25.661737,Target,0,2.34
3955,131,48,2026-05-22 18:34:25.661739,BestBuy,0,0.96
3956,599,23,2026-05-19 17:58:52.661741,Amazon,0,0.46
3957,730,95,2026-05-24 07:29:49.661743,Amazon,0,1.9
3958,933,18,2026-05-20 14:29:52.661745,Walmart,0,0.36
3959,984,77,2026-05-22 21:10:34.661747,Amazon,0,1.54
3960,305,52,2026-05-20 18:33:00.661749,Walmart,0,1.04
3961,915,78,2026-05-22 03:02:17.661751,Amazon,0,1.56
3962,371,150,2026-05-19 06:36:35.661753,Target,0,3.0
3963,857,104,2026-05-21 09:11:21.661755,Target,0,2.08
3964,853,169,2026-05-21 23:12:47.661757,BestBuy,0,3.38
3965,384,392,2026-05-25 08:13:23.661759,BestBuy,1,78.4
3966,908,113,2026-05-22 23:40:22.661761,Target,0,2.26
3967,445,95,2026-05-25 18:33:22.661763,BestBuy,0,1.9
3968,425,185,2026-05-24 10:00:24.661765,BestBuy,0,3.7
3969,161,56,2026-05-19 01:39:59.661767,BestBuy,0,1.12
3970,178,88,2026-05-19 00:08:25.661768,Target,0,1.76
3971,629,87,2026-05-25 14:34:24.661770,BestBuy,0,1.74
3972,708,155,2026-05-25 22:24:19.661772,Walmart,0,3.1
3973,895,14,2026-05-20 17:34:56.661774,BestBuy,0,0.28
3974,490,60,2026-05-21 17:32:36.661776,Walmart,0,1.2
3975,327,238,2026-05-22 02:00:18.661778,BestBuy,1,47.6
3976,598,70,2026-05-20 19:17:58.661780,Walmart,0,1.4
3977,289,218,2026-05-24 15:26:00.661782,BestBuy,1,43.6
3978,593,165,2026-05-20 08:24:29.661784,Walmart,0,3.3
3979,664,185,2026-05-21 21:25:12.661786,BestBuy,0,3.7
3980,573,181,2026-05-23 10:08:15.661788,Walmart,0,3.62
3981,573,67,2026-05-21 16:00:16.661790,Target,0,1.34
3982,354,122,2026-05-25 17:14:46.661792,Amazon,0,2.44
3983,28,17,2026-05-23 17:49:39.661794,Amazon,0,0.34
3984,954,122,2026-05-21 20:36:43.661796,Target,0,2.44
3985,43,354,2026-05-19 22:33:41.661798,Target,0,7.08
3986,681,152,2026-05-22 13:51:57.661800,Walmart,0,3.04
3987,423,41,2026-05-20 09:39:36.661802,Walmart,0,0.82
3988,598,53,2026-05-24 22:39:14.661803,BestBuy,0,1.06
3989,177,167,2026-05-24 07:28:18.661805,BestBuy,0,3.34
3990,529,54,2026-05-21 13:18:17.661807,Amazon,0,1.08
3991,610,21,2026-05-20 08:40:30.661809,Amazon,0,0.42
3992,966,100,2026-05-23 04:33:21.661811,Walmart,0,2.0
3993,494,166,2026-05-25 11:14:36.661813,Walmart,0,3.32
3994,198,37,2026-05-20 08:54:57.661815,Target,0,0.74
3995,610,70,2026-05-24 04:47:50.661817,Walmart,0,1.4
3996,577,85,2026-05-25 06:27:24.661819,BestBuy,0,1.7
3997,842,100,2026-05-24 22:14:59.661821,Target,0,2.0
3998,853,36,2026-05-20 21:18:41.661823,Walmart,0,0.72
3999,517,22,2026-05-19 04:55:34.661825,BestBuy,0,0.44
4000,514,166,2026-05-23 08:47:39.661827,BestBuy,0,3.32
4001,22,47,2026-05-23 14:19:13.661828,Amazon,0,0.94
4002,112,40,2026-05-22 06:03:17.661830,Target,0,0.8
4003,57,99,2026-05-20 01:35:41.661832,Amazon,0,1.98
4004,66,52,2026-05-19 00:03:43.661834,Target,0,1.04
4005,842,100,2026-05-23 02:38:27.661836,Target,0,2.0
4006,98,38,2026-05-23 12:28:27.661838,Amazon,0,0.76
4007,144,40,2026-05-24 01:40:03.661840,Amazon,0,0.8
4008,880,89,2026-05-20 00:11:57.661842,Walmart,0,1.78
4009,435,31,2026-05-20 17:25:13.661844,Target,0,0.62
4010,637,94,2026-05-22 20:37:06.661846,Walmart,0,1.88
4011,679,29,2026-05-19 00:52:12.661848,Target,0,0.58
4012,86,117,2026-05-22 15:20:25.661850,BestBuy,0,2.34
4013,588,22,2026-05-20 03:18:10.661851,Walmart,0,0.44
4014,344,78,2026-05-19 04:50:07.661853,Amazon,0,1.56
4015,936,8,2026-05-24 10:50:25.661855,BestBuy,0,0.16
4016,294,50,2026-05-19 09:20:31.661857,Amazon,0,1.0
4017,956,68,2026-05-22 09:08:40.661859,BestBuy,0,1.36
4018,571,26,2026-05-24 17:27:12.661861,BestBuy,0,0.52
4019,650,97,2026-05-19 19:07:25.661863,Walmart,0,1.94
4020,611,94,2026-05-23 17:28:09.661865,Amazon,0,1.88
4021,704,64,2026-05-20 12:00:27.661867,Walmart,0,1.28
4022,243,84,2026-05-23 03:02:57.661869,BestBuy,0,1.68
4023,831,28,2026-05-25 18:19:42.661871,Target,0,0.56
4024,561,89,2026-05-20 07:36:09.661873,Target,0,1.78
4025,960,179,2026-05-25 12:00:24.661875,BestBuy,0,3.58
4026,32,91,2026-05-20 04:28:17.661877,Amazon,0,1.82
4027,391,109,2026-05-20 22:06:57.661879,Amazon,0,2.18
4028,277,167,2026-05-19 15:19:48.661881,Amazon,0,3.34
4029,532,139,2026-05-20 01:49:43.661883,Target,0,2.78
4030,154,180,2026-05-20 14:52:26.661885,Walmart,0,3.6
4031,383,283,2026-05-25 18:04:19.661887,Amazon,0,5.66
4032,68,93,2026-05-24 02:49:12.661889,Walmart,0,1.86
4033,878,68,2026-05-23 21:52:04.661891,Amazon,0,1.36
4034,884,31,2026-05-19 08:39:22.661892,Amazon,0,0.62
4035,214,55,2026-05-25 13:11:47.661894,Amazon,0,1.1
4036,655,75,2026-05-25 12:11:29.661896,Walmart,0,1.5
4037,376,100,2026-05-23 05:22:48.661898,Walmart,0,2.0
4038,744,117,2026-05-18 23:39:31.661900,Walmart,0,2.34
4039,213,54,2026-05-22 03:17:09.661902,BestBuy,0,1.08
4040,79,30,2026-05-22 13:11:33.661904,Target,0,0.6
4041,726,18,2026-05-23 22:38:32.661906,BestBuy,0,0.36
4042,628,165,2026-05-18 23:20:47.661908,Target,0,3.3
4043,604,199,2026-05-22 12:28:32.661910,BestBuy,0,3.98
4044,782,138,2026-05-24 05:51:29.661912,Target,0,2.76
4045,923,163,2026-05-23 06:39:43.661914,Walmart,0,3.26
4046,381,29,2026-05-22 17:10:27.661916,Target,0,0.58
4047,680,156,2026-05-20 03:25:01.661918,Amazon,0,3.12
4048,58,56,2026-05-23 22:34:20.661919,Walmart,0,1.12
4049,796,165,2026-05-20 23:24:35.661921,BestBuy,0,3.3
4050,26,63,2026-05-23 14:22:58.661923,Amazon,0,1.26
4051,881,35,2026-05-19 10:21:18.661925,Amazon,0,0.7
4052,447,19,2026-05-21 22:21:18.661927,Walmart,0,0.38
4053,66,394,2026-05-23 20:53:02.661929,Amazon,0,7.88
4054,921,118,2026-05-20 10:10:55.661931,Walmart,0,2.36
4055,760,56,2026-05-22 20:39:37.661933,Target,0,1.12
4056,254,250,2026-05-20 08:26:03.661935,Walmart,0,5.0
4057,899,131,2026-05-25 19:11:02.661937,Walmart,0,2.62
4058,968,192,2026-05-22 01:22:55.661939,BestBuy,0,3.84
4059,44,22,2026-05-21 13:44:00.661941,Amazon,0,0.44
4060,97,186,2026-05-24 08:10:04.661943,BestBuy,0,3.72
4061,554,70,2026-05-19 18:24:53.661945,BestBuy,0,1.4
4062,227,13,2026-05-20 19:34:51.661947,BestBuy,0,0.26
4063,774,289,2026-05-21 12:24:12.661949,BestBuy,1,57.8
4064,679,102,2026-05-22 09:01:45.661950,BestBuy,0,2.04
4065,436,150,2026-05-25 03:54:10.661952,Amazon,0,3.0
4066,791,92,2026-05-22 03:13:27.661954,Amazon,0,1.84
4067,601,86,2026-05-20 17:58:47.661956,Amazon,0,1.72
4068,379,104,2026-05-23 09:11:05.661958,BestBuy,0,2.08
4069,178,68,2026-05-20 17:26:02.661960,Amazon,0,1.36
4070,427,36,2026-05-25 17:33:22.661962,BestBuy,0,0.72
4071,915,124,2026-05-24 21:37:58.661964,Amazon,0,2.48
4072,709,213,2026-05-19 03:40:15.661966,Amazon,0,4.26
4073,307,201,2026-05-20 07:03:16.661968,Amazon,0,4.02
4074,779,29,2026-05-20 13:52:04.661970,Amazon,0,0.58
4075,504,205,2026-05-19 19:18:02.661972,Walmart,0,4.1
4076,268,51,2026-05-21 18:45:05.661974,Amazon,0,1.02
4077,586,41,2026-05-25 14:50:54.661976,Amazon,0,0.82
4078,8,10,2026-05-22 03:41:51.661977,Walmart,0,0.2
4079,920,79,2026-05-22 00:49:26.661979,Target,0,1.58
4080,508,79,2026-05-22 12:47:18.661981,Target,0,1.58
4081,476,104,2026-05-25 06:12:46.661983,Walmart,0,2.08
4082,297,40,2026-05-22 02:43:15.661985,Target,0,0.8
4083,164,77,2026-05-25 18:48:06.661987,Amazon,0,1.54
4084,485,52,2026-05-24 08:20:16.661989,BestBuy,0,1.04
4085,597,103,2026-05-25 10:41:03.661991,BestBuy,0,2.06
4086,72,177,2026-05-23 18:10:08.661993,Amazon,0,3.54
4087,567,181,2026-05-21 23:13:10.661995,Amazon,0,3.62
4088,905,197,2026-05-23 07:44:20.661997,Target,0,3.94
4089,559,25,2026-05-22 07:50:11.661999,Walmart,0,0.5
4090,911,63,2026-05-24 04:42:03.662001,BestBuy,0,1.26
4091,944,49,2026-05-21 02:53:48.662003,Amazon,0,0.98
4092,238,14,2026-05-24 09:08:10.662005,Walmart,0,0.28
4093,104,88,2026-05-19 04:45:30.662007,Walmart,0,1.76
4094,210,118,2026-05-20 16:18:01.662009,Amazon,0,2.36
4095,554,192,2026-05-23 09:40:59.662011,Walmart,0,3.84
4096,828,79,2026-05-25 21:41:08.662013,BestBuy,0,1.58
4097,468,146,2026-05-25 06:09:19.662015,BestBuy,0,2.92
4098,454,14,2026-05-20 16:43:34.662017,Walmart,0,0.28
4099,268,10,2026-05-22 11:47:49.662019,Amazon,0,0.2
4100,386,49,2026-05-21 08:40:10.662021,Walmart,0,0.98
4101,775,91,2026-05-21 19:08:32.662023,Target,0,1.82
4102,848,60,2026-05-25 17:28:10.662024,Amazon,0,1.2
4103,387,147,2026-05-20 05:39:50.662026,Amazon,0,2.94
4104,877,266,2026-05-19 22:47:38.662028,Amazon,0,5.32
4105,259,125,2026-05-19 19:11:06.662030,BestBuy,0,2.5
4106,283,60,2026-05-23 20:28:09.662032,Amazon,0,1.2
4107,626,43,2026-05-25 10:10:52.662034,Amazon,0,0.86
4108,875,21,2026-05-22 08:22:26.662036,BestBuy,0,0.42
4109,40,79,2026-05-19 18:21:35.662038,BestBuy,0,1.58
4110,486,265,2026-05-25 10:54:16.662040,BestBuy,1,53.0
4111,929,97,2026-05-24 10:10:08.662042,Amazon,0,1.94
4112,220,77,2026-05-22 01:48:27.662044,Amazon,0,1.54
4113,129,103,2026-05-25 01:43:19.662046,BestBuy,0,2.06
4114,520,121,2026-05-22 00:04:32.662048,BestBuy,0,2.42
4115,613,4,2026-05-22 05:24:21.662050,Target,0,0.08
4116,928,378,2026-05-25 10:14:21.662052,BestBuy,1,75.6
4117,892,3,2026-05-21 06:22:29.662053,Walmart,0,0.06
4118,688,67,2026-05-21 08:49:56.662055,Target,0,1.34
4119,619,104,2026-05-21 07:57:34.662057,BestBuy,0,2.08
4120,613,68,2026-05-22 18:01:32.662059,BestBuy,0,1.36
4121,260,88,2026-05-24 07:27:50.662061,BestBuy,0,1.76
4122,990,48,2026-05-22 16:13:14.662063,BestBuy,0,0.96
4123,966,54,2026-05-21 00:05:20.662065,Walmart,0,1.08
4124,366,76,2026-05-21 19:40:04.662067,BestBuy,0,1.52
4125,758,139,2026-05-20 08:50:00.662069,Amazon,0,2.78
4126,787,89,2026-05-19 02:25:20.662071,Target,0,1.78
4127,544,173,2026-05-25 07:12:33.662073,BestBuy,0,3.46
4128,649,133,2026-05-25 09:54:20.662075,Amazon,0,2.66
4129,524,175,2026-05-22 12:09:09.662077,Walmart,0,3.5
4130,907,63,2026-05-23 11:09:11.662079,Target,0,1.26
4131,814,36,2026-05-24 22:10:29.662081,BestBuy,0,0.72
4132,887,34,2026-05-22 00:00:22.662083,Target,0,0.68
4133,16,102,2026-05-25 17:40:03.662085,BestBuy,0,2.04
4134,129,26,2026-05-21 12:28:25.662087,Walmart,0,0.52
4135,575,204,2026-05-24 05:04:40.662089,Walmart,0,4.08
4136,109,28,2026-05-19 21:33:47.662091,Target,0,0.56
4137,887,193,2026-05-20 01:07:18.662093,Target,0,3.86
4138,533,59,2026-05-21 02:32:19.662095,Target,0,1.18
4139,670,95,2026-05-25 03:54:13.662097,Walmart,0,1.9
4140,269,44,2026-05-22 01:50:20.662099,Amazon,0,0.88
4141,162,76,2026-05-21 12:04:38.662101,Target,0,1.52
4142,260,99,2026-05-23 02:39:26.662102,BestBuy,0,1.98
4143,924,80,2026-05-19 14:53:25.662104,Walmart,0,1.6
4144,102,19,2026-05-25 13:21:24.662107,Target,0,0.38
4145,506,139,2026-05-19 16:23:56.662109,Walmart,0,2.78
4146,735,89,2026-05-22 09:47:07.662111,Target,0,1.78
4147,571,34,2026-05-24 08:56:35.662113,Walmart,0,0.68
4148,247,88,2026-05-24 03:08:00.662114,Walmart,0,1.76
4149,640,119,2026-05-22 04:09:37.662116,Target,0,2.38
4150,795,90,2026-05-20 03:31:25.662118,BestBuy,0,1.8
4151,837,212,2026-05-20 10:31:55.662120,Walmart,0,4.24
4152,537,11,2026-05-25 13:12:51.662122,BestBuy,0,0.22
4153,131,41,2026-05-24 22:29:58.662124,BestBuy,0,0.82
4154,353,128,2026-05-24 06:33:01.662126,Walmart,0,2.56
4155,196,58,2026-05-19 11:50:51.662128,Walmart,0,1.16
4156,793,16,2026-05-19 12:02:26.662130,Walmart,0,0.32
4157,916,244,2026-05-20 14:07:34.662132,BestBuy,1,48.8
4158,930,39,2026-05-24 14:39:34.662134,Walmart,0,0.78
4159,666,55,2026-05-25 20:07:50.662136,Walmart,0,1.1
4160,382,82,2026-05-19 05:53:25.662138,Walmart,0,1.64
4161,645,236,2026-05-21 22:28:48.662140,Walmart,0,4.72
4162,227,88,2026-05-25 12:06:49.662142,Target,0,1.76
4163,701,54,2026-05-22 06:31:56.662144,Walmart,0,1.08
4164,476,459,2026-05-24 04:06:28.662145,BestBuy,1,91.8
4165,477,114,2026-05-24 01:20:46.662147,BestBuy,0,2.28
4166,265,97,2026-05-23 13:13:07.662149,Amazon,0,1.94
4167,372,18,2026-05-25 11:52:42.662151,Target,0,0.36
4168,486,118,2026-05-19 14:12:03.662153,Target,0,2.36
4169,434,166,2026-05-23 09:29:53.662155,Amazon,0,3.32
4170,646,21,2026-05-25 01:44:11.662157,BestBuy,0,0.42
4171,211,226,2026-05-23 00:10:34.662159,BestBuy,1,45.2
4172,572,394,2026-05-19 08:05:02.662161,Walmart,0,7.88
4173,940,245,2026-05-20 01:15:14.662163,Amazon,0,4.9
4174,377,45,2026-05-22 18:08:40.662165,BestBuy,0,0.9
4175,395,232,2026-05-23 16:36:22.662167,Amazon,0,4.64
4176,450,144,2026-05-25 21:29:22.662169,Amazon,0,2.88
4177,943,70,2026-05-20 11:59:27.662171,Target,0,1.4
4178,364,199,2026-05-23 02:12:18.662173,BestBuy,0,3.98
4179,876,123,2026-05-24 02:43:36.662175,BestBuy,0,2.46
4180,457,90,2026-05-20 16:41:45.662177,Walmart,0,1.8
4181,725,59,2026-05-19 09:35:51.662179,BestBuy,0,1.18
4182,728,47,2026-05-25 05:29:00.662180,Target,0,0.94
4183,226,103,2026-05-23 21:11:36.662182,BestBuy,0,2.06
4184,982,66,2026-05-19 11:18:56.662184,Walmart,0,1.32
4185,131,123,2026-05-24 18:24:17.662186,BestBuy,0,2.46
4186,588,200,2026-05-19 16:02:58.662188,Amazon,0,4.0
4187,476,82,2026-05-21 23:14:36.662190,Target,0,1.64
4188,798,54,2026-05-23 12:27:56.662192,Walmart,0,1.08
4189,986,125,2026-05-19 19:29:45.662194,Walmart,0,2.5
4190,277,63,2026-05-20 23:59:06.662196,Amazon,0,1.26
4191,156,131,2026-05-24 06:04:21.662198,Target,0,2.62
4192,760,27,2026-05-24 06:00:44.662200,BestBuy,0,0.54
4193,218,154,2026-05-22 11:04:29.662202,Target,0,3.08
4194,190,143,2026-05-21 22:24:12.662204,Target,0,2.86
4195,417,84,2026-05-25 03:24:01.662205,Target,0,1.68
4196,981,106,2026-05-21 09:02:57.662207,Target,0,2.12
4197,675,143,2026-05-23 00:29:50.662209,Target,0,2.86
4198,692,236,2026-05-25 06:21:29.662211,Target,0,4.72
4199,546,36,2026-05-24 12:50:15.662213,Amazon,0,0.72
4200,41,115,2026-05-24 19:28:46.662215,Walmart,0,2.3
4201,307,22,2026-05-22 06:18:12.662217,Amazon,0,0.44
4202,943,35,2026-05-18 23:14:02.662219,BestBuy,0,0.7
4203,338,205,2026-05-21 01:22:11.662221,Walmart,0,4.1
4204,314,28,2026-05-19 06:37:03.662223,Walmart,0,0.56
4205,75,127,2026-05-21 17:05:51.662225,BestBuy,0,2.54
4206,953,55,2026-05-21 01:33:35.662227,Walmart,0,1.1
4207,279,24,2026-05-19 20:35:58.662229,BestBuy,0,0.48
4208,176,34,2026-05-25 15:26:10.662231,Target,0,0.68
4209,896,42,2026-05-25 10:43:49.662233,Target,0,0.84
4210,662,175,2026-05-22 01:59:38.662235,Walmart,0,3.5
4211,273,43,2026-05-25 12:51:23.662237,Walmart,0,0.86
4212,837,55,2026-05-23 15:38:42.662239,Target,0,1.1
4213,620,64,2026-05-24 05:24:42.662241,Target,0,1.28
4214,651,63,2026-05-19 10:42:00.662243,BestBuy,0,1.26
4215,862,190,2026-05-20 18:25:02.662245,Walmart,0,3.8
4216,783,14,2026-05-25 12:04:48.662247,Walmart,0,0.28
4217,859,171,2026-05-20 13:33:21.662249,Amazon,0,3.42
4218,931,82,2026-05-21 15:33:04.662251,Target,0,1.64
4219,289,137,2026-05-19 01:37:27.662253,Target,0,2.74
4220,724,38,2026-05-24 09:13:59.662254,Walmart,0,0.76
4221,893,47,2026-05-19 22:14:46.662256,Amazon,0,0.94
4222,272,81,2026-05-20 13:12:44.662258,BestBuy,0,1.62
4223,930,41,2026-05-24 05:20:03.662260,BestBuy,0,0.82
4224,66,33,2026-05-22 19:06:03.662262,Target,0,0.66
4225,483,16,2026-05-19 03:25:09.662264,Amazon,0,0.32
4226,936,47,2026-05-22 04:30:48.662266,Amazon,0,0.94
4227,248,73,2026-05-25 04:57:18.662268,BestBuy,0,1.46
4228,156,71,2026-05-18 23:19:42.662270,Target,0,1.42
4229,47,87,2026-05-19 09:23:19.662272,Walmart,0,1.74
4230,935,111,2026-05-21 03:04:27.662274,Amazon,0,2.22
4231,454,114,2026-05-23 07:58:54.662276,Walmart,0,2.28
4232,201,70,2026-05-22 21:15:57.662278,Target,0,1.4
4233,660,144,2026-05-21 02:08:35.662280,BestBuy,0,2.88
4234,124,28,2026-05-24 06:12:02.662282,Amazon,0,0.56
4235,1,154,2026-05-25 16:55:43.662284,Walmart,0,3.08
4236,968,251,2026-05-25 21:32:58.662286,Amazon,0,5.02
4237,759,115,2026-05-19 09:28:19.662288,Amazon,0,2.3
4238,855,17,2026-05-22 00:09:30.662290,Amazon,0,0.34
4239,640,43,2026-05-24 08:46:39.662291,Target,0,0.86
4240,191,41,2026-05-20 01:23:42.662293,Walmart,0,0.82
4241,579,70,2026-05-25 16:17:04.662295,Amazon,0,1.4
4242,516,144,2026-05-20 22:34:24.662297,Walmart,0,2.88
4243,442,32,2026-05-22 22:31:41.662299,Target,0,0.64
4244,921,207,2026-05-20 21:23:35.662301,Amazon,0,4.14
4245,815,127,2026-05-21 07:06:53.662303,Amazon,0,2.54
4246,806,107,2026-05-21 03:45:05.662305,Amazon,0,2.14
4247,143,28,2026-05-21 02:20:03.662307,Walmart,0,0.56
4248,191,268,2026-05-21 08:39:17.662309,Walmart,0,5.36
4249,533,270,2026-05-23 23:46:32.662311,Amazon,0,5.4
4250,227,45,2026-05-23 23:45:58.662313,Walmart,0,0.9
4251,313,39,2026-05-23 08:19:00.662315,Walmart,0,0.78
4252,629,60,2026-05-21 12:23:52.662317,Amazon,0,1.2
4253,949,98,2026-05-25 02:54:18.662319,Amazon,0,1.96
4254,302,16,2026-05-24 06:54:48.662321,BestBuy,0,0.32
4255,654,30,2026-05-23 03:36:14.662323,BestBuy,0,0.6
4256,996,107,2026-05-25 14:39:50.662325,Amazon,0,2.14
4257,460,158,2026-05-24 20:37:31.662326,Target,0,3.16
4258,401,116,2026-05-22 08:57:54.662328,Amazon,0,2.32
4259,551,148,2026-05-24 15:53:25.662330,Amazon,0,2.96
4260,393,157,2026-05-20 17:38:17.662332,Amazon,0,3.14
4261,867,164,2026-05-21 01:52:53.662334,Amazon,0,3.28
4262,764,110,2026-05-19 09:46:36.662336,Amazon,0,2.2
4263,845,53,2026-05-19 13:40:02.662338,Amazon,0,1.06
4264,207,9,2026-05-20 05:41:23.662340,Amazon,0,0.18
4265,210,188,2026-05-24 00:48:18.662342,Amazon,0,3.76
4266,115,94,2026-05-20 08:19:01.662344,BestBuy,0,1.88
4267,737,93,2026-05-22 06:25:19.662346,BestBuy,0,1.86
4268,646,162,2026-05-19 01:30:32.662348,BestBuy,0,3.24
4269,251,22,2026-05-22 15:10:22.662350,Target,0,0.44
4270,219,98,2026-05-25 18:30:41.662352,Walmart,0,1.96
4271,407,51,2026-05-23 13:09:57.662354,Target,0,1.02
4272,443,88,2026-05-21 20:52:51.662355,Target,0,1.76
4273,603,237,2026-05-21 11:23:49.662357,Amazon,0,4.74
4274,354,60,2026-05-19 09:58:45.662359,BestBuy,0,1.2
4275,888,102,2026-05-24 08:18:59.662361,Amazon,0,2.04
4276,558,90,2026-05-23 17:25:39.662363,Amazon,0,1.8
4277,550,149,2026-05-19 13:59:10.662365,BestBuy,0,2.98
4278,142,122,2026-05-23 00:38:38.662367,Amazon,0,2.44
4279,612,35,2026-05-21 21:29:56.662369,Walmart,0,0.7
4280,501,216,2026-05-20 14:57:12.662371,Walmart,0,4.32
4281,840,90,2026-05-20 00:54:56.662373,Target,0,1.8
4282,702,35,2026-05-24 09:34:46.662375,BestBuy,0,0.7
4283,547,26,2026-05-23 18:09:01.662377,Walmart,0,0.52
4284,659,134,2026-05-21 04:27:51.662379,Target,0,2.68
4285,542,183,2026-05-22 20:43:44.662381,Amazon,0,3.66
4286,846,157,2026-05-20 22:17:18.662382,Target,0,3.14
4287,507,71,2026-05-21 22:45:21.662384,Target,0,1.42
4288,596,75,2026-05-20 03:14:39.662386,Walmart,0,1.5
4289,881,127,2026-05-22 07:44:07.662388,Target,0,2.54
4290,281,35,2026-05-22 00:58:03.662390,BestBuy,0,0.7
4291,424,184,2026-05-24 11:56:35.662392,Amazon,0,3.68
4292,856,138,2026-05-20 06:29:27.662394,BestBuy,0,2.76
4293,270,48,2026-05-19 10:58:49.662396,Amazon,0,0.96
4294,154,87,2026-05-23 03:58:52.662398,BestBuy,0,1.74
4295,614,80,2026-05-21 19:05:02.662400,Amazon,0,1.6
4296,727,55,2026-05-25 16:11:53.662402,BestBuy,0,1.1
4297,662,175,2026-05-24 16:22:31.662404,Amazon,0,3.5
4298,944,11,2026-05-23 01:06:32.662406,Walmart,0,0.22
4299,83,147,2026-05-21 01:34:48.662408,Target,0,2.94
4300,622,171,2026-05-21 04:47:31.662410,Target,0,3.42
4301,947,87,2026-05-20 01:54:41.662411,Target,0,1.74
4302,899,4,2026-05-24 05:32:03.662413,Target,0,0.08
4303,426,27,2026-05-24 07:10:45.662415,Amazon,0,0.54
4304,275,48,2026-05-22 23:34:21.662417,BestBuy,0,0.96
4305,713,95,2026-05-24 14:30:45.662419,BestBuy,0,1.9
4306,284,164,2026-05-20 18:53:58.662421,Walmart,0,3.28
4307,980,32,2026-05-24 20:42:52.662423,Target,0,0.64
4308,173,93,2026-05-25 20:03:30.662425,Target,0,1.86
4309,327,16,2026-05-19 18:14:15.662427,Walmart,0,0.32
4310,718,196,2026-05-20 17:38:08.662429,Target,0,3.92
4311,63,29,2026-05-23 09:27:05.662431,Walmart,0,0.58
4312,73,81,2026-05-21 10:51:18.662433,Target,0,1.62
4313,763,92,2026-05-22 04:36:39.662435,BestBuy,0,1.84
4314,636,92,2026-05-19 02:59:14.662437,Walmart,0,1.84
4315,375,29,2026-05-20 13:19:47.662439,BestBuy,0,0.58
4316,633,63,2026-05-23 21:46:01.662441,Target,0,1.26
4317,508,31,2026-05-20 11:42:17.662443,BestBuy,0,0.62
4318,787,88,2026-05-19 16:00:56.662445,BestBuy,0,1.76
4319,943,43,2026-05-19 07:18:46.662447,Amazon,0,0.86
4320,398,77,2026-05-21 08:49:28.662449,Target,0,1.54
4321,120,105,2026-05-23 01:03:14.662451,Amazon,0,2.1
4322,934,72,2026-05-21 20:26:33.662452,Walmart,0,1.44
4323,437,64,2026-05-24 23:19:33.662454,Amazon,0,1.28
4324,829,45,2026-05-25 09:53:55.662456,Target,0,0.9
4325,676,74,2026-05-24 02:17:36.662458,Amazon,0,1.48
4326,936,35,2026-05-22 06:26:38.662460,Amazon,0,0.7
4327,465,115,2026-05-21 22:08:32.662462,Target,0,2.3
4328,286,92,2026-05-25 02:01:36.662464,BestBuy,0,1.84
4329,265,82,2026-05-22 00:24:39.662466,Walmart,0,1.64
4330,320,210,2026-05-24 22:49:14.662468,Amazon,0,4.2
4331,673,25,2026-05-25 10:26:02.662470,Target,0,0.5
4332,376,116,2026-05-22 02:53:00.662472,Amazon,0,2.32
4333,820,71,2026-05-22 19:54:07.662474,Walmart,0,1.42
4334,89,99,2026-05-20 02:12:34.662476,Walmart,0,1.98
4335,654,53,2026-05-21 17:53:07.662478,Walmart,0,1.06
4336,203,73,2026-05-24 22:37:29.662480,Amazon,0,1.46
4337,821,51,2026-05-19 02:50:07.662482,BestBuy,0,1.02
4338,739,25,2026-05-25 10:54:25.662484,BestBuy,0,0.5
4339,955,219,2026-05-20 13:19:56.662486,BestBuy,1,43.8
4340,334,10,2026-05-24 10:44:45.662487,Target,0,0.2
4341,222,28,2026-05-19 10:29:16.662489,BestBuy,0,0.56
4342,41,180,2026-05-21 20:54:19.662491,BestBuy,0,3.6
4343,708,78,2026-05-20 17:50:33.662493,Walmart,0,1.56
4344,68,31,2026-05-24 09:36:38.662495,Target,0,0.62
4345,988,65,2026-05-19 14:41:52.662497,Walmart,0,1.3
4346,776,210,2026-05-24 05:32:18.662499,Amazon,0,4.2
4347,514,78,2026-05-21 20:51:49.662501,Amazon,0,1.56
4348,873,69,2026-05-23 09:47:54.662503,Walmart,0,1.38
4349,637,59,2026-05-24 22:20:31.662505,Target,0,1.18
4350,622,26,2026-05-20 05:50:47.662507,BestBuy,0,0.52
4351,598,98,2026-05-19 01:06:18.662509,BestBuy,0,1.96
4352,937,38,2026-05-25 07:43:47.662511,Target,0,0.76
4353,632,46,2026-05-25 09:09:40.662513,BestBuy,0,0.92
4354,127,143,2026-05-25 17:02:13.662515,BestBuy,0,2.86
4355,255,159,2026-05-25 08:33:55.662517,Walmart,0,3.18
4356,695,11,2026-05-19 18:34:01.662519,Amazon,0,0.22
4357,16,131,2026-05-23 12:51:49.662521,Target,0,2.62
4358,477,93,2026-05-20 07:28:33.662523,Target,0,1.86
4359,62,160,2026-05-21 11:24:54.662525,BestBuy,0,3.2
4360,881,80,2026-05-24 10:46:50.662527,BestBuy,0,1.6
4361,432,67,2026-05-20 02:30:56.662529,Amazon,0,1.34
4362,670,95,2026-05-24 21:48:20.662531,Target,0,1.9
4363,268,24,2026-05-21 07:47:41.662533,Walmart,0,0.48
4364,35,134,2026-05-22 19:56:26.662535,Amazon,0,2.68
4365,779,61,2026-05-24 23:31:27.662537,Walmart,0,1.22
4366,576,46,2026-05-23 02:54:36.662539,Amazon,0,0.92
4367,494,35,2026-05-22 10:36:52.662540,Walmart,0,0.7
4368,562,114,2026-05-19 04:34:40.662542,Walmart,0,2.28
4369,469,170,2026-05-20 17:09:43.662544,Walmart,0,3.4
4370,767,118,2026-05-24 16:02:08.662546,Target,0,2.36
4371,661,81,2026-05-21 16:35:29.662548,BestBuy,0,1.62
4372,325,85,2026-05-19 07:11:48.662550,Target,0,1.7
4373,304,65,2026-05-24 04:48:03.662552,Walmart,0,1.3
4374,276,168,2026-05-23 00:28:01.662554,BestBuy,0,3.36
4375,869,71,2026-05-20 01:02:07.662556,Walmart,0,1.42
4376,963,157,2026-05-25 02:06:33.662558,Amazon,0,3.14
4377,684,49,2026-05-24 13:39:25.662560,BestBuy,0,0.98
4378,929,244,2026-05-23 03:18:24.662562,Target,0,4.88
4379,201,74,2026-05-24 00:54:36.662564,Walmart,0,1.48
4380,445,115,2026-05-25 18:45:42.662566,BestBuy,0,2.3
4381,905,13,2026-05-25 03:06:17.662568,Target,0,0.26
4382,324,145,2026-05-23 15:36:32.662570,Amazon,0,2.9
4383,35,29,2026-05-25 10:45:11.662572,Walmart,0,0.58
4384,977,212,2026-05-25 17:32:51.662573,Target,0,4.24
4385,482,83,2026-05-24 01:38:45.662575,BestBuy,0,1.66
4386,728,30,2026-05-24 22:29:16.662577,Amazon,0,0.6
4387,480,72,2026-05-23 04:21:02.662579,Walmart,0,1.44
4388,65,114,2026-05-21 11:04:21.662581,Target,0,2.28
4389,8,148,2026-05-25 10:38:38.662583,Amazon,0,2.96
4390,301,133,2026-05-22 19:19:27.662585,Amazon,0,2.66
4391,343,140,2026-05-19 03:52:17.662587,Target,0,2.8
4392,431,45,2026-05-20 01:02:09.662589,Walmart,0,0.9
4393,424,31,2026-05-22 08:43:51.662591,Target,0,0.62
4394,332,56,2026-05-23 03:05:57.662593,Amazon,0,1.12
4395,438,22,2026-05-21 14:45:46.662595,Amazon,0,0.44
4396,588,16,2026-05-22 03:32:23.662597,BestBuy,0,0.32
4397,174,49,2026-05-23 18:21:40.662599,Walmart,0,0.98
4398,559,222,2026-05-21 02:26:09.662601,Target,0,4.44
4399,527,194,2026-05-23 05:45:11.662603,Walmart,0,3.88
4400,873,23,2026-05-21 09:02:03.662605,Walmart,0,0.46
4401,659,57,2026-05-21 20:52:28.662607,Amazon,0,1.14
4402,26,129,2026-05-21 10:59:44.662609,BestBuy,0,2.58
4403,820,77,2026-05-20 06:06:59.662611,Target,0,1.54
4404,605,104,2026-05-25 21:58:07.662613,Target,0,2.08
4405,406,8,2026-05-24 04:41:48.662614,BestBuy,0,0.16
4406,232,131,2026-05-20 03:24:53.662616,BestBuy,0,2.62
4407,533,121,2026-05-21 10:45:24.662618,Amazon,0,2.42
4408,819,9,2026-05-20 08:16:45.662620,Amazon,0,0.18
4409,550,35,2026-05-24 02:20:03.662622,Target,0,0.7
4410,788,33,2026-05-19 20:02:03.662624,BestBuy,0,0.66
4411,505,23,2026-05-22 01:38:25.662626,Walmart,0,0.46
4412,669,14,2026-05-23 21:11:46.662628,Walmart,0,0.28
4413,179,26,2026-05-25 16:14:00.662630,BestBuy,0,0.52
4414,132,52,2026-05-20 08:59:44.662632,Target,0,1.04
4415,823,85,2026-05-21 18:12:41.662634,Walmart,0,1.7
4416,455,61,2026-05-21 22:42:11.662636,Walmart,0,1.22
4417,348,185,2026-05-22 19:02:30.662638,BestBuy,0,3.7
4418,540,21,2026-05-21 22:09:45.662640,Amazon,0,0.42
4419,772,9,2026-05-22 15:04:12.662641,Walmart,0,0.18
4420,406,60,2026-05-20 08:16:09.662643,Amazon,0,1.2
4421,76,10,2026-05-25 18:36:58.662645,Walmart,0,0.2
4422,941,37,2026-05-20 04:46:03.662647,Target,0,0.74
4423,579,87,2026-05-23 07:05:33.662649,Amazon,0,1.74
4424,854,101,2026-05-19 14:31:51.662651,Target,0,2.02
4425,492,39,2026-05-20 15:54:07.662653,Amazon,0,0.78
4426,194,111,2026-05-23 16:06:02.662655,BestBuy,0,2.22
4427,984,19,2026-05-22 11:48:24.662657,BestBuy,0,0.38
4428,162,94,2026-05-23 15:13:07.662659,Walmart,0,1.88
4429,347,13,2026-05-25 22:02:18.662661,Target,0,0.26
4430,951,399,2026-05-24 17:43:47.662663,Amazon,0,7.98
4431,361,156,2026-05-19 12:29:21.662665,Target,0,3.12
4432,769,36,2026-05-23 02:01:33.662667,Target,0,0.72
4433,584,77,2026-05-21 07:45:07.662669,Walmart,0,1.54
4434,87,28,2026-05-20 08:25:37.662671,BestBuy,0,0.56
4435,934,114,2026-05-21 11:07:28.662673,Amazon,0,2.28
4436,262,168,2026-05-20 22:47:04.662674,Walmart,0,3.36
4437,214,176,2026-05-19 00:47:37.662676,Target,0,3.52
4438,665,168,2026-05-20 02:06:06.662678,BestBuy,0,3.36
4439,722,152,2026-05-20 01:39:19.662680,BestBuy,0,3.04
4440,913,95,2026-05-21 18:16:19.662682,Amazon,0,1.9
4441,573,77,2026-05-21 09:44:20.662684,BestBuy,0,1.54
4442,780,62,2026-05-21 12:13:40.662686,Target,0,1.24
4443,262,39,2026-05-19 03:02:10.662688,BestBuy,0,0.78
4444,730,58,2026-05-20 22:56:00.662690,Target,0,1.16
4445,283,53,2026-05-22 07:46:40.662693,Amazon,0,1.06
4446,648,21,2026-05-25 05:23:37.662694,Target,0,0.42
4447,467,62,2026-05-21 00:50:01.662696,BestBuy,0,1.24
4448,380,67,2026-05-22 00:45:31.662698,BestBuy,0,1.34
4449,362,27,2026-05-22 05:27:43.662700,Amazon,0,0.54
4450,449,136,2026-05-19 17:26:33.662702,Amazon,0,2.72
4451,441,92,2026-05-19 09:14:32.662704,BestBuy,0,1.84
4452,93,24,2026-05-21 15:37:29.662706,Amazon,0,0.48
4453,621,88,2026-05-21 09:54:14.662708,Target,0,1.76
4454,753,49,2026-05-23 06:17:39.662710,Walmart,0,0.98
4455,867,61,2026-05-25 16:06:32.662712,Target,0,1.22
4456,424,75,2026-05-20 06:25:36.662714,Target,0,1.5
4457,142,182,2026-05-20 16:16:11.662716,Amazon,0,3.64
4458,291,50,2026-05-22 01:07:23.662717,Walmart,0,1.0
4459,432,98,2026-05-19 17:41:56.662719,BestBuy,0,1.96
4460,749,42,2026-05-25 17:56:27.662721,Amazon,0,0.84
4461,852,132,2026-05-25 12:10:57.662723,Target,0,2.64
4462,824,100,2026-05-19 15:43:11.662725,Walmart,0,2.0
4463,689,65,2026-05-23 09:19:08.662727,Amazon,0,1.3
4464,653,164,2026-05-20 15:23:32.662729,Target,0,3.28
4465,701,276,2026-05-21 08:53:43.662731,Target,0,5.52
4466,998,66,2026-05-20 15:40:30.662733,BestBuy,0,1.32
4467,49,100,2026-05-19 06:53:02.662735,BestBuy,0,2.0
4468,302,77,2026-05-22 06:07:46.662737,Walmart,0,1.54
4469,881,418,2026-05-24 12:56:24.662739,Target,0,8.36
4470,190,66,2026-05-22 13:37:23.662741,Target,0,1.32
4471,136,47,2026-05-20 08:43:14.662742,BestBuy,0,0.94
4472,555,51,2026-05-22 15:31:59.662744,Target,0,1.02
4473,404,166,2026-05-21 22:57:50.662746,BestBuy,0,3.32
4474,892,142,2026-05-24 22:35:07.662748,Target,0,2.84
4475,865,135,2026-05-21 02:46:01.662750,BestBuy,0,2.7
4476,602,144,2026-05-23 08:08:00.662752,BestBuy,0,2.88
4477,807,144,2026-05-23 13:35:29.662754,Walmart,0,2.88
4478,341,97,2026-05-20 00:08:08.662756,Target,0,1.94
4479,757,98,2026-05-21 02:40:46.662758,Target,0,1.96
4480,945,49,2026-05-19 09:56:04.662760,BestBuy,0,0.98
4481,704,63,2026-05-21 12:32:39.662762,Target,0,1.26
4482,318,147,2026-05-25 21:30:18.662764,BestBuy,0,2.94
4483,618,38,2026-05-19 21:57:13.662766,Walmart,0,0.76
4484,363,81,2026-05-24 04:38:43.662768,Walmart,0,1.62
4485,822,53,2026-05-24 08:51:45.662770,BestBuy,0,1.06
4486,382,33,2026-05-21 08:58:22.662772,Amazon,0,0.66
4487,233,266,2026-05-21 06:13:34.662774,Walmart,0,5.32
4488,777,108,2026-05-20 05:24:25.662775,Target,0,2.16
4489,344,44,2026-05-24 22:43:00.662777,BestBuy,0,0.88
4490,549,324,2026-05-19 16:18:27.662779,BestBuy,1,64.8
4491,817,28,2026-05-21 04:52:38.662781,Walmart,0,0.56
4492,553,278,2026-05-20 11:54:21.662783,BestBuy,1,55.6
4493,529,93,2026-05-23 11:35:58.662785,Walmart,0,1.86
4494,856,44,2026-05-20 10:48:47.662787,BestBuy,0,0.88
4495,789,26,2026-05-20 06:19:48.662789,Walmart,0,0.52
4496,819,134,2026-05-22 23:27:42.662791,Target,0,2.68
4497,571,202,2026-05-21 21:54:36.662793,Amazon,0,4.04
4498,935,22,2026-05-19 04:05:19.662795,Amazon,0,0.44
4499,183,12,2026-05-21 19:46:06.662797,Amazon,0,0.24
4500,41,99,2026-05-25 07:56:24.662799,Amazon,0,1.98
4501,551,64,2026-05-24 22:27:07.662801,Walmart,0,1.28
4502,397,93,2026-05-22 15:38:51.662803,BestBuy,0,1.86
4503,704,52,2026-05-25 22:17:36.662805,Amazon,0,1.04
4504,779,69,2026-05-21 10:11:17.662807,BestBuy,0,1.38
4505,494,216,2026-05-24 17:33:04.662809,Walmart,0,4.32
4506,659,93,2026-05-23 08:49:08.662811,Walmart,0,1.86
4507,907,166,2026-05-19 22:32:17.662813,Amazon,0,3.32
4508,333,31,2026-05-21 05:58:41.662814,Target,0,0.62
4509,127,29,2026-05-25 11:10:00.662817,Amazon,0,0.58
4510,558,219,2026-05-22 11:25:41.662819,BestBuy,1,43.8
4511,557,41,2026-05-19 01:14:54.662820,Amazon,0,0.82
4512,1,146,2026-05-20 21:49:03.662822,Walmart,0,2.92
4513,168,217,2026-05-19 09:45:20.662824,Walmart,0,4.34
4514,620,60,2026-05-25 17:08:44.662826,BestBuy,0,1.2
4515,19,147,2026-05-25 13:42:17.662828,BestBuy,0,2.94
4516,332,132,2026-05-19 13:42:51.662830,BestBuy,0,2.64
4517,584,22,2026-05-19 07:32:11.662832,Amazon,0,0.44
4518,456,81,2026-05-24 09:56:24.662834,Amazon,0,1.62
4519,957,74,2026-05-23 08:11:47.662836,Target,0,1.48
4520,109,72,2026-05-20 01:31:20.662837,BestBuy,0,1.44
4521,268,66,2026-05-24 20:52:57.662839,Target,0,1.32
4522,445,93,2026-05-25 15:58:36.662841,Target,0,1.86
4523,240,105,2026-05-18 23:58:17.662844,Walmart,0,2.1
4524,929,90,2026-05-23 19:53:24.662845,Target,0,1.8
4525,301,83,2026-05-19 08:40:21.662847,Walmart,0,1.66
4526,602,48,2026-05-24 14:12:21.662849,BestBuy,0,0.96
4527,103,243,2026-05-25 15:23:21.662851,Walmart,0,4.86
4528,988,0,2026-05-21 17:09:19.662853,BestBuy,0,0.0
4529,250,101,2026-05-21 22:16:18.662855,Amazon,0,2.02
4530,453,48,2026-05-19 05:14:51.662857,Target,0,0.96
4531,520,94,2026-05-25 19:35:11.662859,BestBuy,0,1.88
4532,153,26,2026-05-19 08:44:00.662861,Amazon,0,0.52
4533,859,277,2026-05-20 09:32:10.662863,Amazon,0,5.54
4534,174,274,2026-05-20 15:06:56.662865,BestBuy,1,54.8
4535,343,150,2026-05-23 07:48:27.662867,Walmart,0,3.0
4536,670,86,2026-05-23 17:54:36.662869,BestBuy,0,1.72
4537,431,50,2026-05-20 09:20:39.662871,Target,0,1.0
4538,727,61,2026-05-22 18:09:20.662873,Amazon,0,1.22
4539,689,324,2026-05-22 15:19:43.662875,Walmart,0,6.48
4540,687,150,2026-05-24 20:48:10.662877,BestBuy,0,3.0
4541,852,6,2026-05-23 06:16:36.662879,BestBuy,0,0.12
4542,850,275,2026-05-21 12:36:08.662881,Amazon,0,5.5
4543,658,100,2026-05-22 23:13:03.662883,BestBuy,0,2.0
4544,962,77,2026-05-23 08:51:28.662884,Target,0,1.54
4545,324,190,2026-05-22 20:23:02.662886,Walmart,0,3.8
4546,990,81,2026-05-21 15:09:28.662888,Target,0,1.62
4547,673,346,2026-05-20 16:09:05.662890,Amazon,0,6.92
4548,639,81,2026-05-22 06:17:34.662892,Walmart,0,1.62
4549,420,33,2026-05-22 19:45:40.662894,Amazon,0,0.66
4550,594,139,2026-05-19 18:58:35.662896,Amazon,0,2.78
4551,485,23,2026-05-24 10:57:59.662898,Target,0,0.46
4552,659,30,2026-05-24 00:09:42.662900,Walmart,0,0.6
4553,751,128,2026-05-20 15:37:32.662902,Amazon,0,2.56
4554,412,270,2026-05-25 01:52:35.662904,Target,0,5.4
4555,936,210,2026-05-23 04:46:50.662906,Target,0,4.2
4556,84,57,2026-05-22 21:24:24.662908,Walmart,0,1.14
4557,113,77,2026-05-22 05:41:11.662909,BestBuy,0,1.54
4558,737,51,2026-05-25 13:09:22.662911,BestBuy,0,1.02
4559,332,51,2026-05-19 16:08:00.662913,Amazon,0,1.02
4560,378,54,2026-05-23 01:55:22.662915,BestBuy,0,1.08
4561,755,181,2026-05-24 19:02:48.662917,Walmart,0,3.62
4562,655,231,2026-05-25 21:31:39.662919,BestBuy,1,46.2
4563,41,137,2026-05-20 11:10:50.662921,Walmart,0,2.74
4564,935,28,2026-05-25 16:00:15.662923,Amazon,0,0.56
4565,770,86,2026-05-20 19:57:26.662925,BestBuy,0,1.72
4566,959,73,2026-05-22 02:00:33.662927,Walmart,0,1.46
4567,797,131,2026-05-25 13:38:32.662929,Walmart,0,2.62
4568,105,119,2026-05-21 01:59:48.662931,Walmart,0,2.38
4569,202,135,2026-05-20 19:11:10.662933,Target,0,2.7
4570,450,59,2026-05-20 23:42:19.662935,Amazon,0,1.18
4571,819,28,2026-05-23 21:58:09.662937,Walmart,0,0.56
4572,843,104,2026-05-22 05:08:37.662939,Target,0,2.08
4573,973,29,2026-05-23 16:06:51.662941,Target,0,0.58
4574,266,106,2026-05-25 16:02:19.662943,Walmart,0,2.12
4575,910,217,2026-05-20 22:30:06.662945,Amazon,0,4.34
4576,210,100,2026-05-23 17:12:11.662947,BestBuy,0,2.0
4577,563,135,2026-05-24 07:29:43.662948,Target,0,2.7
4578,118,15,2026-05-25 06:02:42.662950,Walmart,0,0.3
4579,713,66,2026-05-19 21:51:44.662952,Amazon,0,1.32
4580,377,85,2026-05-23 05:28:20.662954,Amazon,0,1.7
4581,551,138,2026-05-20 08:27:15.662956,Walmart,0,2.76
4582,540,79,2026-05-20 20:30:42.662958,Target,0,1.58
4583,771,77,2026-05-23 11:18:32.662960,BestBuy,0,1.54
4584,84,34,2026-05-21 22:27:29.662962,Amazon,0,0.68
4585,454,109,2026-05-19 14:33:12.662964,BestBuy,0,2.18
4586,667,377,2026-05-22 13:46:39.662966,Amazon,0,7.54
4587,629,180,2026-05-23 14:02:08.662968,Amazon,0,3.6
4588,514,168,2026-05-20 05:35:37.662970,Amazon,0,3.36
4589,605,181,2026-05-24 06:18:33.662972,Target,0,3.62
4590,678,91,2026-05-20 19:01:33.662974,Target,0,1.82
4591,387,50,2026-05-24 06:53:32.662975,Walmart,0,1.0
4592,912,89,2026-05-24 15:29:55.662977,BestBuy,0,1.78
4593,350,25,2026-05-24 21:38:16.662979,BestBuy,0,0.5
4594,296,18,2026-05-20 16:51:15.662981,Walmart,0,0.36
4595,258,54,2026-05-20 05:08:51.662983,Target,0,1.08
4596,81,88,2026-05-25 13:06:11.662985,BestBuy,0,1.76
4597,937,31,2026-05-20 22:45:03.662987,Walmart,0,0.62
4598,268,54,2026-05-24 08:38:59.662989,Amazon,0,1.08
4599,419,164,2026-05-20 06:59:03.662991,BestBuy,0,3.28
4600,235,231,2026-05-25 21:52:15.662993,Target,0,4.62
4601,833,20,2026-05-20 15:50:49.662995,BestBuy,0,0.4
4602,311,60,2026-05-19 02:42:42.662997,Amazon,0,1.2
4603,813,228,2026-05-20 23:37:53.662999,Target,0,4.56
4604,975,176,2026-05-24 08:04:48.663001,Target,0,3.52
4605,986,164,2026-05-23 21:36:36.663003,Walmart,0,3.28
4606,357,76,2026-05-23 21:49:45.663005,Target,0,1.52
4607,213,106,2026-05-22 14:52:29.663007,Walmart,0,2.12
4608,574,143,2026-05-22 16:12:12.663009,Target,0,2.86
4609,49,290,2026-05-23 00:25:56.663011,Amazon,0,5.8
4610,127,47,2026-05-21 01:31:26.663013,Amazon,0,0.94
4611,223,88,2026-05-22 15:43:20.663015,Amazon,0,1.76
4612,921,75,2026-05-19 23:48:26.663016,Amazon,0,1.5
4613,279,68,2026-05-23 20:52:47.663018,Amazon,0,1.36
4614,408,135,2026-05-19 20:58:42.663020,BestBuy,0,2.7
4615,505,133,2026-05-23 04:33:40.663022,Amazon,0,2.66
4616,294,89,2026-05-22 06:48:57.663024,Target,0,1.78
4617,796,209,2026-05-21 06:36:31.663026,Walmart,0,4.18
4618,277,143,2026-05-21 17:32:56.663028,BestBuy,0,2.86
4619,438,173,2026-05-22 20:03:42.663030,Target,0,3.46
4620,107,48,2026-05-20 14:45:26.663032,Amazon,0,0.96
4621,658,92,2026-05-19 03:33:42.663034,Amazon,0,1.84
4622,420,168,2026-05-25 06:05:21.663036,Target,0,3.36
4623,611,32,2026-05-24 17:02:05.663038,BestBuy,0,0.64
4624,429,137,2026-05-21 09:57:32.663040,Walmart,0,2.74
4625,375,32,2026-05-24 20:11:37.663042,Walmart,0,0.64
4626,73,147,2026-05-20 07:22:45.663044,Walmart,0,2.94
4627,949,58,2026-05-21 15:53:39.663046,Walmart,0,1.16
4628,998,114,2026-05-22 03:37:35.663048,Amazon,0,2.28
4629,634,53,2026-05-21 01:37:29.663049,BestBuy,0,1.06
4630,30,36,2026-05-22 02:04:55.663051,Amazon,0,0.72
4631,188,197,2026-05-20 03:16:41.663053,BestBuy,0,3.94
4632,364,26,2026-05-24 07:33:20.663055,Walmart,0,0.52
4633,866,40,2026-05-23 02:29:31.663057,Target,0,0.8
4634,800,220,2026-05-19 16:50:32.663059,Target,0,4.4
4635,451,52,2026-05-20 16:50:29.663061,Amazon,0,1.04
4636,195,27,2026-05-24 15:09:15.663063,Target,0,0.54
4637,156,99,2026-05-19 13:46:21.663065,Amazon,0,1.98
4638,172,66,2026-05-22 18:19:31.663067,Amazon,0,1.32
4639,847,46,2026-05-20 12:08:29.663069,BestBuy,0,0.92
4640,41,124,2026-05-19 09:38:05.663071,Walmart,0,2.48
4641,63,15,2026-05-24 19:04:30.663073,Walmart,0,0.3
4642,23,82,2026-05-20 18:37:32.663075,Walmart,0,1.64
4643,360,20,2026-05-24 13:58:51.663077,Walmart,0,0.4
4644,75,192,2026-05-22 22:15:09.663079,BestBuy,0,3.84
4645,560,339,2026-05-25 04:38:53.663081,Walmart,0,6.78
4646,672,40,2026-05-24 10:22:41.663083,Walmart,0,0.8
4647,825,100,2026-05-24 23:46:47.663085,Target,0,2.0
4648,118,13,2026-05-20 16:36:15.663091,Walmart,0,0.26
4649,612,19,2026-05-23 02:13:11.663094,Walmart,0,0.38
4650,380,52,2026-05-24 15:39:43.663096,Amazon,0,1.04
4651,929,62,2026-05-25 16:08:46.663098,Amazon,0,1.24
4652,920,47,2026-05-22 04:57:16.663100,Walmart,0,0.94
4653,679,73,2026-05-22 07:40:16.663102,Amazon,0,1.46
4654,290,131,2026-05-19 15:50:46.663105,Target,0,2.62
4655,440,83,2026-05-22 16:01:28.663107,Target,0,1.66
4656,668,116,2026-05-19 03:17:38.663108,Target,0,2.32
4657,933,26,2026-05-21 11:01:10.663111,BestBuy,0,0.52
4658,7,73,2026-05-24 19:57:39.663113,Target,0,1.46
4659,196,255,2026-05-21 00:43:05.663115,Walmart,0,5.1
4660,421,42,2026-05-20 14:27:37.663116,Target,0,0.84
4661,568,96,2026-05-24 09:06:46.663118,Target,0,1.92
4662,833,101,2026-05-19 20:45:51.663120,Target,0,2.02
4663,193,36,2026-05-23 12:43:11.663122,Target,0,0.72
4664,559,24,2026-05-24 22:08:24.663124,Amazon,0,0.48
4665,148,77,2026-05-24 19:17:47.663126,Target,0,1.54
4666,787,77,2026-05-20 16:41:46.663128,Target,0,1.54
4667,669,61,2026-05-24 08:42:52.663130,Amazon,0,1.22
4668,202,381,2026-05-25 04:56:19.663132,Amazon,0,7.62
4669,444,33,2026-05-19 20:51:06.663134,BestBuy,0,0.66
4670,914,71,2026-05-23 19:25:59.663136,Walmart,0,1.42
4671,988,210,2026-05-25 11:05:05.663138,BestBuy,1,42.0
4672,419,20,2026-05-20 06:53:44.663140,Amazon,0,0.4
4673,427,93,2026-05-25 02:07:46.663142,Amazon,0,1.86
4674,479,53,2026-05-21 03:03:04.663144,Amazon,0,1.06
4675,475,80,2026-05-22 05:55:00.663146,BestBuy,0,1.6
4676,126,127,2026-05-20 18:51:07.663148,Target,0,2.54
4677,395,13,2026-05-19 01:19:15.663150,Walmart,0,0.26
4678,817,152,2026-05-25 01:37:18.663152,Walmart,0,3.04
4679,881,100,2026-05-20 08:38:50.663154,Target,0,2.0
4680,806,39,2026-05-22 00:36:41.663156,Walmart,0,0.78
4681,576,46,2026-05-21 01:11:22.663158,Target,0,0.92
4682,325,15,2026-05-20 07:48:14.663160,BestBuy,0,0.3
4683,392,81,2026-05-21 02:22:36.663162,Amazon,0,1.62
4684,930,79,2026-05-20 01:45:59.663164,Target,0,1.58
4685,688,60,2026-05-23 07:58:26.663166,Target,0,1.2
4686,628,50,2026-05-22 07:58:34.663168,Amazon,0,1.0
4687,440,255,2026-05-24 06:40:21.663170,Amazon,0,5.1
4688,204,125,2026-05-23 11:22:33.663172,Walmart,0,2.5
4689,486,43,2026-05-21 12:05:24.663174,Target,0,0.86
4690,833,64,2026-05-19 14:38:28.663176,Amazon,0,1.28
4691,31,58,2026-05-24 02:50:44.663178,Walmart,0,1.16
4692,388,45,2026-05-24 21:48:15.663180,BestBuy,0,0.9
4693,625,98,2026-05-21 08:51:25.663182,Target,0,1.96
4694,877,114,2026-05-25 15:19:36.663184,BestBuy,0,2.28
4695,434,65,2026-05-25 22:04:41.663186,Amazon,0,1.3
4696,837,19,2026-05-25 13:10:49.663188,Amazon,0,0.38
4697,926,152,2026-05-22 15:26:08.663190,Target,0,3.04
4698,376,16,2026-05-20 02:32:52.663192,BestBuy,0,0.32
4699,344,60,2026-05-20 14:32:25.663194,Amazon,0,1.2
4700,443,77,2026-05-24 17:26:20.663195,Target,0,1.54
4701,579,33,2026-05-20 06:23:58.663198,Target,0,0.66
4702,75,27,2026-05-19 21:09:44.663199,Target,0,0.54
4703,557,59,2026-05-22 06:14:13.663201,Amazon,0,1.18
4704,772,162,2026-05-24 10:39:30.663203,Amazon,0,3.24
4705,666,114,2026-05-21 10:46:49.663205,Target,0,2.28
4706,155,233,2026-05-19 21:06:11.663207,Walmart,0,4.66
4707,430,95,2026-05-25 01:34:46.663209,Target,0,1.9
4708,363,264,2026-05-20 19:34:24.663211,Target,0,5.28
4709,448,201,2026-05-19 19:13:50.663213,Target,0,4.02
4710,987,86,2026-05-21 10:58:29.663215,Walmart,0,1.72
4711,234,168,2026-05-22 23:35:50.663217,BestBuy,0,3.36
4712,563,284,2026-05-23 13:22:41.663219,Amazon,0,5.68
4713,818,141,2026-05-18 23:29:52.663221,Amazon,0,2.82
4714,262,37,2026-05-19 00:14:26.663223,BestBuy,0,0.74
4715,827,49,2026-05-23 21:24:07.663224,Target,0,0.98
4716,125,171,2026-05-25 21:29:20.663226,Target,0,3.42
4717,911,27,2026-05-22 13:39:50.663228,Amazon,0,0.54
4718,245,166,2026-05-22 22:22:53.663230,Target,0,3.32
4719,542,131,2026-05-22 16:21:51.663232,BestBuy,0,2.62
4720,938,54,2026-05-21 17:06:19.663234,Amazon,0,1.08
4721,485,212,2026-05-22 17:25:56.663236,Walmart,0,4.24
4722,122,10,2026-05-20 21:29:11.663238,Target,0,0.2
4723,125,192,2026-05-21 08:48:58.663240,BestBuy,0,3.84
4724,549,199,2026-05-19 19:55:57.663242,Amazon,0,3.98
4725,170,75,2026-05-21 16:57:47.663244,Amazon,0,1.5
4726,124,45,2026-05-23 22:21:01.663246,Walmart,0,0.9
4727,869,17,2026-05-20 08:03:07.663248,Target,0,0.34
4728,35,36,2026-05-20 01:38:55.663250,Walmart,0,0.72
4729,87,27,2026-05-25 17:43:04.663252,BestBuy,0,0.54
4730,646,97,2026-05-19 20:01:43.663254,Amazon,0,1.94
4731,708,153,2026-05-21 08:56:15.663256,Amazon,0,3.06
4732,786,31,2026-05-24 09:42:43.663258,Walmart,0,0.62
4733,201,138,2026-05-21 04:44:07.663259,Walmart,0,2.76
4734,369,66,2026-05-22 17:12:25.663261,Walmart,0,1.32
4735,797,57,2026-05-19 05:33:26.663263,Target,0,1.14
4736,77,180,2026-05-22 20:26:59.663265,Amazon,0,3.6
4737,59,260,2026-05-19 13:19:29.663267,Target,0,5.2
4738,431,133,2026-05-25 16:36:39.663269,BestBuy,0,2.66
4739,638,20,2026-05-21 13:35:57.663271,Target,0,0.4
4740,500,97,2026-05-23 17:40:26.663273,Walmart,0,1.94
4741,913,44,2026-05-25 09:18:41.663275,BestBuy,0,0.88
4742,109,297,2026-05-23 01:58:57.663277,BestBuy,1,59.4
4743,736,142,2026-05-19 04:35:28.663279,Target,0,2.84
4744,278,38,2026-05-19 09:56:59.663281,Target,0,0.76
4745,68,64,2026-05-23 13:57:01.663283,Walmart,0,1.28
4746,69,79,2026-05-24 21:18:14.663285,Walmart,0,1.58
4747,165,28,2026-05-21 02:52:00.663287,BestBuy,0,0.56
4748,489,91,2026-05-20 11:10:51.663289,Walmart,0,1.82
4749,305,174,2026-05-20 04:24:35.663291,Amazon,0,3.48
4750,909,13,2026-05-21 18:17:37.663293,Amazon,0,0.26
4751,674,55,2026-05-22 14:46:54.663295,BestBuy,0,1.1
4752,365,212,2026-05-19 04:15:15.663296,Target,0,4.24
4753,854,283,2026-05-24 22:47:53.663298,Target,0,5.66
4754,821,118,2026-05-19 03:36:35.663300,Amazon,0,2.36
4755,379,34,2026-05-21 17:31:33.663302,Target,0,0.68
4756,343,139,2026-05-25 00:08:39.663304,Walmart,0,2.78
4757,947,156,2026-05-20 05:36:46.663306,Amazon,0,3.12
4758,899,95,2026-05-22 00:42:48.663308,BestBuy,0,1.9
4759,554,54,2026-05-20 06:55:03.663310,Target,0,1.08
4760,354,132,2026-05-24 18:45:36.663312,BestBuy,0,2.64
4761,416,72,2026-05-19 21:10:37.663314,BestBuy,0,1.44
4762,109,140,2026-05-21 02:55:44.663316,Target,0,2.8
4763,563,34,2026-05-20 03:22:33.663318,Target,0,0.68
4764,762,37,2026-05-22 18:22:02.663320,Amazon,0,0.74
4765,497,134,2026-05-19 03:25:31.663322,Amazon,0,2.68
4766,341,34,2026-05-25 11:32:04.663324,BestBuy,0,0.68
4767,942,75,2026-05-23 19:14:20.663326,BestBuy,0,1.5
4768,383,68,2026-05-24 07:53:09.663328,Amazon,0,1.36
4769,533,29,2026-05-24 06:16:48.663330,BestBuy,0,0.58
4770,300,44,2026-05-19 12:43:39.663332,Walmart,0,0.88
4771,139,9,2026-05-21 10:58:21.663334,Target,0,0.18
4772,359,91,2026-05-23 15:48:19.663335,Target,0,1.82
4773,836,26,2026-05-23 19:24:12.663337,Walmart,0,0.52
4774,499,41,2026-05-22 00:12:24.663339,Amazon,0,0.82
4775,385,117,2026-05-21 22:15:00.663341,Amazon,0,2.34
4776,604,216,2026-05-24 23:11:51.663343,BestBuy,1,43.2
4777,959,62,2026-05-22 10:50:57.663345,BestBuy,0,1.24
4778,280,36,2026-05-24 19:42:54.663347,Amazon,0,0.72
4779,637,56,2026-05-25 16:46:27.663349,BestBuy,0,1.12
4780,483,25,2026-05-22 14:13:57.663351,Walmart,0,0.5
4781,909,131,2026-05-21 14:09:59.663353,Target,0,2.62
4782,111,11,2026-05-23 22:52:02.663355,Walmart,0,0.22
4783,866,108,2026-05-20 06:47:48.663357,Target,0,2.16
4784,139,105,2026-05-21 05:06:25.663359,Target,0,2.1
4785,996,190,2026-05-19 12:55:45.663361,BestBuy,0,3.8
4786,435,73,2026-05-19 06:31:18.663363,BestBuy,0,1.46
4787,509,23,2026-05-25 20:40:11.663365,Target,0,0.46
4788,273,107,2026-05-19 10:16:18.663367,BestBuy,0,2.14
4789,99,138,2026-05-21 08:41:27.663369,Walmart,0,2.76
4790,764,177,2026-05-23 17:02:08.663370,Amazon,0,3.54
4791,850,60,2026-05-19 14:08:35.663372,BestBuy,0,1.2
4792,104,134,2026-05-22 23:39:59.663374,BestBuy,0,2.68
4793,214,103,2026-05-20 00:43:16.663376,BestBuy,0,2.06
4794,761,59,2026-05-23 23:28:46.663378,Amazon,0,1.18
4795,664,35,2026-05-25 05:47:51.663380,Walmart,0,0.7
4796,762,50,2026-05-23 22:38:36.663382,Target,0,1.0
4797,787,62,2026-05-20 22:44:22.663384,Walmart,0,1.24
4798,165,20,2026-05-23 23:04:37.663386,BestBuy,0,0.4
4799,999,135,2026-05-21 19:01:55.663388,Amazon,0,2.7
4800,853,176,2026-05-19 20:17:31.663390,Walmart,0,3.52
4801,520,330,2026-05-22 12:57:07.663392,BestBuy,1,66.0
4802,284,35,2026-05-25 18:06:31.663394,BestBuy,0,0.7
4803,517,101,2026-05-19 18:50:06.663396,Target,0,2.02
4804,657,155,2026-05-19 00:49:56.663398,Amazon,0,3.1
4805,613,224,2026-05-19 10:11:50.663400,Target,0,4.48
4806,164,41,2026-05-22 18:34:55.663402,Walmart,0,0.82
4807,886,138,2026-05-21 18:41:00.663404,Target,0,2.76
4808,659,80,2026-05-21 10:00:40.663406,Walmart,0,1.6
4809,64,16,2026-05-21 08:15:06.663408,BestBuy,0,0.32
4810,91,171,2026-05-25 00:10:42.663410,Amazon,0,3.42
4811,117,121,2026-05-22 13:52:36.663412,Amazon,0,2.42
4812,866,40,2026-05-22 04:35:42.663414,BestBuy,0,0.8
4813,267,95,2026-05-23 20:03:43.663415,Amazon,0,1.9
4814,822,56,2026-05-24 11:20:59.663417,Target,0,1.12
4815,685,30,2026-05-19 13:00:10.663419,Walmart,0,0.6
4816,559,59,2026-05-24 00:36:27.663421,Walmart,0,1.18
4817,140,15,2026-05-25 19:03:33.663423,Walmart,0,0.3
4818,246,218,2026-05-25 02:25:09.663425,Target,0,4.36
4819,661,210,2026-05-24 08:09:10.663427,Walmart,0,4.2
4820,758,33,2026-05-25 10:57:48.663429,Amazon,0,0.66
4821,395,179,2026-05-19 12:35:13.663431,Walmart,0,3.58
4822,487,40,2026-05-20 02:36:42.663433,Target,0,0.8
4823,476,174,2026-05-20 04:24:16.663435,Amazon,0,3.48
4824,517,197,2026-05-25 14:45:49.663437,BestBuy,0,3.94
4825,977,167,2026-05-22 17:04:32.663439,Amazon,0,3.34
4826,184,55,2026-05-22 04:04:07.663441,Target,0,1.1
4827,20,169,2026-05-20 18:47:54.663443,Amazon,0,3.38
4828,937,158,2026-05-25 08:36:32.663445,Walmart,0,3.16
4829,558,38,2026-05-23 22:39:01.663446,Target,0,0.76
4830,524,92,2026-05-20 23:34:45.663448,BestBuy,0,1.84
4831,582,166,2026-05-23 09:39:13.663450,Walmart,0,3.32
4832,529,164,2026-05-23 16:41:19.663452,Target,0,3.28
4833,883,175,2026-05-25 12:51:09.663454,Target,0,3.5
4834,147,133,2026-05-24 02:45:26.663456,BestBuy,0,2.66
4835,666,159,2026-05-19 15:54:15.663458,BestBuy,0,3.18
4836,304,152,2026-05-25 09:27:21.663460,Target,0,3.04
4837,620,142,2026-05-23 22:59:02.663462,BestBuy,0,2.84
4838,748,68,2026-05-23 10:33:14.663464,BestBuy,0,1.36
4839,820,59,2026-05-19 00:39:45.663466,Walmart,0,1.18
4840,864,180,2026-05-19 09:08:38.663468,Target,0,3.6
4841,582,32,2026-05-22 18:45:49.663470,Amazon,0,0.64
4842,695,62,2026-05-19 21:33:31.663472,Walmart,0,1.24
4843,762,67,2026-05-21 17:37:57.663474,Target,0,1.34
4844,228,111,2026-05-23 20:18:12.663476,Target,0,2.22
4845,102,106,2026-05-25 20:50:02.663478,Walmart,0,2.12
4846,587,319,2026-05-25 12:36:06.663480,BestBuy,1,63.8
4847,417,88,2026-05-24 09:40:58.663482,Amazon,0,1.76
4848,958,64,2026-05-23 16:07:23.663484,Amazon,0,1.28
4849,216,83,2026-05-19 20:35:35.663486,Target,0,1.66
4850,407,49,2026-05-19 04:22:25.663488,Target,0,0.98
4851,399,38,2026-05-22 09:30:17.663490,Amazon,0,0.76
4852,923,66,2026-05-25 02:20:51.663491,Target,0,1.32
4853,715,217,2026-05-20 21:37:04.663493,Amazon,0,4.34
4854,704,143,2026-05-20 13:26:41.663495,BestBuy,0,2.86
4855,761,90,2026-05-23 12:35:17.663497,Amazon,0,1.8
4856,499,133,2026-05-25 07:52:36.663499,Amazon,0,2.66
4857,754,63,2026-05-21 12:35:52.663501,Amazon,0,1.26
4858,465,23,2026-05-21 08:34:00.663503,Target,0,0.46
4859,691,240,2026-05-19 07:07:29.663505,BestBuy,1,48.0
4860,949,69,2026-05-19 18:21:14.663507,Walmart,0,1.38
4861,974,259,2026-05-25 06:07:14.663509,Walmart,0,5.18
4862,731,38,2026-05-20 16:27:17.663511,Amazon,0,0.76
4863,82,48,2026-05-23 12:21:48.663513,Target,0,0.96
4864,604,56,2026-05-23 01:49:12.663515,Walmart,0,1.12
4865,947,66,2026-05-24 14:22:35.663517,Walmart,0,1.32
4866,687,77,2026-05-21 17:18:05.663519,Amazon,0,1.54
4867,751,65,2026-05-20 17:31:29.663521,Amazon,0,1.3
4868,772,159,2026-05-25 00:26:01.663523,Target,0,3.18
4869,903,64,2026-05-24 02:33:03.663525,Walmart,0,1.28
4870,365,123,2026-05-19 04:23:38.663527,Amazon,0,2.46
4871,163,74,2026-05-19 00:30:27.663529,BestBuy,0,1.48
4872,48,74,2026-05-19 06:10:56.663530,BestBuy,0,1.48
4873,511,98,2026-05-20 23:31:51.663532,BestBuy,0,1.96
4874,329,30,2026-05-22 15:26:53.663534,Amazon,0,0.6
4875,840,75,2026-05-19 01:24:14.663536,Target,0,1.5
4876,116,17,2026-05-25 05:51:37.663538,BestBuy,0,0.34
4877,941,106,2026-05-22 14:53:31.663540,BestBuy,0,2.12
4878,849,32,2026-05-19 07:09:14.663542,BestBuy,0,0.64
4879,337,101,2026-05-21 10:01:12.663544,Amazon,0,2.02
4880,881,72,2026-05-19 15:01:29.663546,Amazon,0,1.44
4881,737,148,2026-05-25 15:54:51.663548,Amazon,0,2.96
4882,864,141,2026-05-25 06:57:45.663550,BestBuy,0,2.82
4883,840,60,2026-05-22 09:11:08.663552,Amazon,0,1.2
4884,147,128,2026-05-23 23:41:11.663554,Amazon,0,2.56
4885,575,17,2026-05-19 13:07:16.663556,Target,0,0.34
4886,806,147,2026-05-23 08:38:09.663558,Amazon,0,2.94
4887,323,18,2026-05-25 11:15:32.663560,Walmart,0,0.36
4888,443,110,2026-05-24 19:10:41.663562,Amazon,0,2.2
4889,837,91,2026-05-21 06:07:54.663564,Amazon,0,1.82
4890,13,2,2026-05-22 17:34:38.663566,Walmart,0,0.04
4891,943,82,2026-05-20 04:44:01.663568,Walmart,0,1.64
4892,494,187,2026-05-23 14:06:49.663570,Amazon,0,3.74
4893,701,91,2026-05-20 06:31:52.663572,Target,0,1.82
4894,287,73,2026-05-25 05:32:40.663574,BestBuy,0,1.46
4895,720,190,2026-05-20 07:58:05.663576,Walmart,0,3.8
4896,114,90,2026-05-23 10:36:33.663578,Target,0,1.8
4897,480,96,2026-05-19 18:39:08.663580,Amazon,0,1.92
4898,22,56,2026-05-21 18:08:10.663582,Amazon,0,1.12
4899,349,70,2026-05-23 16:27:43.663584,Walmart,0,1.4
4900,726,41,2026-05-23 07:13:41.663586,Walmart,0,0.82
4901,683,61,2026-05-22 08:07:31.663588,Target,0,1.22
4902,835,57,2026-05-20 04:13:23.663590,Amazon,0,1.14
4903,566,34,2026-05-21 19:18:25.663591,Walmart,0,0.68
4904,906,86,2026-05-22 08:23:46.663593,Walmart,0,1.72
4905,810,364,2026-05-24 17:01:03.663595,BestBuy,1,72.8
4906,320,98,2026-05-24 10:23:47.663597,Walmart,0,1.96
4907,126,132,2026-05-19 02:56:49.663599,Target,0,2.64
4908,277,112,2026-05-23 14:36:47.663601,Amazon,0,2.24
4909,976,54,2026-05-24 06:07:58.663603,Walmart,0,1.08
4910,204,154,2026-05-21 20:29:49.663605,BestBuy,0,3.08
4911,194,59,2026-05-25 10:51:27.663607,Walmart,0,1.18
4912,681,203,2026-05-24 05:43:08.663609,Walmart,0,4.06
4913,664,90,2026-05-22 05:36:08.663611,Amazon,0,1.8
4914,547,89,2026-05-20 11:56:36.663613,BestBuy,0,1.78
4915,696,74,2026-05-22 17:54:48.663615,Target,0,1.48
4916,286,101,2026-05-20 22:57:57.663617,Target,0,2.02
4917,57,182,2026-05-24 18:14:13.663619,Amazon,0,3.64
4918,734,70,2026-05-21 08:33:05.663621,Target,0,1.4
4919,303,129,2026-05-22 01:52:14.663623,Target,0,2.58
4920,163,46,2026-05-24 16:22:35.663625,Walmart,0,0.92
4921,19,116,2026-05-22 03:30:53.663627,Target,0,2.32
4922,370,96,2026-05-20 00:40:54.663629,BestBuy,0,1.92
4923,264,46,2026-05-21 13:48:20.663631,Walmart,0,0.92
4924,794,125,2026-05-25 14:55:21.663633,Target,0,2.5
4925,113,89,2026-05-20 10:36:28.663635,BestBuy,0,1.78
4926,488,81,2026-05-20 03:08:54.663637,Walmart,0,1.62
4927,327,23,2026-05-24 17:37:24.663639,BestBuy,0,0.46
4928,542,72,2026-05-25 17:05:28.663641,Amazon,0,1.44
4929,647,210,2026-05-22 16:17:23.663643,Amazon,0,4.2
4930,579,145,2026-05-22 09:10:32.663645,Target,0,2.9
4931,65,88,2026-05-22 16:40:09.663647,BestBuy,0,1.76
4932,292,310,2026-05-19 13:21:08.663649,Walmart,0,6.2
4933,25,220,2026-05-21 03:03:04.663650,BestBuy,1,44.0
4934,549,322,2026-05-23 11:45:59.663652,BestBuy,1,64.4
4935,1,44,2026-05-19 16:18:51.663654,Amazon,0,0.88
4936,911,64,2026-05-19 16:17:09.663656,Amazon,0,1.28
4937,549,17,2026-05-23 14:55:05.663658,Target,0,0.34
4938,141,28,2026-05-21 21:03:09.663660,BestBuy,0,0.56
4939,744,36,2026-05-19 18:21:43.663662,BestBuy,0,0.72
4940,648,180,2026-05-21 23:13:51.663664,Walmart,0,3.6
4941,901,182,2026-05-21 18:26:04.663666,Walmart,0,3.64
4942,188,120,2026-05-19 18:54:56.663668,Amazon,0,2.4
4943,128,4,2026-05-24 11:36:58.663670,BestBuy,0,0.08
4944,201,49,2026-05-21 18:31:15.663672,Target,0,0.98
4945,127,42,2026-05-23 14:55:14.663673,Amazon,0,0.84
4946,257,29,2026-05-23 19:09:33.663675,BestBuy,0,0.58
4947,676,186,2026-05-21 16:09:53.663677,Amazon,0,3.72
4948,547,89,2026-05-23 13:20:19.663679,Target,0,1.78
4949,194,33,2026-05-25 07:15:17.663681,BestBuy,0,0.66
4950,703,87,2026-05-22 00:45:26.663683,Target,0,1.74
4951,104,98,2026-05-21 08:38:08.663685,BestBuy,0,1.96
4952,535,112,2026-05-25 16:17:05.663687,BestBuy,0,2.24
4953,265,83,2026-05-20 22:36:30.663689,Target,0,1.66
4954,802,74,2026-05-21 09:24:12.663691,Walmart,0,1.48
4955,942,27,2026-05-23 10:05:07.663693,Target,0,0.54
4956,974,72,2026-05-19 22:03:04.663695,Target,0,1.44
4957,384,76,2026-05-24 17:45:50.663697,Amazon,0,1.52
4958,260,55,2026-05-19 10:30:24.663699,Target,0,1.1
4959,414,53,2026-05-24 16:31:45.663701,Target,0,1.06
4960,991,58,2026-05-23 05:51:56.663703,Amazon,0,1.16
4961,358,89,2026-05-24 17:25:51.663705,Walmart,0,1.78
4962,75,25,2026-05-21 06:36:56.663707,Target,0,0.5
4963,355,40,2026-05-24 05:13:27.663709,Amazon,0,0.8
4964,584,98,2026-05-21 16:54:17.663711,Walmart,0,1.96
4965,771,108,2026-05-19 21:17:01.663712,Walmart,0,2.16
4966,910,167,2026-05-21 06:08:33.663715,Target,0,3.34
4967,188,355,2026-05-19 08:11:17.663716,Walmart,0,7.1
4968,973,119,2026-05-19 04:37:39.663719,Target,0,2.38
4969,685,32,2026-05-21 11:05:39.663720,Walmart,0,0.64
4970,992,168,2026-05-24 17:12:31.663722,Walmart,0,3.36
4971,290,48,2026-05-24 01:58:27.663724,Walmart,0,0.96
4972,45,45,2026-05-22 08:53:14.663726,Target,0,0.9
4973,573,26,2026-05-23 16:21:56.663728,Walmart,0,0.52
4974,83,124,2026-05-25 03:55:08.663730,BestBuy,0,2.48
4975,123,78,2026-05-21 06:02:14.663732,Amazon,0,1.56
4976,358,165,2026-05-24 13:51:50.663734,Amazon,0,3.3
4977,528,42,2026-05-21 04:14:26.663736,BestBuy,0,0.84
4978,66,24,2026-05-25 02:46:52.663738,Walmart,0,0.48
4979,936,172,2026-05-24 18:35:05.663740,BestBuy,0,3.44
4980,657,187,2026-05-22 06:48:03.663742,Target,0,3.74
4981,375,47,2026-05-22 18:43:21.663744,Amazon,0,0.94
4982,162,57,2026-05-24 00:23:17.663746,Walmart,0,1.14
4983,746,110,2026-05-24 09:11:21.663747,Amazon,0,2.2
4984,380,36,2026-05-21 06:44:58.663749,BestBuy,0,0.72
4985,656,18,2026-05-19 06:16:04.663751,BestBuy,0,0.36
4986,358,66,2026-05-25 01:24:06.663753,Amazon,0,1.32
4987,188,76,2026-05-22 11:11:06.663755,Amazon,0,1.52
4988,322,124,2026-05-25 22:23:04.663757,Amazon,0,2.48
4989,450,106,2026-05-22 09:29:11.663759,Amazon,0,2.12
4990,474,103,2026-05-25 09:20:57.663761,BestBuy,0,2.06
4991,13,77,2026-05-23 14:37:00.663763,Walmart,0,1.54
4992,184,25,2026-05-19 17:03:48.663765,Amazon,0,0.5
4993,111,62,2026-05-23 23:00:31.663767,Walmart,0,1.24
4994,927,116,2026-05-20 09:31:30.663769,Amazon,0,2.32
4995,508,86,2026-05-22 18:45:49.663771,Target,0,1.72
4996,290,427,2026-05-23 23:30:35.663773,Walmart,0,8.54
4997,295,121,2026-05-21 23:27:36.663775,Target,0,2.42
4998,451,37,2026-05-20 14:04:17.663777,BestBuy,0,0.74
4999,904,111,2026-05-24 03:01:33.663779,Target,0,2.22
5000,215,176,2026-05-22 17:27:26.663781,BestBuy,0,3.52
5001,974,21,2026-05-21 01:20:59.663783,Amazon,0,0.42
5002,632,235,2026-05-20 21:54:43.663785,BestBuy,1,47.0
5003,894,168,2026-05-19 20:31:24.663787,Amazon,0,3.36
5004,567,224,2026-05-19 03:17:25.663789,Amazon,0,4.48
5005,27,206,2026-05-25 04:19:33.663791,Amazon,0,4.12
5006,630,86,2026-05-21 15:32:02.663793,BestBuy,0,1.72
5007,733,46,2026-05-20 14:14:03.663795,Amazon,0,0.92
5008,231,122,2026-05-23 05:22:52.663796,Target,0,2.44
5009,565,71,2026-05-21 11:04:36.663798,Target,0,1.42
5010,807,43,2026-05-19 18:13:54.663800,Amazon,0,0.86
5011,321,41,2026-05-19 19:55:28.663802,Amazon,0,0.82
5012,913,208,2026-05-21 02:01:57.663804,Walmart,0,4.16
5013,233,63,2026-05-19 11:37:30.663806,BestBuy,0,1.26
5014,670,55,2026-05-19 15:05:27.663808,Walmart,0,1.1
5015,437,60,2026-05-22 12:05:46.663810,Target,0,1.2
5016,781,135,2026-05-25 03:01:05.663812,BestBuy,0,2.7
5017,533,247,2026-05-19 11:52:53.663814,Target,0,4.94
5018,403,41,2026-05-23 01:00:54.663816,BestBuy,0,0.82
5019,53,213,2026-05-21 14:22:39.663818,BestBuy,1,42.6
5020,787,130,2026-05-23 06:29:09.663820,BestBuy,0,2.6
5021,313,40,2026-05-21 05:35:59.663822,Target,0,0.8
5022,281,121,2026-05-19 06:18:24.663824,Amazon,0,2.42
5023,726,70,2026-05-25 12:47:06.663825,Target,0,1.4
5024,31,243,2026-05-19 04:12:39.663827,BestBuy,1,48.6
5025,337,41,2026-05-21 14:34:49.663829,Target,0,0.82
5026,183,130,2026-05-25 06:34:19.663831,Target,0,2.6
5027,23,24,2026-05-25 22:51:46.663833,Walmart,0,0.48
5028,544,76,2026-05-23 06:00:13.663835,BestBuy,0,1.52
5029,446,211,2026-05-23 14:43:39.663837,Target,0,4.22
5030,74,220,2026-05-25 03:05:14.663839,BestBuy,1,44.0
5031,10,36,2026-05-24 12:43:01.663841,Target,0,0.72
5032,484,18,2026-05-25 05:17:43.663843,Walmart,0,0.36
5033,456,69,2026-05-23 02:28:22.663845,Target,0,1.38
5034,566,127,2026-05-22 13:58:09.663847,Amazon,0,2.54
5035,564,50,2026-05-21 03:25:28.663849,BestBuy,0,1.0
5036,660,49,2026-05-24 01:05:06.663851,Walmart,0,0.98
5037,160,141,2026-05-21 05:38:44.663853,Target,0,2.82
5038,882,27,2026-05-18 23:56:56.663855,Walmart,0,0.54
5039,14,80,2026-05-25 05:32:42.663857,Target,0,1.6
5040,178,117,2026-05-22 02:57:53.663859,BestBuy,0,2.34
5041,412,44,2026-05-25 14:39:54.663861,Target,0,0.88
5042,878,44,2026-05-19 20:49:54.663863,Walmart,0,0.88
5043,53,280,2026-05-21 05:55:08.663865,Amazon,0,5.6
5044,408,172,2026-05-25 04:09:25.663867,Walmart,0,3.44
5045,847,47,2026-05-24 15:21:22.663869,Amazon,0,0.94
5046,22,27,2026-05-19 10:36:53.663871,Amazon,0,0.54
5047,30,53,2026-05-25 07:45:13.663873,BestBuy,0,1.06
5048,703,117,2026-05-19 14:25:49.663875,Walmart,0,2.34
5049,260,77,2026-05-19 14:14:52.663877,Target,0,1.54
5050,205,38,2026-05-24 16:48:31.663878,Amazon,0,0.76
5051,59,124,2026-05-24 15:40:36.663880,Walmart,0,2.48
5052,471,29,2026-05-23 12:58:15.663882,BestBuy,0,0.58
5053,776,107,2026-05-25 04:17:29.663884,Target,0,2.14
5054,466,289,2026-05-21 10:37:59.663886,Target,0,5.78
5055,12,93,2026-05-25 05:12:44.663888,Target,0,1.86
5056,631,97,2026-05-23 20:20:03.663890,Walmart,0,1.94
5057,927,40,2026-05-23 08:30:04.663892,Walmart,0,0.8
5058,974,69,2026-05-21 15:12:15.663894,Target,0,1.38
5059,290,55,2026-05-20 07:55:19.663896,BestBuy,0,1.1
5060,850,96,2026-05-25 03:36:15.663898,Target,0,1.92
5061,760,52,2026-05-20 00:00:28.663900,Target,0,1.04
5062,354,56,2026-05-20 06:52:37.663902,BestBuy,0,1.12
5063,639,165,2026-05-25 12:09:31.663904,BestBuy,0,3.3
5064,75,85,2026-05-21 01:05:04.663906,BestBuy,0,1.7
5065,873,135,2026-05-20 12:22:59.663908,Target,0,2.7
5066,716,319,2026-05-20 05:29:08.663910,BestBuy,1,63.8
5067,561,102,2026-05-23 19:47:10.663912,Walmart,0,2.04
5068,591,271,2026-05-19 12:04:20.663914,BestBuy,1,54.2
5069,441,87,2026-05-25 07:37:14.663916,Target,0,1.74
5070,991,133,2026-05-23 12:57:32.663918,Amazon,0,2.66
5071,241,169,2026-05-25 11:41:54.663920,Amazon,0,3.38
5072,861,67,2026-05-23 10:58:35.663922,Walmart,0,1.34
5073,154,119,2026-05-24 13:21:46.663924,Amazon,0,2.38
5074,786,64,2026-05-19 03:58:41.663926,Amazon,0,1.28
5075,96,112,2026-05-24 01:34:05.663928,Amazon,0,2.24
5076,726,48,2026-05-19 13:45:36.663930,Walmart,0,0.96
5077,294,34,2026-05-20 04:25:26.663932,Amazon,0,0.68
5078,209,45,2026-05-24 16:30:55.663934,Target,0,0.9
5079,343,70,2026-05-25 18:06:15.663936,Amazon,0,1.4
5080,88,88,2026-05-20 12:43:42.663938,BestBuy,0,1.76
5081,818,167,2026-05-19 22:46:20.663940,Amazon,0,3.34
5082,776,271,2026-05-19 22:27:09.663942,Amazon,0,5.42
5083,937,58,2026-05-21 22:00:13.663944,Target,0,1.16
5084,390,35,2026-05-19 21:23:52.663946,Walmart,0,0.7
5085,325,200,2026-05-24 16:36:54.663948,Walmart,0,4.0
5086,940,156,2026-05-22 13:01:10.663950,Amazon,0,3.12
5087,889,68,2026-05-24 02:17:03.663951,Target,0,1.36
5088,832,88,2026-05-21 19:13:31.663953,Amazon,0,1.76
5089,157,50,2026-05-25 10:18:02.663955,Walmart,0,1.0
5090,668,202,2026-05-21 04:34:00.663957,Walmart,0,4.04
5091,651,103,2026-05-20 20:06:21.663959,BestBuy,0,2.06
5092,633,59,2026-05-21 02:39:30.663961,BestBuy,0,1.18
5093,577,109,2026-05-19 15:50:57.663963,Target,0,2.18
5094,619,113,2026-05-24 16:39:56.663965,Target,0,2.26
5095,659,222,2026-05-25 19:31:46.663967,Walmart,0,4.44
5096,137,158,2026-05-22 12:21:18.663969,Walmart,0,3.16
5097,923,24,2026-05-25 02:35:25.663971,Walmart,0,0.48
5098,674,177,2026-05-22 22:45:55.663973,Amazon,0,3.54
5099,428,50,2026-05-22 22:48:59.663975,BestBuy,0,1.0
5100,452,187,2026-05-21 16:47:14.663977,BestBuy,0,3.74
5101,612,18,2026-05-19 05:04:04.663979,Walmart,0,0.36
5102,850,171,2026-05-25 20:43:34.663981,Walmart,0,3.42
5103,911,108,2026-05-21 05:51:16.663983,BestBuy,0,2.16
5104,819,132,2026-05-20 18:00:57.663985,Target,0,2.64
5105,141,171,2026-05-21 00:36:59.663987,Walmart,0,3.42
5106,83,77,2026-05-23 10:23:37.663988,Walmart,0,1.54
5107,177,56,2026-05-22 09:55:28.663990,Target,0,1.12
5108,198,87,2026-05-25 14:01:23.663992,Walmart,0,1.74
5109,624,48,2026-05-22 22:05:31.663994,BestBuy,0,0.96
5110,568,84,2026-05-22 09:34:46.663996,BestBuy,0,1.68
5111,972,45,2026-05-22 20:04:34.663998,Target,0,0.9
5112,691,129,2026-05-22 06:15:04.664000,BestBuy,0,2.58
5113,421,78,2026-05-23 19:21:36.664002,Target,0,1.56
5114,401,164,2026-05-24 09:20:51.664004,Target,0,3.28
5115,698,48,2026-05-25 14:05:43.664006,BestBuy,0,0.96
5116,471,54,2026-05-24 14:15:39.664008,Target,0,1.08
5117,218,164,2026-05-19 20:35:27.664010,BestBuy,0,3.28
5118,925,38,2026-05-23 23:03:35.664012,Target,0,0.76
5119,929,28,2026-05-21 19:47:11.664014,Target,0,0.56
5120,828,54,2026-05-20 13:12:17.664016,Target,0,1.08
5121,987,131,2026-05-19 21:30:16.664018,BestBuy,0,2.62
5122,729,78,2026-05-21 09:43:44.664020,Walmart,0,1.56
5123,632,183,2026-05-23 17:55:44.664022,Amazon,0,3.66
5124,951,114,2026-05-19 18:27:52.664024,Walmart,0,2.28
5125,906,193,2026-05-22 05:08:11.664026,Target,0,3.86
5126,175,124,2026-05-20 04:42:52.664028,BestBuy,0,2.48
5127,23,13,2026-05-24 16:12:35.664029,Target,0,0.26
5128,725,96,2026-05-24 03:57:03.664031,Walmart,0,1.92
5129,917,45,2026-05-19 11:04:48.664033,Amazon,0,0.9
5130,235,97,2026-05-23 10:03:12.664035,Walmart,0,1.94
5131,13,23,2026-05-23 15:26:53.664037,BestBuy,0,0.46
5132,101,317,2026-05-19 08:24:07.664039,BestBuy,1,63.4
5133,929,34,2026-05-20 02:36:55.664041,Walmart,0,0.68
5134,536,139,2026-05-19 18:09:52.664043,Walmart,0,2.78
5135,876,84,2026-05-21 05:38:10.664045,Amazon,0,1.68
5136,523,34,2026-05-22 01:44:58.664047,Target,0,0.68
5137,785,81,2026-05-21 01:40:51.664049,BestBuy,0,1.62
5138,452,199,2026-05-25 08:58:02.664051,BestBuy,0,3.98
5139,431,64,2026-05-24 16:14:55.664053,Amazon,0,1.28
5140,793,109,2026-05-25 04:34:45.664055,BestBuy,0,2.18
5141,606,184,2026-05-19 15:32:30.664057,BestBuy,0,3.68
5142,713,117,2026-05-23 19:13:06.664059,Walmart,0,2.34
5143,533,121,2026-05-23 09:33:59.664061,Walmart,0,2.42
5144,852,25,2026-05-18 23:05:29.664063,Amazon,0,0.5
5145,979,109,2026-05-22 04:23:54.664065,BestBuy,0,2.18
5146,723,91,2026-05-19 08:43:26.664067,Amazon,0,1.82
5147,652,216,2026-05-22 13:50:17.664069,Target,0,4.32
5148,293,349,2026-05-25 03:30:07.664071,Target,0,6.98
5149,810,103,2026-05-18 23:04:34.664073,Amazon,0,2.06
5150,913,302,2026-05-20 02:04:54.664075,BestBuy,1,60.4
5151,101,65,2026-05-25 04:12:46.664077,Target,0,1.3
5152,502,196,2026-05-21 17:49:21.664079,BestBuy,0,3.92
5153,304,339,2026-05-25 09:53:43.664081,Walmart,0,6.78
5154,871,97,2026-05-22 21:53:17.664082,Amazon,0,1.94
5155,540,125,2026-05-23 02:06:08.664084,Target,0,2.5
5156,553,110,2026-05-21 01:32:42.664086,BestBuy,0,2.2
5157,355,45,2026-05-23 18:29:10.664088,Walmart,0,0.9
5158,303,127,2026-05-19 17:43:57.664090,Amazon,0,2.54
5159,496,195,2026-05-25 04:20:26.664092,Target,0,3.9
5160,658,114,2026-05-23 21:41:06.664094,Walmart,0,2.28
5161,768,191,2026-05-19 09:22:28.664096,Amazon,0,3.82
5162,974,94,2026-05-21 13:02:34.664098,Target,0,1.88
5163,227,101,2026-05-24 03:11:39.664100,BestBuy,0,2.02
5164,236,17,2026-05-24 09:54:13.664102,Walmart,0,0.34
5165,873,24,2026-05-22 18:48:55.664104,Walmart,0,0.48
5166,892,225,2026-05-19 03:47:36.664106,BestBuy,1,45.0
5167,455,133,2026-05-23 14:02:57.664108,Walmart,0,2.66
5168,13,34,2026-05-25 03:29:52.664110,Walmart,0,0.68
5169,210,39,2026-05-25 10:23:50.664112,Amazon,0,0.78
5170,741,34,2026-05-20 07:38:28.664114,BestBuy,0,0.68
5171,397,89,2026-05-22 23:02:13.664116,Walmart,0,1.78
5172,100,141,2026-05-22 04:51:25.664118,BestBuy,0,2.82
5173,31,61,2026-05-24 00:18:42.664120,Amazon,0,1.22
5174,898,86,2026-05-19 19:12:23.664122,Amazon,0,1.72
5175,528,89,2026-05-25 04:03:19.664123,BestBuy,0,1.78
5176,649,57,2026-05-23 15:01:32.664125,BestBuy,0,1.14
5177,329,120,2026-05-18 23:04:56.664127,Target,0,2.4
5178,166,88,2026-05-25 08:05:32.664129,Amazon,0,1.76
5179,459,120,2026-05-23 02:37:11.664131,Walmart,0,2.4
5180,822,142,2026-05-21 22:21:49.664133,Amazon,0,2.84
5181,952,11,2026-05-22 22:28:05.664135,Amazon,0,0.22
5182,982,110,2026-05-20 14:55:25.664137,Target,0,2.2
5183,993,93,2026-05-19 12:43:10.664139,BestBuy,0,1.86
5184,100,124,2026-05-19 01:17:57.664141,Amazon,0,2.48
5185,621,200,2026-05-20 16:38:57.664143,Target,0,4.0
5186,855,90,2026-05-21 07:49:00.664145,BestBuy,0,1.8
5187,173,14,2026-05-24 11:42:02.664147,Amazon,0,0.28
5188,749,49,2026-05-23 08:05:07.664149,Target,0,0.98
5189,162,317,2026-05-23 15:15:34.664151,Amazon,0,6.34
5190,905,61,2026-05-24 20:15:23.664153,Walmart,0,1.22
5191,728,59,2026-05-21 13:46:35.664155,BestBuy,0,1.18
5192,776,45,2026-05-21 18:05:21.664156,BestBuy,0,0.9
5193,263,52,2026-05-20 18:58:23.664158,Amazon,0,1.04
5194,804,79,2026-05-20 01:09:13.664160,Target,0,1.58
5195,274,6,2026-05-25 04:09:24.664162,Target,0,0.12
5196,3,77,2026-05-24 15:51:26.664164,Walmart,0,1.54
5197,28,47,2026-05-21 11:40:32.664166,Walmart,0,0.94
5198,326,56,2026-05-24 11:03:54.664168,Target,0,1.12
5199,940,107,2026-05-24 03:09:47.664170,BestBuy,0,2.14
5200,149,54,2026-05-20 03:45:33.664172,Walmart,0,1.08
5201,540,117,2026-05-25 02:30:38.664174,Amazon,0,2.34
5202,488,53,2026-05-22 03:37:10.664176,Amazon,0,1.06
5203,822,137,2026-05-21 10:10:23.664178,BestBuy,0,2.74
5204,438,11,2026-05-20 11:18:59.664180,BestBuy,0,0.22
5205,65,73,2026-05-22 06:27:14.664182,Walmart,0,1.46
5206,356,51,2026-05-20 15:16:19.664184,Amazon,0,1.02
5207,533,68,2026-05-20 07:26:31.664186,BestBuy,0,1.36
5208,252,90,2026-05-24 07:24:43.664188,Amazon,0,1.8
5209,235,74,2026-05-22 03:12:51.664190,Walmart,0,1.48
5210,227,34,2026-05-20 11:01:34.664192,BestBuy,0,0.68
5211,525,33,2026-05-19 16:44:06.664194,Target,0,0.66
5212,313,30,2026-05-25 08:49:02.664196,Amazon,0,0.6
5213,49,89,2026-05-23 09:58:08.664198,BestBuy,0,1.78
5214,118,126,2026-05-22 16:42:48.664200,Walmart,0,2.52
5215,54,38,2026-05-19 21:35:56.664202,Target,0,0.76
5216,650,210,2026-05-19 17:11:50.664204,BestBuy,1,42.0
5217,565,41,2026-05-24 07:14:30.664205,Amazon,0,0.82
5218,44,125,2026-05-19 17:56:32.664207,Amazon,0,2.5
5219,815,32,2026-05-25 20:38:22.664209,Walmart,0,0.64
5220,53,110,2026-05-25 04:14:06.664211,Amazon,0,2.2
5221,586,190,2026-05-21 15:39:03.664213,Target,0,3.8
5222,558,48,2026-05-20 23:58:10.664215,Walmart,0,0.96
5223,525,76,2026-05-23 11:05:47.664217,Walmart,0,1.52
5224,677,114,2026-05-21 04:59:06.664219,BestBuy,0,2.28
5225,102,118,2026-05-19 03:44:55.664221,Walmart,0,2.36
5226,792,184,2026-05-21 07:00:49.664223,BestBuy,0,3.68
5227,770,21,2026-05-19 07:04:37.664225,Walmart,0,0.42
5228,982,77,2026-05-24 17:16:45.664227,BestBuy,0,1.54
5229,849,35,2026-05-22 16:31:42.664229,BestBuy,0,0.7
5230,868,49,2026-05-23 11:26:18.664231,BestBuy,0,0.98
5231,398,42,2026-05-20 12:05:42.664233,Target,0,0.84
5232,138,80,2026-05-22 12:48:45.664235,BestBuy,0,1.6
5233,675,47,2026-05-20 17:46:03.664237,Target,0,0.94
5234,921,62,2026-05-22 11:18:33.664239,BestBuy,0,1.24
5235,387,69,2026-05-19 08:48:02.664241,BestBuy,0,1.38
5236,111,103,2026-05-21 09:58:33.664243,Target,0,2.06
5237,614,114,2026-05-24 23:16:13.664245,Target,0,2.28
5238,17,91,2026-05-19 19:59:29.664247,Target,0,1.82
5239,780,74,2026-05-24 05:36:49.664249,Target,0,1.48
5240,182,169,2026-05-25 04:44:58.664251,BestBuy,0,3.38
5241,884,40,2026-05-21 04:43:12.664253,BestBuy,0,0.8
5242,536,144,2026-05-19 13:54:05.664254,Walmart,0,2.88
5243,541,18,2026-05-24 08:43:01.664256,Walmart,0,0.36
5244,171,63,2026-05-22 21:02:00.664258,BestBuy,0,1.26
5245,409,115,2026-05-25 12:15:30.664260,Walmart,0,2.3
5246,740,60,2026-05-23 15:04:35.664262,Target,0,1.2
5247,378,149,2026-05-19 09:55:57.664264,Walmart,0,2.98
5248,188,97,2026-05-22 03:30:38.664266,Target,0,1.94
5249,858,115,2026-05-19 05:09:15.664268,BestBuy,0,2.3
5250,230,144,2026-05-18 23:58:50.664274,Walmart,0,2.88
5251,833,114,2026-05-25 15:47:36.664276,Target,0,2.28
5252,852,247,2026-05-20 12:12:12.664278,BestBuy,1,49.4
5253,119,59,2026-05-25 13:14:53.664280,BestBuy,0,1.18
5254,156,56,2026-05-19 14:18:34.664282,Target,0,1.12
5255,784,151,2026-05-20 21:47:03.664284,Target,0,3.02
5256,687,32,2026-05-23 11:47:14.664286,BestBuy,0,0.64
5257,465,66,2026-05-22 19:50:04.664288,Amazon,0,1.32
5258,104,18,2026-05-20 15:48:24.664290,Amazon,0,0.36
5259,604,254,2026-05-23 07:01:15.664292,Target,0,5.08
5260,698,86,2026-05-19 07:57:51.664294,Walmart,0,1.72
5261,972,22,2026-05-20 01:32:06.664296,Target,0,0.44
5262,795,225,2026-05-19 13:17:30.664298,BestBuy,1,45.0
5263,502,318,2026-05-19 19:00:13.664300,Target,0,6.36
5264,693,82,2026-05-22 04:50:26.664302,Amazon,0,1.64
5265,682,51,2026-05-23 14:17:48.664304,Target,0,1.02
5266,699,95,2026-05-22 12:09:33.664306,Amazon,0,1.9
5267,175,109,2026-05-19 18:39:46.664308,Walmart,0,2.18
5268,734,24,2026-05-25 09:37:29.664310,Walmart,0,0.48
5269,745,46,2026-05-24 06:43:49.664311,Walmart,0,0.92
5270,674,70,2026-05-19 06:52:02.664313,Target,0,1.4
5271,421,59,2026-05-24 01:41:41.664315,Amazon,0,1.18
5272,134,232,2026-05-24 15:47:22.664317,Target,0,4.64
5273,391,77,2026-05-24 18:05:29.664319,Walmart,0,1.54
5274,992,14,2026-05-24 09:22:25.664321,Target,0,0.28
5275,736,106,2026-05-19 10:58:04.664323,Amazon,0,2.12
5276,501,83,2026-05-22 02:42:52.664325,BestBuy,0,1.66
5277,665,70,2026-05-22 04:48:22.664327,Amazon,0,1.4
5278,33,17,2026-05-22 00:12:55.664329,Walmart,0,0.34
5279,55,68,2026-05-19 11:44:13.664331,Walmart,0,1.36
5280,954,97,2026-05-25 15:22:21.664333,Walmart,0,1.94
5281,519,243,2026-05-21 11:12:52.664335,Target,0,4.86
5282,756,55,2026-05-22 22:47:08.664337,Amazon,0,1.1
5283,825,146,2026-05-22 04:34:47.664339,Target,0,2.92
5284,638,65,2026-05-20 20:49:29.664341,Walmart,0,1.3
5285,12,95,2026-05-22 17:15:58.664343,Amazon,0,1.9
5286,528,120,2026-05-19 11:26:46.664344,BestBuy,0,2.4
5287,720,336,2026-05-24 20:55:45.664346,Walmart,0,6.72
5288,555,184,2026-05-21 19:29:14.664348,Amazon,0,3.68
5289,373,38,2026-05-23 10:21:09.664350,Amazon,0,0.76
5290,484,103,2026-05-23 13:31:40.664352,Walmart,0,2.06
5291,973,94,2026-05-20 23:31:57.664354,BestBuy,0,1.88
5292,647,114,2026-05-21 01:29:10.664356,Amazon,0,2.28
5293,228,22,2026-05-22 22:24:39.664358,Amazon,0,0.44
5294,623,80,2026-05-21 18:19:07.664360,BestBuy,0,1.6
5295,307,45,2026-05-19 03:51:11.664362,Walmart,0,0.9
5296,457,39,2026-05-25 22:48:58.664364,Amazon,0,0.78
5297,160,145,2026-05-25 20:30:41.664366,Walmart,0,2.9
5298,331,218,2026-05-23 01:17:13.664368,Target,0,4.36
5299,776,151,2026-05-24 18:20:48.664370,Target,0,3.02
5300,225,242,2026-05-25 09:20:24.664372,BestBuy,1,48.4
5301,983,66,2026-05-23 20:26:06.664374,Walmart,0,1.32
5302,729,427,2026-05-22 19:38:08.664376,Amazon,0,8.54
5303,504,6,2026-05-20 04:35:24.664378,BestBuy,0,0.12
5304,456,263,2026-05-20 06:19:14.664379,Target,0,5.26
5305,45,89,2026-05-22 07:33:59.664381,Walmart,0,1.78
5306,214,91,2026-05-22 10:52:35.664383,BestBuy,0,1.82
5307,59,9,2026-05-25 06:20:57.664385,BestBuy,0,0.18
5308,644,73,2026-05-19 00:02:02.664387,Walmart,0,1.46
5309,616,45,2026-05-19 18:49:38.664389,Amazon,0,0.9
5310,195,23,2026-05-19 19:22:40.664391,Amazon,0,0.46
5311,925,114,2026-05-24 13:03:51.664393,Amazon,0,2.28
5312,489,170,2026-05-23 10:32:36.664395,Walmart,0,3.4
5313,157,67,2026-05-20 00:45:07.664397,Target,0,1.34
5314,610,47,2026-05-23 14:37:44.664399,BestBuy,0,0.94
5315,226,91,2026-05-24 21:01:19.664401,Walmart,0,1.82
5316,412,50,2026-05-22 16:59:29.664403,Amazon,0,1.0
5317,205,132,2026-05-21 17:56:38.664405,Amazon,0,2.64
5318,79,49,2026-05-21 02:47:42.664407,BestBuy,0,0.98
5319,124,154,2026-05-20 19:39:19.664409,BestBuy,0,3.08
5320,471,13,2026-05-21 20:50:12.664411,BestBuy,0,0.26
5321,940,80,2026-05-22 06:09:54.664413,BestBuy,0,1.6
5322,218,27,2026-05-21 02:40:25.664415,BestBuy,0,0.54
5323,516,68,2026-05-24 20:05:04.664417,Walmart,0,1.36
5324,602,63,2026-05-19 07:50:59.664419,Amazon,0,1.26
5325,104,272,2026-05-24 10:05:48.664421,Amazon,0,5.44
5326,393,54,2026-05-24 13:18:39.664423,Walmart,0,1.08
5327,631,69,2026-05-25 12:13:49.664425,Target,0,1.38
5328,645,161,2026-05-23 16:53:09.664427,Amazon,0,3.22
5329,824,20,2026-05-22 16:29:02.664429,Target,0,0.4
5330,608,18,2026-05-24 08:52:43.664431,Target,0,0.36
5331,980,33,2026-05-19 16:38:43.664433,Target,0,0.66
5332,434,7,2026-05-21 09:38:25.664435,Target,0,0.14
5333,331,36,2026-05-21 10:54:20.664437,Amazon,0,0.72
5334,143,109,2026-05-25 15:39:59.664439,Amazon,0,2.18
5335,800,37,2026-05-24 02:22:19.664441,Walmart,0,0.74
5336,540,180,2026-05-22 10:38:02.664443,Amazon,0,3.6
5337,278,60,2026-05-23 08:07:59.664445,Walmart,0,1.2
5338,233,96,2026-05-19 22:27:16.664447,Target,0,1.92
5339,529,136,2026-05-22 00:47:59.664449,Walmart,0,2.72
5340,571,59,2026-05-19 21:43:59.664451,Walmart,0,1.18
5341,90,129,2026-05-23 04:57:39.664453,Amazon,0,2.58
5342,492,141,2026-05-22 04:28:42.664455,Walmart,0,2.82
5343,199,297,2026-05-20 08:38:09.664457,Target,0,5.94
5344,362,73,2026-05-19 13:40:12.664459,Amazon,0,1.46
5345,441,9,2026-05-19 20:48:02.664461,Amazon,0,0.18
5346,26,70,2026-05-24 19:43:39.664462,Amazon,0,1.4
5347,25,6,2026-05-20 14:31:20.664464,BestBuy,0,0.12
5348,394,23,2026-05-20 17:56:35.664466,Target,0,0.46
5349,507,153,2026-05-18 23:17:02.664468,Walmart,0,3.06
5350,301,85,2026-05-23 11:08:29.664470,BestBuy,0,1.7
5351,339,327,2026-05-21 03:59:02.664472,Amazon,0,6.54
5352,267,112,2026-05-21 09:17:17.664474,BestBuy,0,2.24
5353,461,45,2026-05-24 19:52:15.664476,BestBuy,0,0.9
5354,693,72,2026-05-23 23:57:00.664478,Walmart,0,1.44
5355,456,75,2026-05-20 08:22:02.664480,Target,0,1.5
5356,360,29,2026-05-21 00:15:05.664482,BestBuy,0,0.58
5357,68,87,2026-05-21 10:06:32.664484,Target,0,1.74
5358,863,14,2026-05-21 14:46:13.664486,Target,0,0.28
5359,412,159,2026-05-22 06:41:21.664488,Amazon,0,3.18
5360,971,83,2026-05-21 07:12:34.664490,Amazon,0,1.66
5361,491,36,2026-05-20 12:39:53.664492,Walmart,0,0.72
5362,833,10,2026-05-21 14:05:36.664494,Walmart,0,0.2
5363,49,43,2026-05-19 11:36:46.664496,BestBuy,0,0.86
5364,687,70,2026-05-22 04:30:56.664497,Amazon,0,1.4
5365,564,108,2026-05-22 23:42:43.664499,Target,0,2.16
5366,102,196,2026-05-20 06:30:05.664501,Target,0,3.92
5367,216,91,2026-05-20 14:18:01.664503,BestBuy,0,1.82
5368,438,90,2026-05-24 00:06:47.664505,Amazon,0,1.8
5369,700,109,2026-05-25 21:01:34.664507,Walmart,0,2.18
5370,569,26,2026-05-23 03:25:40.664509,BestBuy,0,0.52
5371,559,38,2026-05-22 20:35:40.664511,Target,0,0.76
5372,159,80,2026-05-23 17:15:46.664513,Amazon,0,1.6
5373,489,22,2026-05-23 12:32:20.664515,Walmart,0,0.44
5374,686,141,2026-05-21 07:44:51.664517,Walmart,0,2.82
5375,242,24,2026-05-23 00:37:07.664519,Target,0,0.48
5376,794,8,2026-05-25 08:55:08.664521,Target,0,0.16
5377,753,231,2026-05-21 13:34:03.664523,Target,0,4.62
5378,882,40,2026-05-19 03:59:45.664525,Target,0,0.8
5379,5,164,2026-05-24 15:57:52.664527,Walmart,0,3.28
5380,596,133,2026-05-25 05:33:45.664528,Amazon,0,2.66
5381,820,135,2026-05-21 06:54:12.664531,Walmart,0,2.7
5382,361,158,2026-05-22 05:39:14.664532,Target,0,3.16
5383,459,29,2026-05-24 18:41:27.664534,Amazon,0,0.58
5384,248,253,2026-05-24 13:21:22.664536,Walmart,0,5.06
5385,566,78,2026-05-21 12:58:33.664538,Amazon,0,1.56
5386,673,93,2026-05-19 00:25:53.664540,Walmart,0,1.86
5387,946,99,2026-05-25 00:41:16.664542,Amazon,0,1.98
5388,422,32,2026-05-20 11:01:54.664544,Walmart,0,0.64
5389,923,48,2026-05-22 03:42:23.664546,Walmart,0,0.96
5390,738,95,2026-05-25 02:09:44.664548,BestBuy,0,1.9
5391,15,216,2026-05-19 07:12:53.664550,Target,0,4.32
5392,736,31,2026-05-19 02:00:16.664552,BestBuy,0,0.62
5393,573,65,2026-05-22 22:45:06.664554,Walmart,0,1.3
5394,122,81,2026-05-22 10:13:22.664556,Target,0,1.62
5395,277,93,2026-05-22 04:32:10.664558,Walmart,0,1.86
5396,558,195,2026-05-25 17:23:27.664560,BestBuy,0,3.9
5397,453,28,2026-05-20 10:40:26.664562,Amazon,0,0.56
5398,390,93,2026-05-20 21:25:34.664563,Amazon,0,1.86
5399,294,127,2026-05-19 06:24:56.664565,Target,0,2.54
5400,574,166,2026-05-22 22:35:03.664567,BestBuy,0,3.32
5401,598,92,2026-05-19 21:07:37.664569,BestBuy,0,1.84
5402,446,52,2026-05-19 04:21:03.664571,Walmart,0,1.04
5403,210,37,2026-05-25 01:12:13.664573,Target,0,0.74
5404,590,76,2026-05-23 04:30:04.664575,Amazon,0,1.52
5405,714,19,2026-05-24 06:45:20.664577,BestBuy,0,0.38
5406,302,111,2026-05-25 03:47:24.664579,Walmart,0,2.22
5407,909,138,2026-05-24 17:04:18.664581,Target,0,2.76
5408,223,216,2026-05-22 20:48:00.664583,BestBuy,1,43.2
5409,734,61,2026-05-24 19:08:36.664585,BestBuy,0,1.22
5410,3,124,2026-05-22 18:09:36.664587,Amazon,0,2.48
5411,990,180,2026-05-21 03:40:05.664589,BestBuy,0,3.6
5412,518,105,2026-05-20 05:44:05.664591,Amazon,0,2.1
5413,93,118,2026-05-23 12:01:26.664592,BestBuy,0,2.36
5414,520,118,2026-05-25 15:35:02.664594,Walmart,0,2.36
5415,428,42,2026-05-24 21:26:09.664596,Walmart,0,0.84
5416,493,115,2026-05-19 08:09:33.664598,Walmart,0,2.3
5417,235,64,2026-05-20 05:49:51.664600,Target,0,1.28
5418,620,244,2026-05-22 16:45:22.664602,Target,0,4.88
5419,161,21,2026-05-24 19:48:38.664604,Walmart,0,0.42
5420,721,211,2026-05-19 04:51:39.664606,Walmart,0,4.22
5421,752,86,2026-05-24 21:37:03.664608,Walmart,0,1.72
5422,331,70,2026-05-22 23:05:21.664610,Amazon,0,1.4
5423,333,121,2026-05-21 08:33:51.664612,Walmart,0,2.42
5424,50,23,2026-05-19 12:13:42.664614,Target,0,0.46
5425,523,48,2026-05-20 04:08:10.664616,Amazon,0,0.96
5426,863,40,2026-05-25 05:28:13.664618,Walmart,0,0.8
5427,668,56,2026-05-19 19:12:59.664620,Target,0,1.12
5428,492,257,2026-05-19 16:02:58.664622,Amazon,0,5.14
5429,582,16,2026-05-20 03:32:51.664624,Amazon,0,0.32
5430,681,168,2026-05-22 08:20:09.664626,Target,0,3.36
5431,272,38,2026-05-19 20:54:02.664628,Target,0,0.76
5432,580,76,2026-05-24 06:40:18.664629,Amazon,0,1.52
5433,867,107,2026-05-22 18:07:17.664632,Target,0,2.14
5434,252,22,2026-05-21 09:56:37.664633,Amazon,0,0.44
5435,560,35,2026-05-23 09:31:01.664635,Amazon,0,0.7
5436,696,61,2026-05-21 07:33:43.664637,Amazon,0,1.22
5437,832,49,2026-05-20 08:15:30.664639,Amazon,0,0.98
5438,699,153,2026-05-19 10:38:53.664641,Walmart,0,3.06
5439,90,113,2026-05-19 04:06:54.664643,Target,0,2.26
5440,446,19,2026-05-19 18:28:35.664645,Walmart,0,0.38
5441,332,54,2026-05-25 12:22:07.664647,Walmart,0,1.08
5442,139,76,2026-05-19 11:50:17.664649,Walmart,0,1.52
5443,357,101,2026-05-23 12:20:21.664651,Walmart,0,2.02
5444,601,68,2026-05-19 16:53:50.664653,Amazon,0,1.36
5445,274,115,2026-05-25 14:59:29.664655,Amazon,0,2.3
5446,19,50,2026-05-24 09:57:47.664657,Amazon,0,1.0
5447,983,122,2026-05-20 23:53:36.664659,BestBuy,0,2.44
5448,311,176,2026-05-24 00:24:04.664661,Amazon,0,3.52
5449,870,167,2026-05-24 05:15:03.664663,Walmart,0,3.34
5450,886,100,2026-05-22 15:21:42.664665,BestBuy,0,2.0
5451,978,81,2026-05-20 23:21:32.664667,BestBuy,0,1.62
5452,154,125,2026-05-20 12:38:28.664669,BestBuy,0,2.5
5453,390,90,2026-05-20 05:11:48.664671,Amazon,0,1.8
5454,260,99,2026-05-20 07:02:07.664672,Walmart,0,1.98
5455,620,103,2026-05-23 13:08:30.664674,Amazon,0,2.06
5456,883,201,2026-05-20 11:41:20.664676,Target,0,4.02
5457,797,56,2026-05-25 21:16:49.664678,BestBuy,0,1.12
5458,571,303,2026-05-23 13:56:31.664680,Target,0,6.06
5459,125,63,2026-05-21 06:02:49.664682,BestBuy,0,1.26
5460,354,30,2026-05-24 19:34:56.664684,BestBuy,0,0.6
5461,273,101,2026-05-22 09:20:28.664686,Target,0,2.02
5462,619,29,2026-05-19 02:09:28.664688,Target,0,0.58
5463,811,132,2026-05-21 09:47:23.664690,Amazon,0,2.64
5464,245,55,2026-05-24 22:28:34.664692,Target,0,1.1
5465,848,164,2026-05-21 16:01:05.664694,Target,0,3.28
5466,450,44,2026-05-22 02:57:34.664696,Walmart,0,0.88
5467,930,65,2026-05-21 00:01:29.664698,Target,0,1.3
5468,247,209,2026-05-19 16:13:34.664700,Amazon,0,4.18
5469,520,185,2026-05-21 10:03:12.664702,BestBuy,0,3.7
5470,141,86,2026-05-25 09:01:34.664704,BestBuy,0,1.72
5471,362,65,2026-05-20 10:04:19.664706,Walmart,0,1.3
5472,8,29,2026-05-25 06:03:44.664708,Amazon,0,0.58
5473,478,14,2026-05-24 22:32:22.664710,BestBuy,0,0.28
5474,352,31,2026-05-22 02:34:39.664711,Walmart,0,0.62
5475,996,203,2026-05-23 19:14:40.664713,BestBuy,1,40.6
5476,495,104,2026-05-21 13:46:53.664715,Amazon,0,2.08
5477,606,35,2026-05-20 06:09:27.664717,Target,0,0.7
5478,833,128,2026-05-25 01:19:04.664719,Walmart,0,2.56
5479,427,35,2026-05-24 04:14:36.664721,Target,0,0.7
5480,39,158,2026-05-25 17:55:11.664723,Amazon,0,3.16
5481,593,58,2026-05-20 18:38:46.664725,Amazon,0,1.16
5482,187,146,2026-05-19 03:46:52.664727,BestBuy,0,2.92
5483,596,14,2026-05-22 17:16:06.664729,BestBuy,0,0.28
5484,600,25,2026-05-23 06:47:14.664731,Walmart,0,0.5
5485,754,144,2026-05-19 04:45:33.664733,BestBuy,0,2.88
5486,854,152,2026-05-25 22:48:27.664735,BestBuy,0,3.04
5487,93,215,2026-05-24 00:15:38.664737,Amazon,0,4.3
5488,86,107,2026-05-19 15:44:28.664738,Amazon,0,2.14
5489,44,56,2026-05-23 00:20:19.664740,Walmart,0,1.12
5490,137,66,2026-05-23 00:36:18.664742,Target,0,1.32
5491,421,105,2026-05-24 04:27:23.664744,Walmart,0,2.1
5492,74,18,2026-05-24 18:23:24.664746,Amazon,0,0.36
5493,548,12,2026-05-23 11:58:50.664748,Amazon,0,0.24
5494,613,156,2026-05-22 14:16:10.664750,Walmart,0,3.12
5495,988,194,2026-05-25 03:10:51.664752,Walmart,0,3.88
5496,512,100,2026-05-24 21:58:48.664754,Target,0,2.0
5497,156,54,2026-05-19 19:54:24.664756,Amazon,0,1.08
5498,938,50,2026-05-19 21:49:04.664758,BestBuy,0,1.0
5499,255,74,2026-05-22 21:06:12.664759,Amazon,0,1.48
5500,171,73,2026-05-22 03:30:56.664761,BestBuy,0,1.46
5501,981,72,2026-05-24 14:38:35.664763,BestBuy,0,1.44
5502,728,105,2026-05-22 00:23:05.664765,BestBuy,0,2.1
5503,170,37,2026-05-20 16:42:37.664767,Target,0,0.74
5504,764,105,2026-05-19 16:48:16.664769,Walmart,0,2.1
5505,872,31,2026-05-25 03:59:03.664771,BestBuy,0,0.62
5506,322,99,2026-05-23 03:57:10.664773,Walmart,0,1.98
5507,567,14,2026-05-20 05:41:13.664775,BestBuy,0,0.28
5508,456,36,2026-05-25 09:01:09.664777,Target,0,0.72
5509,944,174,2026-05-25 21:02:20.664779,BestBuy,0,3.48
5510,603,121,2026-05-23 10:33:05.664781,Walmart,0,2.42
5511,790,131,2026-05-24 17:50:03.664783,Target,0,2.62
5512,613,287,2026-05-23 22:21:25.664785,Walmart,0,5.74
5513,155,74,2026-05-20 13:51:44.664787,Walmart,0,1.48
5514,889,116,2026-05-19 02:23:47.664789,Walmart,0,2.32
5515,349,56,2026-05-19 19:19:03.664791,BestBuy,0,1.12
5516,451,80,2026-05-23 15:20:27.664793,Target,0,1.6
5517,876,101,2026-05-25 17:22:12.664795,Target,0,2.02
5518,653,21,2026-05-19 15:06:59.664797,Target,0,0.42
5519,173,6,2026-05-21 20:31:31.664798,Amazon,0,0.12
5520,10,92,2026-05-24 17:12:56.664800,Amazon,0,1.84
5521,740,53,2026-05-25 08:39:31.664802,Target,0,1.06
5522,265,24,2026-05-19 13:51:55.664804,BestBuy,0,0.48
5523,438,129,2026-05-19 17:29:58.664806,Amazon,0,2.58
5524,760,79,2026-05-20 20:12:19.664808,BestBuy,0,1.58
5525,247,90,2026-05-21 23:01:21.664810,BestBuy,0,1.8
5526,667,38,2026-05-19 01:25:11.664812,Amazon,0,0.76
5527,546,82,2026-05-20 05:23:45.664814,Walmart,0,1.64
5528,499,125,2026-05-22 16:40:00.664816,Walmart,0,2.5
5529,129,36,2026-05-25 09:42:30.664818,Walmart,0,0.72
5530,672,28,2026-05-22 23:50:38.664820,Amazon,0,0.56
5531,601,254,2026-05-20 02:32:09.664822,BestBuy,1,50.8
5532,605,35,2026-05-19 12:47:04.664824,Amazon,0,0.7
5533,327,79,2026-05-25 10:23:58.664826,Target,0,1.58
5534,753,71,2026-05-23 09:30:23.664828,BestBuy,0,1.42
5535,835,22,2026-05-24 01:51:58.664833,Amazon,0,0.44
5536,980,137,2026-05-19 02:38:00.664836,BestBuy,0,2.74
5537,404,141,2026-05-21 14:07:53.664838,Amazon,0,2.82
5538,629,130,2026-05-25 12:34:06.664840,Target,0,2.6
5539,606,68,2026-05-23 14:56:51.664842,Target,0,1.36
5540,675,97,2026-05-21 17:02:39.664844,Target,0,1.94
5541,611,43,2026-05-22 15:53:57.664846,Walmart,0,0.86
5542,625,90,2026-05-22 14:17:31.664848,Target,0,1.8
5543,359,133,2026-05-21 14:52:17.664850,Walmart,0,2.66
5544,603,147,2026-05-19 00:25:10.664852,BestBuy,0,2.94
5545,858,102,2026-05-22 18:41:11.664854,BestBuy,0,2.04
5546,718,130,2026-05-21 21:32:00.664856,BestBuy,0,2.6
5547,17,108,2026-05-23 00:57:12.664858,Amazon,0,2.16
5548,274,146,2026-05-21 15:21:34.664860,Amazon,0,2.92
5549,685,71,2026-05-25 15:16:36.664862,Walmart,0,1.42
5550,116,33,2026-05-23 09:14:55.664864,Walmart,0,0.66
5551,861,41,2026-05-24 17:40:32.664866,Walmart,0,0.82
5552,980,47,2026-05-21 19:22:13.664867,Amazon,0,0.94
5553,693,255,2026-05-23 23:42:10.664869,Amazon,0,5.1
5554,91,113,2026-05-20 23:19:12.664871,BestBuy,0,2.26
5555,82,122,2026-05-24 23:20:13.664873,Target,0,2.44
5556,324,171,2026-05-19 14:31:03.664875,Target,0,3.42
5557,961,23,2026-05-24 18:54:19.664877,Amazon,0,0.46
5558,114,98,2026-05-23 11:53:04.664879,Target,0,1.96
5559,769,68,2026-05-19 15:16:53.664881,BestBuy,0,1.36
5560,58,178,2026-05-25 05:38:16.664883,Target,0,3.56
5561,154,140,2026-05-20 09:51:00.664885,Walmart,0,2.8
5562,877,105,2026-05-22 12:00:35.664887,BestBuy,0,2.1
5563,404,48,2026-05-19 05:15:37.664889,Amazon,0,0.96
5564,628,114,2026-05-25 17:59:17.664891,Walmart,0,2.28
5565,855,103,2026-05-22 12:59:49.664893,Amazon,0,2.06
5566,266,89,2026-05-21 04:31:42.664895,Amazon,0,1.78
5567,315,114,2026-05-23 23:18:20.664897,Walmart,0,2.28
5568,715,253,2026-05-19 20:25:47.664899,BestBuy,1,50.6
5569,41,128,2026-05-23 11:32:29.664901,Amazon,0,2.56
5570,105,63,2026-05-22 16:45:23.664903,Walmart,0,1.26
5571,901,44,2026-05-21 22:49:54.664905,Walmart,0,0.88
5572,890,0,2026-05-22 15:35:48.664907,Amazon,0,0.0
5573,193,40,2026-05-21 23:52:46.664909,Amazon,0,0.8
5574,401,116,2026-05-19 04:58:48.664911,BestBuy,0,2.32
5575,278,41,2026-05-20 03:24:57.664913,Walmart,0,0.82
5576,354,117,2026-05-25 22:37:00.664915,Target,0,2.34
5577,749,38,2026-05-24 17:42:02.664917,Target,0,0.76
5578,937,38,2026-05-21 05:58:54.664919,Amazon,0,0.76
5579,733,110,2026-05-24 23:26:45.664921,Amazon,0,2.2
5580,580,49,2026-05-25 01:27:58.664923,BestBuy,0,0.98
5581,709,67,2026-05-21 18:43:31.664925,Target,0,1.34
5582,256,212,2026-05-24 17:12:10.664927,Amazon,0,4.24
5583,651,36,2026-05-23 15:33:19.664929,Amazon,0,0.72
5584,824,114,2026-05-19 04:30:01.664931,Target,0,2.28
5585,947,26,2026-05-24 01:49:34.664933,Amazon,0,0.52
5586,661,84,2026-05-25 01:07:21.664934,Target,0,1.68
5587,99,76,2026-05-20 06:11:31.664936,Target,0,1.52
5588,588,77,2026-05-21 10:50:46.664938,BestBuy,0,1.54
5589,282,103,2026-05-19 16:49:12.664940,Target,0,2.06
5590,883,341,2026-05-20 08:39:37.664942,Amazon,0,6.82
5591,403,77,2026-05-22 23:00:20.664944,Walmart,0,1.54
5592,109,128,2026-05-25 14:24:45.664946,Walmart,0,2.56
5593,700,64,2026-05-25 20:44:34.664948,Walmart,0,1.28
5594,199,40,2026-05-24 15:10:16.664950,BestBuy,0,0.8
5595,303,36,2026-05-23 10:31:34.664952,Amazon,0,0.72
5596,327,259,2026-05-19 12:28:54.664954,BestBuy,1,51.8
5597,154,146,2026-05-25 22:16:30.664956,BestBuy,0,2.92
5598,552,50,2026-05-21 22:58:22.664958,BestBuy,0,1.0
5599,645,18,2026-05-25 13:51:27.664960,Amazon,0,0.36
5600,405,181,2026-05-25 14:20:51.664962,Amazon,0,3.62
5601,462,79,2026-05-24 07:03:35.664964,Amazon,0,1.58
5602,132,127,2026-05-25 21:39:12.664966,Walmart,0,2.54
5603,791,50,2026-05-22 04:38:10.664968,Target,0,1.0
5604,874,68,2026-05-24 02:16:33.664970,Amazon,0,1.36
5605,84,49,2026-05-24 21:56:13.664972,Amazon,0,0.98
5606,399,93,2026-05-23 07:14:13.664974,BestBuy,0,1.86
5607,754,149,2026-05-19 14:53:14.664976,Amazon,0,2.98
5608,628,119,2026-05-19 15:55:57.664978,Target,0,2.38
5609,109,135,2026-05-25 07:51:41.664979,Walmart,0,2.7
5610,221,270,2026-05-20 09:54:13.664981,Amazon,0,5.4
5611,904,126,2026-05-20 15:34:49.664983,Walmart,0,2.52
5612,553,51,2026-05-19 09:00:33.664985,Amazon,0,1.02
5613,368,48,2026-05-25 09:41:31.664987,Walmart,0,0.96
5614,147,148,2026-05-21 22:27:39.664989,Amazon,0,2.96
5615,112,134,2026-05-21 02:37:53.664991,BestBuy,0,2.68
5616,615,239,2026-05-25 11:32:45.664993,Walmart,0,4.78
5617,558,48,2026-05-21 06:39:29.664995,BestBuy,0,0.96
5618,924,107,2026-05-23 14:36:49.664997,BestBuy,0,2.14
5619,494,71,2026-05-20 10:01:26.664999,Amazon,0,1.42
5620,505,20,2026-05-19 22:29:29.665001,BestBuy,0,0.4
5621,475,40,2026-05-21 16:23:42.665003,BestBuy,0,0.8
5622,836,67,2026-05-19 21:27:17.665005,Amazon,0,1.34
5623,890,29,2026-05-20 04:57:34.665007,BestBuy,0,0.58
5624,271,51,2026-05-19 01:13:29.665009,Walmart,0,1.02
5625,995,206,2026-05-21 07:50:52.665011,Walmart,0,4.12
5626,421,173,2026-05-24 06:19:38.665013,Target,0,3.46
5627,897,62,2026-05-25 15:41:31.665015,Target,0,1.24
5628,707,50,2026-05-21 08:33:41.665017,Target,0,1.0
5629,367,1,2026-05-25 19:59:09.665019,Target,0,0.02
5630,280,20,2026-05-22 11:35:21.665021,BestBuy,0,0.4
5631,283,81,2026-05-24 00:13:18.665023,Walmart,0,1.62
5632,40,87,2026-05-25 22:24:40.665025,Target,0,1.74
5633,959,8,2026-05-20 19:46:19.665027,BestBuy,0,0.16
5634,189,78,2026-05-21 14:59:22.665028,Amazon,0,1.56
5635,164,151,2026-05-21 14:05:34.665030,Walmart,0,3.02
5636,994,100,2026-05-19 13:37:33.665032,Amazon,0,2.0
5637,989,102,2026-05-23 16:17:36.665034,Target,0,2.04
5638,536,79,2026-05-25 12:16:04.665036,Target,0,1.58
5639,536,103,2026-05-23 18:27:39.665038,Target,0,2.06
5640,4,188,2026-05-20 18:08:49.665040,Walmart,0,3.76
5641,835,114,2026-05-20 05:04:51.665042,Amazon,0,2.28
5642,290,37,2026-05-24 12:38:49.665044,Amazon,0,0.74
5643,953,145,2026-05-25 09:00:46.665046,Walmart,0,2.9
5644,433,66,2026-05-23 13:40:53.665048,Target,0,1.32
5645,471,46,2026-05-22 19:14:33.665050,Target,0,0.92
5646,181,350,2026-05-25 00:04:44.665052,BestBuy,1,70.0
5647,248,78,2026-05-22 19:33:31.665054,Walmart,0,1.56
5648,628,40,2026-05-23 13:51:07.665056,Amazon,0,0.8
5649,279,59,2026-05-20 20:36:19.665058,BestBuy,0,1.18
5650,877,66,2026-05-22 11:51:34.665059,Amazon,0,1.32
5651,581,126,2026-05-24 08:08:48.665061,Amazon,0,2.52
5652,863,109,2026-05-21 22:31:46.665063,BestBuy,0,2.18
5653,254,136,2026-05-23 11:43:39.665065,Amazon,0,2.72
5654,181,177,2026-05-21 20:53:58.665067,BestBuy,0,3.54
5655,830,209,2026-05-24 23:32:37.665069,BestBuy,1,41.8
5656,681,197,2026-05-23 10:26:17.665071,BestBuy,0,3.94
5657,825,13,2026-05-24 02:48:09.665073,Target,0,0.26
5658,509,261,2026-05-23 17:46:31.665075,Target,0,5.22
5659,761,48,2026-05-24 14:27:54.665077,Walmart,0,0.96
5660,700,121,2026-05-24 05:55:46.665079,Walmart,0,2.42
5661,566,124,2026-05-23 18:32:36.665081,BestBuy,0,2.48
5662,326,74,2026-05-21 19:32:33.665083,Walmart,0,1.48
5663,357,49,2026-05-21 14:06:56.665085,Target,0,0.98
5664,825,23,2026-05-24 14:23:25.665087,Target,0,0.46
5665,650,86,2026-05-20 18:14:09.665089,BestBuy,0,1.72
5666,680,76,2026-05-22 23:49:05.665091,Target,0,1.52
5667,391,31,2026-05-23 07:25:02.665093,BestBuy,0,0.62
5668,615,81,2026-05-25 21:01:50.665095,Walmart,0,1.62
5669,934,116,2026-05-25 04:17:09.665096,Target,0,2.32
5670,85,297,2026-05-24 07:59:26.665098,BestBuy,1,59.4
5671,317,53,2026-05-22 10:15:40.665100,BestBuy,0,1.06
5672,212,56,2026-05-21 17:06:55.665102,Amazon,0,1.12
5673,515,177,2026-05-19 07:57:49.665104,BestBuy,0,3.54
5674,384,90,2026-05-22 05:39:18.665106,BestBuy,0,1.8
5675,691,19,2026-05-24 10:41:14.665108,Target,0,0.38
5676,342,50,2026-05-20 14:19:28.665110,Amazon,0,1.0
5677,815,55,2026-05-23 12:07:41.665112,Amazon,0,1.1
5678,964,100,2026-05-22 00:16:37.665114,Amazon,0,2.0
5679,988,30,2026-05-25 03:53:21.665116,Target,0,0.6
5680,844,23,2026-05-19 23:39:54.665118,Walmart,0,0.46
5681,38,57,2026-05-21 10:03:14.665120,BestBuy,0,1.14
5682,511,59,2026-05-24 21:09:49.665122,Amazon,0,1.18
5683,420,35,2026-05-18 23:56:24.665124,Amazon,0,0.7
5684,751,30,2026-05-21 05:08:27.665126,Target,0,0.6
5685,169,154,2026-05-20 18:44:17.665128,Target,0,3.08
5686,965,64,2026-05-24 20:32:25.665130,Amazon,0,1.28
5687,909,150,2026-05-22 13:47:24.665132,Walmart,0,3.0
5688,343,125,2026-05-20 20:52:07.665134,Target,0,2.5
5689,826,48,2026-05-19 21:32:31.665136,Amazon,0,0.96
5690,306,41,2026-05-22 15:04:18.665138,Walmart,0,0.82
5691,542,187,2026-05-19 00:38:41.665140,Target,0,3.74
5692,702,126,2026-05-21 11:17:20.665142,Walmart,0,2.52
5693,869,79,2026-05-25 01:57:08.665144,Amazon,0,1.58
5694,537,160,2026-05-23 07:39:58.665146,Walmart,0,3.2
5695,112,29,2026-05-21 18:34:32.665148,Amazon,0,0.58
5696,411,245,2026-05-24 01:42:28.665150,Target,0,4.9
5697,947,53,2026-05-20 22:15:59.665152,BestBuy,0,1.06
5698,206,26,2026-05-22 04:41:33.665153,BestBuy,0,0.52
5699,185,66,2026-05-19 19:07:39.665155,Amazon,0,1.32
5700,382,32,2026-05-24 17:15:27.665157,BestBuy,0,0.64
5701,496,94,2026-05-19 06:08:16.665159,Amazon,0,1.88
5702,379,64,2026-05-22 19:44:59.665161,BestBuy,0,1.28
5703,47,64,2026-05-22 09:34:42.665163,BestBuy,0,1.28
5704,886,272,2026-05-23 13:16:03.665165,Target,0,5.44
5705,740,115,2026-05-22 02:58:37.665167,Amazon,0,2.3
5706,551,46,2026-05-24 04:25:29.665169,Walmart,0,0.92
5707,528,84,2026-05-22 01:48:42.665171,Target,0,1.68
5708,504,188,2026-05-22 01:59:47.665173,Walmart,0,3.76
5709,22,62,2026-05-20 18:13:21.665175,Target,0,1.24
5710,213,87,2026-05-25 07:48:33.665177,Amazon,0,1.74
5711,310,52,2026-05-25 07:38:45.665179,Walmart,0,1.04
5712,661,158,2026-05-20 06:59:42.665181,Target,0,3.16
5713,968,84,2026-05-24 05:22:18.665183,BestBuy,0,1.68
5714,753,202,2026-05-20 19:18:43.665185,Walmart,0,4.04
5715,272,98,2026-05-23 00:31:01.665187,Target,0,1.96
5716,571,67,2026-05-24 14:59:43.665189,Target,0,1.34
5717,799,73,2026-05-21 00:52:44.665191,Walmart,0,1.46
5718,938,249,2026-05-22 08:39:33.665193,BestBuy,1,49.8
5719,202,90,2026-05-20 07:55:52.665195,Walmart,0,1.8
5720,32,45,2026-05-21 21:51:01.665196,Walmart,0,0.9
5721,443,64,2026-05-21 11:58:32.665198,Walmart,0,1.28
5722,162,240,2026-05-24 10:58:46.665200,Target,0,4.8
5723,767,29,2026-05-23 07:40:28.665202,BestBuy,0,0.58
5724,254,50,2026-05-22 19:40:23.665204,Walmart,0,1.0
5725,521,176,2026-05-19 23:53:41.665206,Walmart,0,3.52
5726,977,132,2026-05-20 13:36:06.665208,Walmart,0,2.64
5727,651,41,2026-05-25 02:39:58.665210,Walmart,0,0.82
5728,480,68,2026-05-20 13:47:04.665212,Walmart,0,1.36
5729,10,52,2026-05-19 12:37:24.665214,Walmart,0,1.04
5730,726,239,2026-05-20 17:35:46.665216,BestBuy,1,47.8
5731,505,106,2026-05-19 14:12:26.665218,BestBuy,0,2.12
5732,785,69,2026-05-19 13:28:31.665220,BestBuy,0,1.38
5733,836,72,2026-05-24 20:27:12.665222,Amazon,0,1.44
5734,560,53,2026-05-22 08:38:16.665224,Amazon,0,1.06
5735,436,173,2026-05-24 15:19:21.665225,Target,0,3.46
5736,111,129,2026-05-25 13:25:37.665227,BestBuy,0,2.58
5737,153,171,2026-05-24 14:03:17.665229,BestBuy,0,3.42
5738,635,72,2026-05-24 03:55:03.665231,BestBuy,0,1.44
5739,917,56,2026-05-20 15:23:06.665233,Walmart,0,1.12
5740,869,117,2026-05-22 12:25:55.665235,Walmart,0,2.34
5741,102,93,2026-05-21 16:31:48.665237,Target,0,1.86
5742,753,298,2026-05-19 03:14:41.665239,BestBuy,1,59.6
5743,833,69,2026-05-24 04:27:59.665241,Walmart,0,1.38
5744,191,57,2026-05-22 02:52:58.665243,BestBuy,0,1.14
5745,729,90,2026-05-20 10:21:51.665245,BestBuy,0,1.8
5746,563,43,2026-05-20 19:19:52.665246,Walmart,0,0.86
5747,804,118,2026-05-24 01:45:05.665248,Walmart,0,2.36
5748,81,36,2026-05-25 02:37:32.665250,Amazon,0,0.72
5749,489,107,2026-05-23 06:58:00.665252,Walmart,0,2.14
5750,895,92,2026-05-24 18:10:20.665254,Amazon,0,1.84
5751,88,253,2026-05-24 09:23:00.665256,Walmart,0,5.06
5752,194,103,2026-05-21 16:16:41.665258,BestBuy,0,2.06
5753,104,45,2026-05-23 16:07:37.665260,Walmart,0,0.9
5754,783,130,2026-05-24 14:02:33.665262,Target,0,2.6
5755,96,47,2026-05-20 03:58:28.665264,BestBuy,0,0.94
5756,423,121,2026-05-21 19:02:43.665266,Target,0,2.42
5757,891,69,2026-05-21 21:32:13.665268,BestBuy,0,1.38
5758,198,38,2026-05-19 02:23:50.665270,Walmart,0,0.76
5759,1,30,2026-05-25 21:26:13.665272,Walmart,0,0.6
5760,407,221,2026-05-22 20:03:05.665274,Walmart,0,4.42
5761,378,27,2026-05-19 07:07:21.665276,Amazon,0,0.54
5762,167,97,2026-05-20 17:27:50.665278,Walmart,0,1.94
5763,509,179,2026-05-23 18:46:19.665280,Target,0,3.58
5764,638,45,2026-05-20 06:59:27.665282,Amazon,0,0.9
5765,313,70,2026-05-21 11:20:41.665284,Walmart,0,1.4
5766,593,226,2026-05-24 00:14:55.665285,Amazon,0,4.52
5767,418,64,2026-05-22 15:19:07.665287,Amazon,0,1.28
5768,763,56,2026-05-19 04:50:36.665289,BestBuy,0,1.12
5769,681,52,2026-05-21 17:50:23.665291,Amazon,0,1.04
5770,477,155,2026-05-24 17:01:54.665293,Amazon,0,3.1
5771,73,101,2026-05-25 01:18:04.665295,BestBuy,0,2.02
5772,141,74,2026-05-19 21:36:23.665297,Walmart,0,1.48
5773,582,151,2026-05-22 11:27:01.665299,Target,0,3.02
5774,262,176,2026-05-19 19:30:18.665301,Amazon,0,3.52
5775,340,49,2026-05-21 07:13:01.665303,Target,0,0.98
5776,308,35,2026-05-24 23:23:26.665305,Amazon,0,0.7
5777,245,84,2026-05-20 09:24:06.665307,Target,0,1.68
5778,515,188,2026-05-22 10:55:56.665309,BestBuy,0,3.76
5779,337,75,2026-05-19 04:03:21.665311,Amazon,0,1.5
5780,575,124,2026-05-19 14:05:06.665313,Amazon,0,2.48
5781,561,34,2026-05-19 23:45:37.665315,Walmart,0,0.68
5782,76,84,2026-05-22 05:17:33.665316,Walmart,0,1.68
5783,880,160,2026-05-20 14:41:33.665318,Amazon,0,3.2
5784,175,198,2026-05-19 15:06:12.665320,BestBuy,0,3.96
5785,109,114,2026-05-25 02:10:18.665322,Target,0,2.28
5786,183,89,2026-05-23 16:01:09.665324,Walmart,0,1.78
5787,192,97,2026-05-25 00:08:30.665326,Walmart,0,1.94
5788,65,145,2026-05-21 07:30:59.665328,Walmart,0,2.9
5789,849,113,2026-05-24 03:12:15.665330,Walmart,0,2.26
5790,963,38,2026-05-25 05:36:50.665332,BestBuy,0,0.76
5791,474,29,2026-05-25 04:01:07.665334,Amazon,0,0.58
5792,783,45,2026-05-25 02:07:46.665336,Target,0,0.9
5793,100,59,2026-05-19 15:58:51.665338,Walmart,0,1.18
5794,544,244,2026-05-23 23:25:44.665340,BestBuy,1,48.8
5795,864,193,2026-05-18 23:04:51.665342,BestBuy,0,3.86
5796,128,79,2026-05-19 02:05:07.665344,Walmart,0,1.58
5797,452,99,2026-05-22 07:44:23.665346,Target,0,1.98
5798,914,65,2026-05-19 15:41:43.665348,Walmart,0,1.3
5799,369,50,2026-05-20 00:29:29.665350,BestBuy,0,1.0
5800,851,158,2026-05-25 15:46:31.665351,Target,0,3.16
5801,43,27,2026-05-21 10:27:21.665353,BestBuy,0,0.54
5802,884,150,2026-05-20 05:30:22.665355,Amazon,0,3.0
5803,419,73,2026-05-19 16:23:08.665357,BestBuy,0,1.46
5804,488,47,2026-05-25 02:39:03.665359,Walmart,0,0.94
5805,78,23,2026-05-24 05:02:43.665361,Target,0,0.46
5806,826,63,2026-05-20 22:36:22.665363,Walmart,0,1.26
5807,801,62,2026-05-21 16:48:08.665365,Amazon,0,1.24
5808,270,116,2026-05-22 10:03:27.665367,Target,0,2.32
5809,674,117,2026-05-25 11:13:01.665369,Target,0,2.34
5810,701,36,2026-05-24 14:15:09.665371,Target,0,0.72
5811,759,79,2026-05-21 09:38:36.665373,BestBuy,0,1.58
5812,900,213,2026-05-25 10:54:20.665375,Walmart,0,4.26
5813,728,65,2026-05-25 20:17:46.665377,Target,0,1.3
5814,315,31,2026-05-23 22:39:52.665379,Target,0,0.62
5815,925,340,2026-05-24 23:21:16.665381,Target,0,6.8
5816,851,34,2026-05-24 10:06:15.665383,Amazon,0,0.68
5817,902,172,2026-05-20 14:58:47.665385,Target,0,3.44
5818,889,122,2026-05-22 06:15:23.665387,BestBuy,0,2.44
5819,993,66,2026-05-24 06:15:54.665389,BestBuy,0,1.32
5820,945,31,2026-05-25 01:16:13.665391,Target,0,0.62
5821,168,107,2026-05-19 23:22:56.665393,BestBuy,0,2.14
5822,339,109,2026-05-20 22:18:12.665395,BestBuy,0,2.18
5823,193,131,2026-05-23 15:51:33.665397,Target,0,2.62
5824,453,66,2026-05-25 00:38:19.665399,BestBuy,0,1.32
5825,283,32,2026-05-25 20:43:41.665401,Amazon,0,0.64
5826,336,159,2026-05-25 17:43:15.665403,Target,0,3.18
5827,390,50,2026-05-19 04:39:36.665404,Walmart,0,1.0
5828,1000,44,2026-05-24 04:35:56.665406,BestBuy,0,0.88
5829,525,135,2026-05-24 03:28:21.665408,Target,0,2.7
5830,240,68,2026-05-20 16:40:05.665410,Walmart,0,1.36
5831,832,101,2026-05-20 19:17:57.665412,Amazon,0,2.02
5832,958,118,2026-05-22 12:25:21.665414,Amazon,0,2.36
5833,483,205,2026-05-21 00:18:29.665416,Target,0,4.1
5834,659,85,2026-05-25 02:22:47.665418,Target,0,1.7
5835,716,156,2026-05-24 15:37:19.665420,Amazon,0,3.12
5836,592,69,2026-05-25 09:57:33.665421,Amazon,0,1.38
5837,891,195,2026-05-19 20:54:29.665423,Amazon,0,3.9
5838,555,252,2026-05-20 14:31:56.665425,Walmart,0,5.04
5839,458,396,2026-05-24 07:22:24.665427,Walmart,0,7.92
5840,89,87,2026-05-23 20:21:41.665429,Target,0,1.74
5841,660,160,2026-05-22 06:57:16.665431,Walmart,0,3.2
5842,95,113,2026-05-20 10:44:19.665433,BestBuy,0,2.26
5843,452,81,2026-05-21 02:12:39.665435,Amazon,0,1.62
5844,428,47,2026-05-24 13:46:07.665437,Target,0,0.94
5845,151,53,2026-05-21 05:09:15.665439,Walmart,0,1.06
5846,514,72,2026-05-23 17:01:45.665441,Target,0,1.44
5847,376,171,2026-05-20 20:18:56.665443,Walmart,0,3.42
5848,22,37,2026-05-23 10:01:15.665445,Target,0,0.74
5849,883,80,2026-05-19 20:06:24.665447,Amazon,0,1.6
5850,313,79,2026-05-24 21:46:26.665449,Amazon,0,1.58
5851,997,59,2026-05-24 01:58:55.665451,Amazon,0,1.18
5852,840,38,2026-05-21 19:21:32.665453,Walmart,0,0.76
5853,519,80,2026-05-21 17:35:05.665455,Target,0,1.6
5854,206,4,2026-05-25 10:29:43.665457,Target,0,0.08
5855,952,218,2026-05-22 09:59:34.665459,Target,0,4.36
5856,375,13,2026-05-22 09:17:08.665461,BestBuy,0,0.26
5857,451,27,2026-05-25 02:04:59.665463,Walmart,0,0.54
5858,626,158,2026-05-25 01:42:04.665465,Amazon,0,3.16
5859,784,57,2026-05-21 06:56:58.665467,Amazon,0,1.14
5860,595,100,2026-05-24 10:34:23.665468,Target,0,2.0
5861,179,176,2026-05-19 08:59:25.665470,Target,0,3.52
5862,210,30,2026-05-22 23:18:01.665472,BestBuy,0,0.6
5863,500,25,2026-05-24 04:37:10.665474,Walmart,0,0.5
5864,464,80,2026-05-22 15:52:24.665476,Target,0,1.6
5865,840,60,2026-05-22 10:05:31.665478,Target,0,1.2
5866,124,33,2026-05-25 15:34:10.665480,Walmart,0,0.66
5867,993,48,2026-05-21 16:46:11.665482,Target,0,0.96
5868,113,11,2026-05-19 22:19:39.665484,Amazon,0,0.22
5869,12,150,2026-05-24 04:36:13.665486,Walmart,0,3.0
5870,126,150,2026-05-25 14:27:41.665488,Amazon,0,3.0
5871,565,55,2026-05-23 01:54:50.665490,BestBuy,0,1.1
5872,331,84,2026-05-24 01:45:24.665492,Target,0,1.68
5873,901,105,2026-05-22 19:18:04.665494,Target,0,2.1
5874,283,96,2026-05-22 13:01:38.665496,Walmart,0,1.92
5875,140,131,2026-05-21 14:56:55.665498,BestBuy,0,2.62
5876,401,52,2026-05-22 03:29:21.665500,Walmart,0,1.04
5877,902,167,2026-05-20 04:06:05.665502,BestBuy,0,3.34
5878,97,157,2026-05-21 16:29:33.665504,Walmart,0,3.14
5879,517,66,2026-05-25 21:13:47.665506,Walmart,0,1.32
5880,569,88,2026-05-22 06:31:28.665508,Target,0,1.76
5881,924,188,2026-05-19 23:47:49.665509,Target,0,3.76
5882,846,93,2026-05-24 22:48:32.665511,BestBuy,0,1.86
5883,69,88,2026-05-20 22:24:37.665513,Amazon,0,1.76
5884,118,61,2026-05-23 07:10:12.665515,Amazon,0,1.22
5885,888,117,2026-05-19 22:39:48.665517,Walmart,0,2.34
5886,59,51,2026-05-19 02:37:26.665519,Target,0,1.02
5887,33,170,2026-05-21 06:53:01.665521,Walmart,0,3.4
5888,318,25,2026-05-24 13:09:18.665523,BestBuy,0,0.5
5889,50,105,2026-05-24 20:37:18.665525,Walmart,0,2.1
5890,880,56,2026-05-23 06:42:52.665528,Walmart,0,1.12
5891,489,44,2026-05-24 17:43:05.665530,Walmart,0,0.88
5892,19,210,2026-05-19 18:49:52.665532,BestBuy,1,42.0
5893,726,159,2026-05-21 05:42:25.665534,BestBuy,0,3.18
5894,197,38,2026-05-21 16:40:51.665536,Walmart,0,0.76
5895,891,113,2026-05-20 18:39:40.665538,Target,0,2.26
5896,450,124,2026-05-22 10:14:28.665540,BestBuy,0,2.48
5897,990,18,2026-05-25 16:35:09.665542,Amazon,0,0.36
5898,559,105,2026-05-21 18:05:54.665544,Walmart,0,2.1
5899,679,152,2026-05-25 14:19:31.665546,Target,0,3.04
5900,452,115,2026-05-19 17:13:21.665548,BestBuy,0,2.3
5901,289,43,2026-05-22 18:28:40.665550,Walmart,0,0.86
5902,141,153,2026-05-22 02:31:17.665552,Target,0,3.06
5903,84,73,2026-05-25 02:15:42.665554,Amazon,0,1.46
5904,694,54,2026-05-25 14:19:51.665556,BestBuy,0,1.08
5905,391,58,2026-05-20 00:49:48.665558,BestBuy,0,1.16
5906,591,61,2026-05-22 21:53:13.665559,Amazon,0,1.22
5907,215,63,2026-05-24 10:11:25.665561,BestBuy,0,1.26
5908,526,229,2026-05-23 11:20:32.665563,Target,0,4.58
5909,215,186,2026-05-20 16:06:35.665565,BestBuy,0,3.72
5910,403,102,2026-05-25 10:11:46.665567,Walmart,0,2.04
5911,128,40,2026-05-20 14:40:58.665569,Amazon,0,0.8
5912,822,147,2026-05-22 11:12:53.665571,Walmart,0,2.94
5913,477,36,2026-05-19 09:50:36.665573,BestBuy,0,0.72
5914,760,304,2026-05-22 03:43:27.665575,Walmart,0,6.08
5915,404,190,2026-05-25 09:51:27.665577,Target,0,3.8
5916,29,130,2026-05-19 18:30:54.665579,Walmart,0,2.6
5917,792,91,2026-05-21 05:21:55.665581,Target,0,1.82
5918,338,98,2026-05-22 02:07:54.665583,Target,0,1.96
5919,831,76,2026-05-23 12:30:04.665585,Target,0,1.52
5920,714,151,2026-05-19 10:24:08.665587,Amazon,0,3.02
5921,361,91,2026-05-21 23:24:43.665589,Walmart,0,1.82
5922,569,121,2026-05-23 08:02:39.665591,Target,0,2.42
5923,392,228,2026-05-22 12:59:33.665593,Target,0,4.56
5924,218,91,2026-05-19 01:56:20.665595,Walmart,0,1.82
5925,574,226,2026-05-22 18:10:02.665597,BestBuy,1,45.2
5926,669,126,2026-05-20 00:47:57.665599,Amazon,0,2.52
5927,202,127,2026-05-21 23:39:40.665601,Target,0,2.54
5928,17,38,2026-05-25 09:30:05.665602,BestBuy,0,0.76
5929,322,177,2026-05-20 02:51:54.665605,BestBuy,0,3.54
5930,518,49,2026-05-23 23:11:49.665607,BestBuy,0,0.98
5931,570,71,2026-05-22 18:54:12.665609,Target,0,1.42
5932,325,193,2026-05-21 03:42:15.665611,Target,0,3.86
5933,412,61,2026-05-23 18:48:57.665612,Target,0,1.22
5934,318,107,2026-05-25 10:48:23.665614,Walmart,0,2.14
5935,681,74,2026-05-22 06:19:53.665616,Target,0,1.48
5936,965,32,2026-05-20 14:27:03.665618,Amazon,0,0.64
5937,82,51,2026-05-19 07:10:53.665620,Walmart,0,1.02
5938,474,57,2026-05-20 13:19:24.665622,Amazon,0,1.14
5939,468,89,2026-05-22 18:48:29.665624,BestBuy,0,1.78
5940,425,38,2026-05-24 20:27:19.665626,Walmart,0,0.76
5941,945,50,2026-05-22 05:53:28.665628,Walmart,0,1.0
5942,731,43,2026-05-19 02:12:38.665630,Walmart,0,0.86
5943,689,101,2026-05-19 22:05:05.665632,Amazon,0,2.02
5944,204,69,2026-05-19 05:44:42.665634,Amazon,0,1.38
5945,583,26,2026-05-21 03:56:39.665636,BestBuy,0,0.52
5946,387,52,2026-05-19 19:29:03.665638,Target,0,1.04
5947,778,156,2026-05-25 14:35:33.665640,Amazon,0,3.12
5948,98,94,2026-05-20 22:28:20.665642,BestBuy,0,1.88
5949,345,28,2026-05-24 18:06:24.665644,Target,0,0.56
5950,803,67,2026-05-24 04:47:19.665646,Walmart,0,1.34
5951,208,0,2026-05-19 04:31:43.665648,Target,0,0.0
5952,514,107,2026-05-22 11:05:41.665650,Amazon,0,2.14
5953,636,6,2026-05-22 06:09:04.665652,BestBuy,0,0.12
5954,792,46,2026-05-19 01:28:49.665654,Walmart,0,0.92
5955,586,9,2026-05-25 08:23:28.665656,Walmart,0,0.18
5956,166,97,2026-05-20 02:21:51.665658,Target,0,1.94
5957,22,189,2026-05-23 15:46:29.665660,Target,0,3.78
5958,154,26,2026-05-22 04:28:38.665662,Amazon,0,0.52
5959,939,145,2026-05-24 19:05:17.665664,Walmart,0,2.9
5960,439,44,2026-05-21 08:15:27.665665,Target,0,0.88
5961,295,108,2026-05-19 02:17:45.665667,Walmart,0,2.16
5962,219,226,2026-05-24 17:33:19.665669,BestBuy,1,45.2
5963,669,159,2026-05-20 02:31:35.665671,BestBuy,0,3.18
5964,495,36,2026-05-21 20:07:05.665673,Amazon,0,0.72
5965,230,200,2026-05-22 02:21:17.665675,Walmart,0,4.0
5966,20,114,2026-05-20 18:07:12.665677,Target,0,2.28
5967,987,54,2026-05-19 20:34:22.665679,BestBuy,0,1.08
5968,553,86,2026-05-21 22:57:03.665681,BestBuy,0,1.72
5969,950,36,2026-05-20 08:48:19.665683,Amazon,0,0.72
5970,148,172,2026-05-19 15:10:23.665685,BestBuy,0,3.44
5971,108,7,2026-05-19 00:51:19.665687,Amazon,0,0.14
5972,403,182,2026-05-21 11:05:16.665689,Walmart,0,3.64
5973,596,10,2026-05-23 21:21:10.665691,Target,0,0.2
5974,483,76,2026-05-22 00:55:08.665693,Walmart,0,1.52
5975,367,190,2026-05-25 01:37:07.665695,Walmart,0,3.8
5976,834,188,2026-05-25 00:28:36.665696,Walmart,0,3.76
5977,414,67,2026-05-21 12:46:36.665698,Target,0,1.34
5978,309,139,2026-05-18 23:01:44.665701,Walmart,0,2.78
5979,802,52,2026-05-22 23:51:13.665703,Walmart,0,1.04
5980,918,44,2026-05-21 12:55:02.665705,Amazon,0,0.88
5981,835,47,2026-05-25 15:43:13.665706,Amazon,0,0.94
5982,134,74,2026-05-22 11:34:08.665708,Amazon,0,1.48
5983,719,13,2026-05-19 03:41:37.665710,Target,0,0.26
5984,283,189,2026-05-19 07:55:42.665712,BestBuy,0,3.78
5985,778,134,2026-05-25 15:42:02.665714,BestBuy,0,2.68
5986,73,123,2026-05-23 10:50:53.665716,Walmart,0,2.46
5987,481,81,2026-05-23 14:42:42.665718,BestBuy,0,1.62
5988,352,223,2026-05-23 19:12:04.665720,Walmart,0,4.46
5989,560,51,2026-05-22 02:09:31.665722,Amazon,0,1.02
5990,326,138,2026-05-20 21:01:25.665724,Walmart,0,2.76
5991,745,119,2026-05-25 09:35:59.665726,Target,0,2.38
5992,443,45,2026-05-20 15:01:43.665728,BestBuy,0,0.9
5993,100,36,2026-05-21 18:20:42.665730,Walmart,0,0.72
5994,59,93,2026-05-21 13:44:54.665732,Amazon,0,1.86
5995,508,130,2026-05-24 06:12:45.665733,Target,0,2.6
5996,258,65,2026-05-19 00:05:58.665735,Walmart,0,1.3
5997,413,23,2026-05-20 17:32:47.665737,Walmart,0,0.46
5998,452,105,2026-05-25 01:10:27.665739,Walmart,0,2.1
5999,65,101,2026-05-22 16:45:23.665741,Target,0,2.02
6000,595,65,2026-05-23 05:37:09.665743,Walmart,0,1.3
6001,154,4,2026-05-22 21:09:06.665745,Amazon,0,0.08
6002,985,116,2026-05-20 09:54:57.665747,Amazon,0,2.32
6003,266,99,2026-05-21 21:47:57.665749,Amazon,0,1.98
6004,821,108,2026-05-23 09:12:27.665751,Amazon,0,2.16
6005,79,147,2026-05-22 23:34:28.665753,Target,0,2.94
6006,315,84,2026-05-21 09:20:45.665755,Amazon,0,1.68
6007,662,33,2026-05-22 16:30:41.665757,Amazon,0,0.66
6008,947,114,2026-05-19 08:55:41.665759,BestBuy,0,2.28
6009,560,107,2026-05-22 12:16:34.665761,Amazon,0,2.14
6010,917,25,2026-05-20 08:06:21.665763,Target,0,0.5
6011,891,86,2026-05-24 15:11:35.665765,BestBuy,0,1.72
6012,248,30,2026-05-19 15:42:28.665767,BestBuy,0,0.6
6013,790,157,2026-05-24 14:39:25.665769,Target,0,3.14
6014,868,59,2026-05-20 14:46:17.665771,BestBuy,0,1.18
6015,610,31,2026-05-24 19:52:14.665773,Walmart,0,0.62
6016,414,44,2026-05-24 19:08:47.665775,Amazon,0,0.88
6017,25,71,2026-05-24 15:43:41.665777,Walmart,0,1.42
6018,284,139,2026-05-19 23:52:47.665779,Target,0,2.78
6019,449,99,2026-05-19 18:53:40.665781,Walmart,0,1.98
6020,881,49,2026-05-21 09:25:26.665783,Target,0,0.98
6021,301,106,2026-05-19 18:06:28.665785,Walmart,0,2.12
6022,68,71,2026-05-19 18:25:24.665787,Amazon,0,1.42
6023,7,96,2026-05-21 06:50:49.665789,Target,0,1.92
6024,817,12,2026-05-23 21:45:31.665791,Target,0,0.24
6025,137,53,2026-05-21 09:25:05.665792,Target,0,1.06
6026,164,19,2026-05-20 12:11:16.665794,BestBuy,0,0.38
6027,83,39,2026-05-22 14:51:49.665796,Amazon,0,0.78
6028,897,80,2026-05-25 11:50:35.665798,BestBuy,0,1.6
6029,650,127,2026-05-21 05:43:04.665800,BestBuy,0,2.54
6030,420,160,2026-05-24 22:42:25.665802,Amazon,0,3.2
6031,73,163,2026-05-20 23:25:22.665804,Target,0,3.26
6032,237,113,2026-05-19 23:03:44.665806,BestBuy,0,2.26
6033,46,78,2026-05-24 02:10:40.665808,BestBuy,0,1.56
6034,618,86,2026-05-24 05:21:39.665810,Target,0,1.72
6035,928,59,2026-05-23 18:16:37.665812,Amazon,0,1.18
6036,800,145,2026-05-23 07:27:49.665814,Amazon,0,2.9
6037,262,215,2026-05-25 04:45:11.665816,Amazon,0,4.3
6038,176,199,2026-05-21 01:57:28.665817,BestBuy,0,3.98
6039,166,93,2026-05-19 18:50:39.665819,Amazon,0,1.86
6040,657,48,2026-05-23 05:36:48.665821,Amazon,0,0.96
6041,842,120,2026-05-22 03:26:44.665823,BestBuy,0,2.4
6042,370,44,2026-05-23 03:37:02.665825,Amazon,0,0.88
6043,795,83,2026-05-19 03:52:39.665827,Walmart,0,1.66
6044,54,62,2026-05-25 14:55:42.665829,Amazon,0,1.24
6045,690,114,2026-05-25 18:38:24.665831,Amazon,0,2.28
6046,419,94,2026-05-21 18:45:49.665833,Target,0,1.88
6047,756,60,2026-05-23 12:59:35.665835,BestBuy,0,1.2
6048,507,315,2026-05-21 03:54:13.665837,Target,0,6.3
6049,341,25,2026-05-24 02:36:15.665839,Walmart,0,0.5
6050,127,49,2026-05-24 02:01:46.665841,Amazon,0,0.98
6051,409,108,2026-05-24 01:52:54.665843,Target,0,2.16
6052,924,179,2026-05-19 02:12:47.665845,Target,0,3.58
6053,367,159,2026-05-20 00:41:55.665847,Walmart,0,3.18
6054,271,32,2026-05-25 09:58:16.665849,Amazon,0,0.64
6055,644,238,2026-05-22 14:36:13.665851,Target,0,4.76
6056,605,117,2026-05-21 05:02:48.665853,Amazon,0,2.34
6057,379,88,2026-05-20 02:31:13.665855,Walmart,0,1.76
6058,73,97,2026-05-25 10:06:18.665857,Walmart,0,1.94
6059,923,312,2026-05-21 20:57:48.665859,Amazon,0,6.24
6060,922,211,2026-05-25 10:33:33.665861,Walmart,0,4.22
6061,915,36,2026-05-20 17:26:52.665863,BestBuy,0,0.72
6062,248,81,2026-05-23 03:18:26.665864,Target,0,1.62
6063,860,155,2026-05-20 22:48:26.665866,BestBuy,0,3.1
6064,785,248,2026-05-22 08:01:57.665868,BestBuy,1,49.6
6065,43,56,2026-05-19 23:12:59.665870,Walmart,0,1.12
6066,377,82,2026-05-22 12:31:41.665872,Walmart,0,1.64
6067,41,100,2026-05-22 08:36:54.665874,Amazon,0,2.0
6068,170,270,2026-05-19 06:55:33.665876,BestBuy,1,54.0
6069,946,101,2026-05-19 19:43:45.665878,Target,0,2.02
6070,212,77,2026-05-21 23:41:02.665880,Amazon,0,1.54
6071,493,90,2026-05-19 12:47:09.665882,Amazon,0,1.8
6072,680,172,2026-05-22 11:39:52.665884,Amazon,0,3.44
6073,39,26,2026-05-20 16:10:27.665886,Walmart,0,0.52
6074,369,211,2026-05-22 17:51:16.665888,Walmart,0,4.22
6075,757,55,2026-05-24 09:52:51.665890,Amazon,0,1.1
6076,151,86,2026-05-24 02:34:30.665892,Walmart,0,1.72
6077,111,48,2026-05-25 14:38:06.665894,Walmart,0,0.96
6078,480,53,2026-05-20 06:01:48.665896,Amazon,0,1.06
6079,436,187,2026-05-22 06:09:28.665898,Target,0,3.74
6080,47,63,2026-05-24 15:12:00.665900,Target,0,1.26
6081,575,152,2026-05-20 08:18:33.665902,Walmart,0,3.04
6082,737,151,2026-05-25 15:15:15.665904,Target,0,3.02
6083,366,122,2026-05-24 09:12:21.665906,Target,0,2.44
6084,69,162,2026-05-20 22:38:55.665908,Walmart,0,3.24
6085,299,44,2026-05-19 07:33:08.665910,Target,0,0.88
6086,944,5,2026-05-21 12:20:07.665912,Walmart,0,0.1
6087,802,72,2026-05-23 00:13:04.665914,BestBuy,0,1.44
6088,296,147,2026-05-23 07:56:29.665916,Amazon,0,2.94
6089,203,363,2026-05-19 23:10:38.665918,Target,0,7.26
6090,61,124,2026-05-19 15:50:56.665920,Amazon,0,2.48
6091,946,135,2026-05-22 21:21:45.665922,Amazon,0,2.7
6092,963,88,2026-05-22 21:36:59.665923,Walmart,0,1.76
6093,830,139,2026-05-25 11:51:38.665926,Target,0,2.78
6094,314,82,2026-05-25 20:20:38.665927,Target,0,1.64
6095,161,34,2026-05-25 02:34:23.665929,BestBuy,0,0.68
6096,331,184,2026-05-19 21:43:45.665931,Target,0,3.68
6097,528,160,2026-05-24 17:16:58.665933,Target,0,3.2
6098,338,118,2026-05-23 11:27:58.665935,Walmart,0,2.36
6099,606,54,2026-05-21 19:39:27.665938,Amazon,0,1.08
6100,304,97,2026-05-22 02:47:58.665940,BestBuy,0,1.94
6101,503,43,2026-05-20 12:36:09.665942,Target,0,0.86
6102,650,60,2026-05-22 00:22:29.665944,Target,0,1.2
6103,338,117,2026-05-23 10:28:30.665946,BestBuy,0,2.34
6104,550,93,2026-05-25 08:38:29.665948,Walmart,0,1.86
6105,639,31,2026-05-24 12:32:43.665950,Target,0,0.62
6106,275,154,2026-05-25 02:17:11.665952,Target,0,3.08
6107,164,277,2026-05-19 21:52:42.665954,BestBuy,1,55.4
6108,443,59,2026-05-22 15:03:05.665956,Amazon,0,1.18
6109,319,161,2026-05-19 01:13:49.665958,Target,0,3.22
6110,589,78,2026-05-22 17:05:04.665959,Target,0,1.56
6111,504,212,2026-05-19 07:16:12.665961,Amazon,0,4.24
6112,686,129,2026-05-20 06:24:31.665963,Target,0,2.58
6113,387,55,2026-05-20 21:17:34.665965,Amazon,0,1.1
6114,970,273,2026-05-20 08:34:17.665967,Walmart,0,5.46
6115,870,142,2026-05-24 14:45:45.665969,Amazon,0,2.84
6116,833,122,2026-05-22 15:53:54.665971,Amazon,0,2.44
6117,888,34,2026-05-21 23:32:04.665973,Target,0,0.68
6118,603,63,2026-05-24 07:57:53.665975,Target,0,1.26
6119,750,230,2026-05-25 04:29:25.665977,BestBuy,1,46.0
6120,776,112,2026-05-24 03:06:36.665979,Target,0,2.24
6121,691,130,2026-05-25 02:53:40.665981,Target,0,2.6
6122,494,135,2026-05-23 12:00:00.665983,Amazon,0,2.7
6123,490,88,2026-05-22 18:28:37.665985,Walmart,0,1.76
6124,721,47,2026-05-23 00:02:04.665987,Target,0,0.94
6125,73,56,2026-05-20 22:08:12.665989,Amazon,0,1.12
6126,509,268,2026-05-20 05:27:46.665991,BestBuy,1,53.6
6127,390,26,2026-05-25 10:23:26.665993,BestBuy,0,0.52
6128,619,26,2026-05-24 23:53:45.665995,Walmart,0,0.52
6129,857,55,2026-05-21 05:30:44.665997,Walmart,0,1.1
6130,295,77,2026-05-25 12:30:45.665999,Walmart,0,1.54
6131,369,43,2026-05-23 20:04:14.666001,Amazon,0,0.86
6132,956,137,2026-05-20 22:30:28.666003,Target,0,2.74
6133,796,90,2026-05-23 22:25:02.666005,Amazon,0,1.8
6134,865,122,2026-05-20 11:58:29.666007,BestBuy,0,2.44
6135,694,65,2026-05-22 01:53:53.666009,BestBuy,0,1.3
6136,549,161,2026-05-22 05:13:32.666010,Target,0,3.22
6137,649,48,2026-05-19 23:02:19.666012,Walmart,0,0.96
6138,850,134,2026-05-19 07:21:37.666014,BestBuy,0,2.68
6139,568,94,2026-05-20 09:42:23.666016,Walmart,0,1.88
6140,187,307,2026-05-25 07:36:46.666018,Amazon,0,6.14
6141,853,213,2026-05-19 23:33:51.666020,Walmart,0,4.26
6142,770,148,2026-05-23 15:00:38.666022,Amazon,0,2.96
6143,445,53,2026-05-22 17:07:45.666024,Target,0,1.06
6144,570,247,2026-05-24 20:27:11.666026,Walmart,0,4.94
6145,363,91,2026-05-23 12:08:24.666028,Target,0,1.82
6146,123,61,2026-05-21 13:19:15.666030,Walmart,0,1.22
6147,188,100,2026-05-25 05:39:49.666032,BestBuy,0,2.0
6148,742,287,2026-05-22 14:35:57.666034,Target,0,5.74
6149,680,26,2026-05-23 04:30:14.666036,Walmart,0,0.52
6150,420,52,2026-05-22 05:12:13.666038,Target,0,1.04
6151,626,35,2026-05-21 04:05:02.666040,Walmart,0,0.7
6152,252,43,2026-05-20 15:08:48.666042,Amazon,0,0.86
6153,619,19,2026-05-19 08:50:50.666044,Target,0,0.38
6154,549,8,2026-05-23 09:03:06.666046,BestBuy,0,0.16
6155,335,131,2026-05-19 02:44:02.666048,Target,0,2.62
6156,92,62,2026-05-19 14:59:36.666050,Amazon,0,1.24
6157,530,11,2026-05-19 20:26:00.666051,Amazon,0,0.22
6158,866,152,2026-05-24 17:34:13.666053,BestBuy,0,3.04
6159,63,88,2026-05-24 16:41:20.666055,Amazon,0,1.76
6160,662,91,2026-05-19 10:32:46.666057,BestBuy,0,1.82
6161,512,31,2026-05-24 13:47:48.666059,Walmart,0,0.62
6162,139,57,2026-05-19 23:37:45.666061,Amazon,0,1.14
6163,698,98,2026-05-22 08:08:38.666063,Walmart,0,1.96
6164,185,46,2026-05-20 11:02:27.666065,Walmart,0,0.92
6165,205,40,2026-05-21 18:12:51.666067,Amazon,0,0.8
6166,772,237,2026-05-23 17:53:37.666069,BestBuy,1,47.4
6167,214,19,2026-05-19 01:22:58.666071,BestBuy,0,0.38
6168,256,201,2026-05-19 04:58:34.666073,BestBuy,1,40.2
6169,135,81,2026-05-19 05:53:38.666075,Amazon,0,1.62
6170,573,66,2026-05-24 22:42:54.666077,Walmart,0,1.32
6171,875,111,2026-05-24 15:13:32.666079,Target,0,2.22
6172,822,210,2026-05-25 02:06:07.666080,Target,0,4.2
6173,88,98,2026-05-25 03:58:50.666082,Amazon,0,1.96
6174,836,180,2026-05-22 15:39:37.666084,Target,0,3.6
6175,988,99,2026-05-20 14:40:26.666086,Walmart,0,1.98
6176,207,45,2026-05-19 10:50:07.666088,Target,0,0.9
6177,129,77,2026-05-19 06:58:07.666090,BestBuy,0,1.54
6178,823,6,2026-05-19 03:01:07.666092,Walmart,0,0.12
6179,3,183,2026-05-24 04:22:38.666094,Amazon,0,3.66
6180,974,153,2026-05-21 13:24:45.666096,Amazon,0,3.06
6181,934,58,2026-05-19 20:40:10.666098,BestBuy,0,1.16
6182,754,183,2026-05-24 00:15:03.666100,Target,0,3.66
6183,121,181,2026-05-19 21:07:27.666102,Amazon,0,3.62
6184,385,16,2026-05-25 11:49:14.666104,Amazon,0,0.32
6185,614,91,2026-05-20 11:46:00.666106,Walmart,0,1.82
6186,38,26,2026-05-20 17:31:50.666108,Walmart,0,0.52
6187,341,144,2026-05-25 10:17:05.666110,Walmart,0,2.88
6188,925,94,2026-05-23 03:46:54.666112,Walmart,0,1.88
6189,645,43,2026-05-25 11:29:36.666114,Amazon,0,0.86
6190,714,140,2026-05-22 13:17:16.666116,Walmart,0,2.8
6191,860,73,2026-05-20 03:57:49.666118,BestBuy,0,1.46
6192,21,63,2026-05-24 18:10:58.666120,BestBuy,0,1.26
6193,242,70,2026-05-22 17:10:45.666122,Walmart,0,1.4
6194,455,35,2026-05-19 00:44:44.666124,Walmart,0,0.7
6195,963,127,2026-05-22 05:26:35.666126,Target,0,2.54
6196,621,123,2026-05-19 19:45:34.666128,Walmart,0,2.46
6197,303,76,2026-05-25 19:34:45.666130,Amazon,0,1.52
6198,596,28,2026-05-21 08:18:35.666132,BestBuy,0,0.56
6199,595,25,2026-05-23 13:06:54.666133,BestBuy,0,0.5
6200,803,54,2026-05-24 11:50:04.666135,Amazon,0,1.08
6201,964,102,2026-05-24 18:25:30.666137,Walmart,0,2.04
6202,69,207,2026-05-23 05:09:15.666139,Target,0,4.14
6203,129,89,2026-05-24 02:34:02.666141,BestBuy,0,1.78
6204,196,97,2026-05-25 05:17:30.666143,Target,0,1.94
6205,140,87,2026-05-21 09:04:20.666145,BestBuy,0,1.74
6206,444,88,2026-05-19 19:45:48.666147,Target,0,1.76
6207,283,30,2026-05-24 23:42:12.666149,BestBuy,0,0.6
6208,312,246,2026-05-22 19:56:56.666151,Target,0,4.92
6209,746,25,2026-05-21 13:13:19.666153,Walmart,0,0.5
6210,535,139,2026-05-21 04:53:06.666155,Walmart,0,2.78
6211,665,93,2026-05-24 14:37:50.666157,Amazon,0,1.86
6212,277,75,2026-05-23 07:12:59.666159,Amazon,0,1.5
6213,61,43,2026-05-23 19:56:04.666160,Target,0,0.86
6214,319,53,2026-05-23 08:31:40.666162,Target,0,1.06
6215,890,511,2026-05-21 12:46:26.666164,BestBuy,1,
6216,52,38,2026-05-21 14:35:21.666166,Amazon,0,0.76
6217,856,121,2026-05-23 23:05:42.666168,Amazon,0,2.42
6218,153,112,2026-05-22 06:33:56.666170,BestBuy,0,2.24
6219,749,67,2026-05-25 03:51:54.666172,Target,0,1.34
6220,311,91,2026-05-21 20:14:23.666174,Amazon,0,1.82
6221,814,125,2026-05-24 12:34:22.666176,Target,0,2.5
6222,544,156,2026-05-19 10:25:14.666178,Walmart,0,3.12
6223,567,63,2026-05-25 14:09:27.666180,Target,0,1.26
6224,864,127,2026-05-23 22:08:49.666182,Walmart,0,2.54
6225,389,70,2026-05-20 17:13:07.666184,Walmart,0,1.4
6226,548,27,2026-05-24 00:32:29.666186,BestBuy,0,0.54
6227,622,58,2026-05-19 10:17:06.666188,BestBuy,0,1.16
6228,177,82,2026-05-25 21:37:14.666190,Walmart,0,1.64
6229,362,163,2026-05-21 04:01:49.666191,BestBuy,0,3.26
6230,314,67,2026-05-24 06:20:42.666193,Amazon,0,1.34
6231,807,89,2026-05-23 18:05:18.666195,Amazon,0,1.78
6232,848,108,2026-05-22 20:48:15.666197,Target,0,2.16
6233,97,86,2026-05-19 10:30:53.666199,Walmart,0,1.72
6234,881,37,2026-05-24 14:46:07.666201,Target,0,0.74
6235,213,191,2026-05-19 22:54:05.666203,Walmart,0,3.82
6236,829,185,2026-05-21 19:25:34.666205,Walmart,0,3.7
6237,137,83,2026-05-22 06:39:31.666207,Target,0,1.66
6238,6,37,2026-05-24 23:53:39.666209,Target,0,0.74
6239,109,24,2026-05-24 04:28:52.666211,Target,0,0.48
6240,547,63,2026-05-22 20:15:40.666213,Target,0,1.26
6241,39,77,2026-05-20 19:27:35.666215,Amazon,0,1.54
6242,662,131,2026-05-23 16:02:25.666217,Walmart,0,2.62
6243,425,150,2026-05-21 22:18:53.666219,BestBuy,0,3.0
6244,630,162,2026-05-19 18:04:14.666221,Walmart,0,3.24
6245,261,65,2026-05-20 19:52:04.666223,Amazon,0,1.3
6246,426,63,2026-05-22 05:38:59.666225,Walmart,0,1.26
6247,87,110,2026-05-18 23:00:52.666227,Amazon,0,2.2
6248,465,38,2026-05-20 15:54:14.666229,Walmart,0,0.76
6249,76,150,2026-05-19 02:03:25.666231,Amazon,0,3.0
6250,471,91,2026-05-25 04:49:53.666233,BestBuy,0,1.82
6251,976,111,2026-05-24 04:13:12.666235,BestBuy,0,2.22
6252,963,8,2026-05-24 09:16:30.666237,BestBuy,0,0.16
6253,414,19,2026-05-25 04:09:25.666239,BestBuy,0,0.38
6254,825,29,2026-05-20 18:10:21.666241,Amazon,0,0.58
6255,895,7,2026-05-20 15:57:39.666242,Walmart,0,0.14
6256,726,59,2026-05-24 05:35:19.666244,BestBuy,0,1.18
6257,457,62,2026-05-25 09:57:47.666246,BestBuy,0,1.24
6258,285,44,2026-05-23 05:40:41.666248,Walmart,0,0.88
6259,239,204,2026-05-20 18:06:56.666250,Walmart,0,4.08
6260,677,228,2026-05-22 04:32:27.666252,Target,0,4.56
6261,599,61,2026-05-21 09:08:58.666254,Walmart,0,1.22
6262,653,78,2026-05-22 03:16:25.666256,Walmart,0,1.56
6263,672,109,2026-05-19 19:38:21.666258,Walmart,0,2.18
6264,558,348,2026-05-19 07:38:02.666260,Target,0,6.96
6265,372,203,2026-05-19 09:38:27.666262,Walmart,0,4.06
6266,495,156,2026-05-21 03:47:55.666264,Amazon,0,3.12
6267,624,68,2026-05-20 04:41:45.666266,BestBuy,0,1.36
6268,919,28,2026-05-22 21:40:32.666268,Amazon,0,0.56
6269,45,66,2026-05-21 00:10:29.666270,Target,0,1.32
6270,401,38,2026-05-19 15:16:57.666272,Target,0,0.76
6271,247,60,2026-05-21 06:17:17.666274,Target,0,1.2
6272,616,19,2026-05-23 00:42:35.666276,Target,0,0.38
6273,597,133,2026-05-19 10:36:55.666278,Target,0,2.66
6274,450,115,2026-05-20 10:23:51.666280,BestBuy,0,2.3
6275,485,44,2026-05-25 02:49:19.666282,Walmart,0,0.88
6276,646,235,2026-05-21 03:46:08.666284,Amazon,0,4.7
6277,620,20,2026-05-22 23:38:10.666285,Amazon,0,0.4
6278,18,14,2026-05-22 21:28:57.666287,Walmart,0,0.28
6279,606,74,2026-05-25 15:31:48.666289,Target,0,1.48
6280,662,63,2026-05-23 11:51:25.666291,Walmart,0,1.26
6281,758,112,2026-05-25 09:20:45.666293,Target,0,2.24
6282,289,179,2026-05-23 15:06:08.666295,BestBuy,0,3.58
6283,414,192,2026-05-22 00:20:59.666297,Amazon,0,3.84
6284,721,72,2026-05-25 18:32:08.666299,Amazon,0,1.44
6285,638,66,2026-05-23 15:14:34.666301,BestBuy,0,1.32
6286,235,129,2026-05-25 09:24:51.666303,BestBuy,0,2.58
6287,416,38,2026-05-20 17:01:40.666305,Target,0,0.76
6288,938,38,2026-05-24 20:25:27.666307,Walmart,0,0.76
6289,499,150,2026-05-20 05:12:56.666309,Target,0,3.0
6290,974,14,2026-05-24 11:25:35.666311,Target,0,0.28
6291,634,102,2026-05-22 20:45:48.666313,Amazon,0,2.04
6292,650,59,2026-05-18 23:31:45.666315,Target,0,1.18
6293,115,56,2026-05-23 10:51:03.666317,Walmart,0,1.12
6294,932,95,2026-05-23 13:47:30.666319,Target,0,1.9
6295,674,118,2026-05-24 10:29:31.666321,Amazon,0,2.36
6296,713,26,2026-05-24 08:20:13.666323,Walmart,0,0.52
6297,234,77,2026-05-21 03:49:14.666325,Walmart,0,1.54
6298,540,130,2026-05-22 03:55:47.666327,Amazon,0,2.6
6299,11,89,2026-05-25 02:06:10.666329,Amazon,0,1.78
6300,206,150,2026-05-20 15:14:30.666331,Target,0,3.0
6301,679,80,2026-05-21 04:27:49.666333,Amazon,0,1.6
6302,247,73,2026-05-25 19:29:53.666335,BestBuy,0,1.46
6303,559,26,2026-05-25 03:45:42.666337,Amazon,0,0.52
6304,758,369,2026-05-23 11:15:21.666339,BestBuy,1,73.8
6305,127,104,2026-05-19 08:28:46.666341,Amazon,0,2.08
6306,147,91,2026-05-20 13:43:14.666343,BestBuy,0,1.82
6307,118,145,2026-05-25 10:17:52.666345,BestBuy,0,2.9
6308,911,83,2026-05-22 12:03:08.666347,Amazon,0,1.66
6309,382,84,2026-05-24 18:06:53.666348,Walmart,0,1.68
6310,412,39,2026-05-23 22:49:04.666350,Walmart,0,0.78
6311,664,28,2026-05-19 06:33:44.666352,BestBuy,0,0.56
6312,584,31,2026-05-22 11:17:39.666354,Walmart,0,0.62
6313,363,175,2026-05-20 23:38:00.666356,Amazon,0,3.5
6314,509,10,2026-05-22 00:17:39.666358,BestBuy,0,0.2
6315,137,65,2026-05-19 19:59:44.666360,Target,0,1.3
6316,175,201,2026-05-22 13:59:37.666362,BestBuy,1,40.2
6317,289,17,2026-05-22 05:47:37.666364,Target,0,0.34
6318,958,201,2026-05-25 08:12:03.666366,Target,0,4.02
6319,481,37,2026-05-22 06:01:23.666368,BestBuy,0,0.74
6320,19,215,2026-05-24 12:22:55.666370,Target,0,4.3
6321,195,195,2026-05-25 02:38:51.666372,Walmart,0,3.9
6322,330,51,2026-05-24 11:39:21.666374,Target,0,1.02
6323,936,20,2026-05-24 19:53:12.666376,Walmart,0,0.4
6324,175,120,2026-05-20 19:24:26.666378,BestBuy,0,2.4
6325,449,33,2026-05-21 22:34:19.666380,Target,0,0.66
6326,925,47,2026-05-19 15:57:59.666382,Target,0,0.94
6327,946,34,2026-05-19 07:56:55.666384,Walmart,0,0.68
6328,354,26,2026-05-20 13:04:18.666386,Walmart,0,0.52
6329,499,32,2026-05-20 12:13:54.666388,BestBuy,0,0.64
6330,141,45,2026-05-21 02:06:30.666390,BestBuy,0,0.9
6331,758,119,2026-05-25 16:21:16.666392,Target,0,2.38
6332,897,156,2026-05-25 19:25:57.666394,Amazon,0,3.12
6333,930,79,2026-05-20 14:11:15.666396,Target,0,1.58
6334,93,72,2026-05-21 02:29:40.666398,Target,0,1.44
6335,944,73,2026-05-20 04:31:48.666400,BestBuy,0,1.46
6336,239,122,2026-05-24 21:34:36.666401,BestBuy,0,2.44
6337,205,26,2026-05-19 20:47:31.666403,Target,0,0.52
6338,560,151,2026-05-22 13:15:45.666405,Walmart,0,3.02
6339,433,173,2026-05-25 02:37:07.666407,BestBuy,0,3.46
6340,245,26,2026-05-23 04:28:47.666409,Target,0,0.52
6341,832,110,2026-05-23 06:05:07.666411,Amazon,0,2.2
6342,317,27,2026-05-20 14:45:40.666413,Target,0,0.54
6343,925,101,2026-05-19 11:27:47.666415,Amazon,0,2.02
6344,295,360,2026-05-22 13:35:27.666417,Amazon,0,7.2
6345,640,21,2026-05-19 16:12:03.666419,Amazon,0,0.42
6346,856,5,2026-05-19 11:00:13.666421,Target,0,0.1
6347,282,281,2026-05-24 07:08:39.666423,BestBuy,1,56.2
6348,17,62,2026-05-24 06:59:28.666425,Walmart,0,1.24
6349,71,60,2026-05-21 00:49:57.666427,Walmart,0,1.2
6350,269,150,2026-05-20 04:36:28.666429,Target,0,3.0
6351,325,69,2026-05-22 06:47:55.666430,Target,0,1.38
6352,794,16,2026-05-20 07:57:30.666432,Amazon,0,0.32
6353,305,53,2026-05-22 11:54:22.666434,BestBuy,0,1.06
6354,451,47,2026-05-23 01:32:46.666436,Target,0,0.94
6355,7,56,2026-05-19 18:24:28.666438,Walmart,0,1.12
6356,314,2,2026-05-24 15:16:10.666440,Target,0,0.04
6357,817,63,2026-05-25 11:44:13.666442,BestBuy,0,1.26
6358,103,29,2026-05-23 18:04:11.666444,BestBuy,0,0.58
6359,821,48,2026-05-19 06:56:37.666446,Target,0,0.96
6360,193,67,2026-05-22 20:45:09.666448,Target,0,1.34
6361,753,9,2026-05-22 19:59:30.666450,BestBuy,0,0.18
6362,574,79,2026-05-21 19:44:32.666452,BestBuy,0,1.58
6363,529,11,2026-05-22 14:08:47.666454,Amazon,0,0.22
6364,171,38,2026-05-22 17:08:41.666456,Target,0,0.76
6365,537,39,2026-05-22 19:00:23.666458,Target,0,0.78
6366,251,10,2026-05-25 00:36:35.666459,Target,0,0.2
6367,765,67,2026-05-22 02:12:18.666461,Walmart,0,1.34
6368,387,129,2026-05-22 15:40:28.666463,Amazon,0,2.58
6369,207,101,2026-05-21 21:24:08.666465,BestBuy,0,2.02
6370,541,68,2026-05-20 06:18:00.666467,Amazon,0,1.36
6371,629,129,2026-05-24 11:00:50.666469,Walmart,0,2.58
6372,416,102,2026-05-20 10:23:19.666471,Amazon,0,2.04
6373,794,22,2026-05-19 03:50:30.666473,Walmart,0,0.44
6374,380,106,2026-05-22 04:26:33.666475,Amazon,0,2.12
6375,144,290,2026-05-23 07:08:09.666477,Amazon,0,5.8
6376,25,144,2026-05-22 16:57:40.666479,Amazon,0,2.88
6377,822,50,2026-05-23 20:43:36.666481,Target,0,1.0
6378,668,119,2026-05-24 11:34:37.666483,BestBuy,0,2.38
6379,73,249,2026-05-24 06:18:09.666485,Amazon,0,4.98
6380,632,192,2026-05-23 04:54:19.666487,Target,0,3.84
6381,824,28,2026-05-23 13:53:30.666489,Target,0,0.56
6382,833,116,2026-05-22 07:25:40.666491,Target,0,2.32
6383,93,86,2026-05-19 15:39:48.666493,Walmart,0,1.72
6384,505,245,2026-05-19 01:06:52.666495,Amazon,0,4.9
6385,598,167,2026-05-21 20:17:57.666497,BestBuy,0,3.34
6386,336,58,2026-05-19 17:03:10.666499,Amazon,0,1.16
6387,425,51,2026-05-19 04:06:50.666500,Amazon,0,1.02
6388,499,261,2026-05-19 14:11:31.666502,BestBuy,1,52.2
6389,364,44,2026-05-20 10:49:33.666504,Target,0,0.88
6390,947,24,2026-05-23 08:11:16.666506,Amazon,0,0.48
6391,630,162,2026-05-24 12:58:20.666508,Target,0,3.24
6392,745,79,2026-05-25 00:14:40.666510,Target,0,1.58
6393,199,120,2026-05-20 14:26:50.666512,Target,0,2.4
6394,718,95,2026-05-20 12:58:54.666514,BestBuy,0,1.9
6395,413,124,2026-05-20 05:10:13.666516,Target,0,2.48
6396,339,59,2026-05-23 06:09:37.666518,Amazon,0,1.18
6397,659,79,2026-05-22 07:35:30.666520,Target,0,1.58
6398,962,75,2026-05-19 04:27:34.666522,Walmart,0,1.5
6399,937,51,2026-05-24 12:11:08.666524,Walmart,0,1.02
6400,429,180,2026-05-19 13:21:34.666526,Walmart,0,3.6
6401,783,45,2026-05-25 16:45:59.666528,Target,0,0.9
6402,899,46,2026-05-22 11:50:11.666530,Amazon,0,0.92
6403,139,74,2026-05-20 19:31:37.666532,Amazon,0,1.48
6404,693,117,2026-05-21 04:39:11.666534,Target,0,2.34
6405,942,59,2026-05-25 16:40:36.666535,Target,0,1.18
6406,542,62,2026-05-24 23:10:39.666537,BestBuy,0,1.24
6407,57,221,2026-05-22 01:14:15.666539,Target,0,4.42
6408,232,253,2026-05-24 00:59:16.666541,Walmart,0,5.06
6409,658,151,2026-05-23 11:41:42.666543,BestBuy,0,3.02
6410,435,71,2026-05-23 10:29:38.666545,BestBuy,0,1.42
6411,384,47,2026-05-24 15:50:45.666547,Target,0,0.94
6412,560,107,2026-05-23 06:24:26.666549,Target,0,2.14
6413,194,20,2026-05-20 12:37:48.666551,BestBuy,0,0.4
6414,736,6,2026-05-22 15:38:47.666553,BestBuy,0,0.12
6415,648,54,2026-05-21 01:06:06.666555,BestBuy,0,1.08
6416,534,51,2026-05-23 16:22:01.666557,BestBuy,0,1.02
6417,518,132,2026-05-21 21:41:03.666559,BestBuy,0,2.64
6418,716,82,2026-05-22 03:27:48.666561,Amazon,0,1.64
6419,751,83,2026-05-20 16:11:00.666563,BestBuy,0,1.66
6420,185,25,2026-05-19 04:15:24.666564,BestBuy,0,0.5
6421,872,53,2026-05-20 09:45:57.666566,Amazon,0,1.06
6422,292,158,2026-05-24 09:24:43.666568,Walmart,0,3.16
6423,335,92,2026-05-20 14:38:16.666574,Walmart,0,1.84
6424,732,61,2026-05-23 04:04:54.666576,Walmart,0,1.22
6425,116,69,2026-05-25 17:43:00.666578,Walmart,0,1.38
6426,825,71,2026-05-20 22:19:55.666580,Target,0,1.42
6427,49,105,2026-05-22 09:23:08.666582,Target,0,2.1
6428,685,364,2026-05-21 13:36:00.666584,BestBuy,1,72.8
6429,82,15,2026-05-23 01:30:20.666586,BestBuy,0,0.3
6430,834,32,2026-05-22 01:27:10.666588,Walmart,0,0.64
6431,333,68,2026-05-24 08:20:14.666590,Walmart,0,1.36
6432,557,59,2026-05-24 13:19:06.666592,Amazon,0,1.18
6433,335,84,2026-05-22 06:49:21.666594,Amazon,0,1.68
6434,532,37,2026-05-19 18:31:05.666596,Amazon,0,0.74
6435,960,114,2026-05-19 00:43:45.666598,Walmart,0,2.28
6436,221,29,2026-05-22 19:35:08.666600,Amazon,0,0.58
6437,635,72,2026-05-21 04:57:22.666602,BestBuy,0,1.44
6438,746,141,2026-05-21 09:33:41.666604,Walmart,0,2.82
6439,733,188,2026-05-22 12:09:52.666606,Target,0,3.76
6440,323,61,2026-05-23 11:17:58.666608,Walmart,0,1.22
6441,851,150,2026-05-22 21:04:19.666610,Target,0,3.0
6442,3,49,2026-05-20 14:44:38.666612,Target,0,0.98
6443,694,87,2026-05-19 01:09:52.666614,Walmart,0,1.74
6444,206,35,2026-05-20 03:40:44.666616,Amazon,0,0.7
6445,832,66,2026-05-20 05:43:24.666618,BestBuy,0,1.32
6446,40,70,2026-05-21 21:38:14.666620,Walmart,0,1.4
6447,59,140,2026-05-25 04:21:20.666622,Amazon,0,2.8
6448,951,44,2026-05-20 18:25:48.666624,Target,0,0.88
6449,574,43,2026-05-23 23:33:47.666626,Target,0,0.86
6450,644,112,2026-05-18 23:48:00.666628,Target,0,2.24
6451,507,104,2026-05-22 12:26:50.666630,Target,0,2.08
6452,572,125,2026-05-22 02:06:06.666632,Walmart,0,2.5
6453,884,36,2026-05-19 09:08:00.666634,BestBuy,0,0.72
6454,843,15,2026-05-24 23:47:58.666636,Target,0,0.3
6455,122,110,2026-05-19 18:22:13.666637,Amazon,0,2.2
6456,479,21,2026-05-25 17:51:24.666640,Amazon,0,0.42
6457,619,33,2026-05-19 10:39:53.666641,BestBuy,0,0.66
6458,96,66,2026-05-19 14:41:56.666643,BestBuy,0,1.32
6459,859,27,2026-05-24 02:15:33.666645,BestBuy,0,0.54
6460,414,74,2026-05-20 00:42:55.666647,Target,0,1.48
6461,235,66,2026-05-25 16:23:28.666649,Walmart,0,1.32
6462,898,40,2026-05-24 07:30:55.666651,Target,0,0.8
6463,62,168,2026-05-23 16:45:37.666653,Target,0,3.36
6464,256,11,2026-05-18 23:24:45.666655,Amazon,0,0.22
6465,561,38,2026-05-25 14:24:02.666657,Walmart,0,0.76
6466,905,112,2026-05-25 20:58:10.666659,Walmart,0,2.24
6467,348,62,2026-05-22 12:31:17.666661,Amazon,0,1.24
6468,671,49,2026-05-24 10:24:08.666663,Amazon,0,0.98
6469,124,85,2026-05-23 03:21:48.666665,Amazon,0,1.7
6470,482,57,2026-05-25 15:41:23.666667,BestBuy,0,1.14
6471,317,122,2026-05-25 18:57:15.666669,Walmart,0,2.44
6472,504,131,2026-05-19 14:52:55.666671,Amazon,0,2.62
6473,719,193,2026-05-25 21:18:49.666673,Amazon,0,3.86
6474,48,136,2026-05-22 10:55:23.666675,Amazon,0,2.72
6475,409,28,2026-05-23 20:53:05.666677,Target,0,0.56
6476,932,127,2026-05-22 22:36:36.666679,Walmart,0,2.54
6477,136,50,2026-05-21 13:57:37.666681,Walmart,0,1.0
6478,201,92,2026-05-19 02:19:12.666683,BestBuy,0,1.84
6479,250,106,2026-05-22 04:46:53.666685,Target,0,2.12
6480,314,42,2026-05-23 13:12:42.666687,Walmart,0,0.84
6481,869,64,2026-05-19 01:29:19.666689,BestBuy,0,1.28
6482,368,58,2026-05-22 16:00:53.666691,BestBuy,0,1.16
6483,429,51,2026-05-19 08:54:18.666693,Amazon,0,1.02
6484,830,126,2026-05-24 10:54:30.666695,BestBuy,0,2.52
6485,807,13,2026-05-21 21:05:52.666697,BestBuy,0,0.26
6486,480,36,2026-05-21 09:08:27.666699,Target,0,0.72
6487,314,137,2026-05-21 01:34:29.666701,Amazon,0,2.74
6488,500,76,2026-05-24 11:36:41.666703,Amazon,0,1.52
6489,721,69,2026-05-23 21:38:17.666705,Amazon,0,1.38
6490,355,186,2026-05-23 21:09:32.666707,BestBuy,0,3.72
6491,485,84,2026-05-20 10:27:07.666709,Amazon,0,1.68
6492,211,63,2026-05-20 06:51:19.666711,Walmart,0,1.26
6493,704,133,2026-05-24 11:25:51.666713,Target,0,2.66
6494,44,125,2026-05-19 17:39:09.666715,Target,0,2.5
6495,541,176,2026-05-23 01:14:14.666716,BestBuy,0,3.52
6496,571,130,2026-05-24 04:23:47.666718,Amazon,0,2.6
6497,583,37,2026-05-19 08:05:25.666720,Target,0,0.74
6498,92,194,2026-05-25 05:57:16.666722,BestBuy,0,3.88
6499,265,35,2026-05-19 20:05:35.666724,BestBuy,0,0.7
6500,895,280,2026-05-25 11:43:39.666726,Target,0,5.6
6501,220,140,2026-05-25 06:02:59.666728,Amazon,0,2.8
6502,902,170,2026-05-25 18:04:41.666730,Amazon,0,3.4
6503,925,30,2026-05-20 03:33:46.666732,Walmart,0,0.6
6504,442,134,2026-05-22 19:38:02.666734,Walmart,0,2.68
6505,401,30,2026-05-23 04:42:01.666736,Amazon,0,0.6
6506,400,63,2026-05-20 02:53:07.666738,Walmart,0,1.26
6507,727,8,2026-05-19 11:24:59.666740,Walmart,0,0.16
6508,991,38,2026-05-19 16:22:54.666742,Target,0,0.76
6509,899,21,2026-05-22 06:26:41.666744,Amazon,0,0.42
6510,789,56,2026-05-24 16:43:25.666746,Target,0,1.12
6511,576,91,2026-05-25 19:01:12.666748,Target,0,1.82
6512,858,78,2026-05-20 20:11:58.666750,BestBuy,0,1.56
6513,804,334,2026-05-22 00:19:28.666752,Amazon,0,6.68
6514,490,103,2026-05-22 20:46:40.666754,Target,0,2.06
6515,485,113,2026-05-23 13:03:59.666756,Walmart,0,2.26
6516,757,108,2026-05-20 10:51:27.666758,BestBuy,0,2.16
6517,470,51,2026-05-19 19:42:17.666759,Walmart,0,1.02
6518,574,46,2026-05-22 12:08:36.666761,BestBuy,0,0.92
6519,938,76,2026-05-19 21:15:33.666763,Walmart,0,1.52
6520,844,81,2026-05-23 08:56:25.666765,Walmart,0,1.62
6521,682,68,2026-05-21 14:09:25.666767,Walmart,0,1.36
6522,445,153,2026-05-23 07:58:18.666769,Target,0,3.06
6523,269,126,2026-05-21 01:29:51.666771,Amazon,0,2.52
6524,267,93,2026-05-19 18:11:25.666773,BestBuy,0,1.86
6525,54,51,2026-05-23 20:30:58.666775,Target,0,1.02
6526,528,32,2026-05-22 22:53:48.666777,BestBuy,0,0.64
6527,520,113,2026-05-24 13:25:17.666779,Target,0,2.26
6528,616,84,2026-05-24 04:12:47.666781,BestBuy,0,1.68
6529,59,113,2026-05-25 19:57:40.666783,BestBuy,0,2.26
6530,825,159,2026-05-25 21:14:36.666785,Walmart,0,3.18
6531,40,26,2026-05-23 03:11:03.666787,BestBuy,0,0.52
6532,237,127,2026-05-25 12:08:52.666789,BestBuy,0,2.54
6533,955,24,2026-05-22 17:25:03.666791,Walmart,0,0.48
6534,386,137,2026-05-21 06:02:44.666793,Target,0,2.74
6535,606,80,2026-05-20 15:35:51.666795,Target,0,1.6
6536,734,92,2026-05-20 17:10:50.666797,Amazon,0,1.84
6537,716,154,2026-05-24 15:47:46.666799,Amazon,0,3.08
6538,650,23,2026-05-21 01:10:20.666801,Amazon,0,0.46
6539,300,7,2026-05-23 08:04:33.666803,Amazon,0,0.14
6540,395,178,2026-05-21 20:10:38.666805,BestBuy,0,3.56
6541,207,210,2026-05-21 08:03:02.666807,BestBuy,1,42.0
6542,336,126,2026-05-23 12:48:09.666809,Amazon,0,2.52
6543,593,91,2026-05-24 14:53:52.666811,Walmart,0,1.82
6544,730,49,2026-05-20 02:33:07.666813,Amazon,0,0.98
6545,514,99,2026-05-22 13:16:32.666814,Target,0,1.98
6546,178,73,2026-05-19 16:36:14.666816,BestBuy,0,1.46
6547,396,159,2026-05-25 16:14:06.666818,Walmart,0,3.18
6548,371,70,2026-05-19 04:33:47.666820,Target,0,1.4
6549,858,105,2026-05-24 02:03:31.666822,Walmart,0,2.1
6550,791,10,2026-05-22 00:32:33.666824,Walmart,0,0.2
6551,658,98,2026-05-21 14:01:02.666826,Amazon,0,1.96
6552,318,249,2026-05-20 15:20:58.666828,Target,0,4.98
6553,736,57,2026-05-25 10:09:44.666830,Amazon,0,1.14
6554,369,21,2026-05-20 06:29:56.666832,Target,0,0.42
6555,384,87,2026-05-19 16:39:25.666834,BestBuy,0,1.74
6556,62,157,2026-05-21 03:36:41.666836,Target,0,3.14
6557,806,127,2026-05-22 15:14:45.666838,BestBuy,0,2.54
6558,505,316,2026-05-25 15:51:16.666840,BestBuy,1,63.2
6559,239,89,2026-05-23 02:02:25.666842,Amazon,0,1.78
6560,195,170,2026-05-21 11:53:27.666844,BestBuy,0,3.4
6561,678,46,2026-05-19 15:50:38.666846,Amazon,0,0.92
6562,963,13,2026-05-24 02:42:17.666848,Walmart,0,0.26
6563,222,39,2026-05-20 02:14:23.666850,Walmart,0,0.78
6564,61,51,2026-05-24 04:32:47.666852,Walmart,0,1.02
6565,129,70,2026-05-21 07:29:56.666854,Target,0,1.4
6566,990,152,2026-05-25 01:33:53.666856,BestBuy,0,3.04
6567,685,58,2026-05-24 08:15:45.666858,Amazon,0,1.16
6568,992,114,2026-05-24 21:13:09.666860,Walmart,0,2.28
6569,156,95,2026-05-21 08:27:57.666861,Amazon,0,1.9
6570,917,94,2026-05-22 07:13:04.666863,Walmart,0,1.88
6571,378,113,2026-05-22 14:28:22.666865,BestBuy,0,2.26
6572,622,104,2026-05-19 10:36:45.666867,Walmart,0,2.08
6573,781,32,2026-05-25 22:56:02.666869,Amazon,0,0.64
6574,923,62,2026-05-22 17:48:38.666872,Walmart,0,1.24
6575,868,29,2026-05-21 22:53:21.666875,Amazon,0,0.58
6576,903,65,2026-05-21 14:02:23.666877,Walmart,0,1.3
6577,790,68,2026-05-23 16:22:50.666879,Amazon,0,1.36
6578,586,121,2026-05-22 19:44:09.666881,Walmart,0,2.42
6579,999,109,2026-05-20 00:09:29.666883,BestBuy,0,2.18
6580,437,165,2026-05-19 02:03:16.666885,Walmart,0,3.3
6581,975,4,2026-05-21 19:16:22.666887,Target,0,0.08
6582,207,97,2026-05-25 17:40:11.666889,Amazon,0,1.94
6583,388,142,2026-05-24 18:37:24.666891,Walmart,0,2.84
6584,480,94,2026-05-20 00:27:13.666893,Target,0,1.88
6585,791,13,2026-05-25 12:21:07.666895,Amazon,0,0.26
6586,887,155,2026-05-21 19:20:18.666897,Walmart,0,3.1
6587,838,140,2026-05-23 14:06:22.666898,Walmart,0,2.8
6588,984,43,2026-05-22 10:50:07.666900,BestBuy,0,0.86
6589,340,30,2026-05-19 17:18:46.666902,Walmart,0,0.6
6590,869,71,2026-05-24 16:10:03.666904,Amazon,0,1.42
6591,340,179,2026-05-20 00:13:22.666906,Target,0,3.58
6592,204,238,2026-05-18 23:22:35.666908,Walmart,0,4.76
6593,161,195,2026-05-25 05:09:52.666910,Target,0,3.9
6594,540,60,2026-05-25 21:37:00.666912,Amazon,0,1.2
6595,392,49,2026-05-23 16:07:13.666914,Amazon,0,0.98
6596,769,114,2026-05-19 21:22:13.666916,Walmart,0,2.28
6597,677,119,2026-05-22 23:34:07.666918,BestBuy,0,2.38
6598,575,156,2026-05-20 00:26:58.666920,Walmart,0,3.12
6599,534,135,2026-05-23 00:24:15.666922,BestBuy,0,2.7
6600,70,29,2026-05-25 06:04:42.666924,Walmart,0,0.58
6601,893,31,2026-05-22 03:57:05.666926,Target,0,0.62
6602,405,36,2026-05-22 08:42:21.666928,BestBuy,0,0.72
6603,608,100,2026-05-21 07:43:48.666930,BestBuy,0,2.0
6604,675,148,2026-05-20 15:31:03.666932,Target,0,2.96
6605,591,148,2026-05-23 23:10:17.666934,Walmart,0,2.96
6606,517,76,2026-05-22 07:12:10.666936,Amazon,0,1.52
6607,828,4,2026-05-22 06:36:33.666938,Amazon,0,0.08
6608,120,87,2026-05-22 21:30:09.666940,Walmart,0,1.74
6609,814,104,2026-05-19 01:30:04.666942,Target,0,2.08
6610,690,116,2026-05-24 11:21:26.666948,Amazon,0,2.32
6611,688,24,2026-05-22 16:16:25.666950,Target,0,0.48
6612,902,263,2026-05-22 21:20:55.666952,Walmart,0,5.26
6613,217,22,2026-05-20 10:23:17.666954,Target,0,0.44
6614,56,74,2026-05-25 00:08:03.666956,Target,0,1.48
6615,366,34,2026-05-22 22:28:11.666958,Target,0,0.68
6616,699,27,2026-05-25 18:03:48.666960,Amazon,0,0.54
6617,504,152,2026-05-22 02:07:02.666962,Target,0,3.04
6618,744,188,2026-05-22 11:54:22.666964,BestBuy,0,3.76
6619,767,172,2026-05-20 03:20:23.666966,Target,0,3.44
6620,925,53,2026-05-21 14:37:06.666968,Target,0,1.06
6621,455,62,2026-05-19 22:46:42.666970,Walmart,0,1.24
6622,104,96,2026-05-24 20:17:55.666972,Target,0,1.92
6623,77,94,2026-05-21 14:03:15.666974,Target,0,1.88
6624,230,44,2026-05-22 06:51:54.666976,Amazon,0,0.88
6625,914,17,2026-05-23 13:30:14.666978,BestBuy,0,0.34
6626,258,236,2026-05-23 23:18:38.666980,Walmart,0,4.72
6627,264,75,2026-05-18 23:51:58.666982,BestBuy,0,1.5
6628,331,99,2026-05-24 21:16:58.666984,Target,0,1.98
6629,993,199,2026-05-23 06:44:55.666986,Amazon,0,3.98
6630,182,28,2026-05-25 10:30:59.666993,BestBuy,0,0.56
6631,893,51,2026-05-20 16:10:21.666995,BestBuy,0,1.02
6632,768,9,2026-05-19 05:57:23.666997,BestBuy,0,0.18
6633,550,80,2026-05-21 12:31:55.666999,BestBuy,0,1.6
6634,688,45,2026-05-19 04:19:34.667001,BestBuy,0,0.9
6635,27,42,2026-05-22 04:01:46.667003,Amazon,0,0.84
6636,276,67,2026-05-23 15:06:06.667005,Target,0,1.34
6637,652,119,2026-05-23 05:01:57.667007,Amazon,0,2.38
6638,299,31,2026-05-23 07:21:55.667009,Amazon,0,0.62
6639,957,236,2026-05-21 06:13:51.667011,Amazon,0,4.72
6640,799,123,2026-05-21 03:19:04.667013,Amazon,0,2.46
6641,91,112,2026-05-21 19:06:27.667015,Target,0,2.24
6642,480,65,2026-05-19 05:44:09.667017,Target,0,1.3
6643,573,138,2026-05-22 19:00:42.667019,Amazon,0,2.76
6644,458,44,2026-05-19 04:18:45.667021,BestBuy,0,0.88
6645,451,48,2026-05-24 02:32:03.667023,Target,0,0.96
6646,365,127,2026-05-23 13:03:10.667025,Target,0,2.54
6647,859,210,2026-05-25 22:56:47.667027,Amazon,0,4.2
6648,675,26,2026-05-23 00:06:30.667030,BestBuy,0,0.52
6649,351,148,2026-05-23 12:52:31.667032,BestBuy,0,2.96
6650,655,35,2026-05-25 10:27:21.667034,Amazon,0,0.7
6651,400,62,2026-05-24 09:20:46.667036,Amazon,0,1.24
6652,253,36,2026-05-21 18:19:59.667038,Target,0,0.72
6653,781,8,2026-05-21 23:22:49.667040,Target,0,0.16
6654,881,103,2026-05-21 21:07:20.667042,Walmart,0,2.06
6655,803,225,2026-05-22 10:59:34.667044,Walmart,0,4.5
6656,459,76,2026-05-23 01:00:47.667046,Amazon,0,1.52
6657,699,183,2026-05-24 23:44:43.667048,Walmart,0,3.66
6658,917,24,2026-05-21 16:49:22.667050,BestBuy,0,0.48
6659,499,187,2026-05-19 19:33:29.667052,BestBuy,0,3.74
6660,950,5,2026-05-24 04:07:58.667054,BestBuy,0,0.1
6661,971,60,2026-05-23 04:37:21.667056,Target,0,1.2
6662,926,8,2026-05-23 08:25:11.667058,Walmart,0,0.16
6663,508,87,2026-05-23 20:03:51.667060,Walmart,0,1.74
6664,304,50,2026-05-23 11:01:36.667062,Amazon,0,1.0
6665,501,130,2026-05-22 05:20:20.667064,Target,0,2.6
6666,803,102,2026-05-25 14:48:00.667066,Target,0,2.04
6667,598,111,2026-05-21 18:33:38.667068,Target,0,2.22
6668,166,69,2026-05-23 19:55:47.667070,BestBuy,0,1.38
6669,415,220,2026-05-23 05:55:00.667072,Target,0,4.4
6670,462,24,2026-05-19 19:14:20.667074,Walmart,0,0.48
6671,920,165,2026-05-22 01:06:41.667076,Amazon,0,3.3
6672,114,102,2026-05-21 00:59:13.667078,Walmart,0,2.04
6673,433,137,2026-05-24 02:23:17.667080,Target,0,2.74
6674,992,235,2026-05-23 01:12:51.667082,Amazon,0,4.7
6675,356,154,2026-05-21 22:47:19.667084,BestBuy,0,3.08
6676,928,115,2026-05-22 09:28:56.667086,Amazon,0,2.3
6677,695,158,2026-05-19 04:54:20.667088,Target,0,3.16
6678,207,157,2026-05-23 22:18:37.667090,Target,0,3.14
6679,768,46,2026-05-23 05:47:57.667092,Amazon,0,0.92
6680,235,33,2026-05-23 03:08:36.667094,Target,0,0.66
6681,442,75,2026-05-21 00:41:44.667096,Target,0,1.5
6682,355,110,2026-05-21 16:09:34.667098,Target,0,2.2
6683,515,102,2026-05-21 21:57:50.667100,Target,0,2.04
6684,208,131,2026-05-19 18:45:40.667102,Amazon,0,2.62
6685,709,133,2026-05-20 04:32:26.667104,Amazon,0,2.66
6686,853,158,2026-05-22 15:03:07.667106,Walmart,0,3.16
6687,125,76,2026-05-22 05:33:20.667108,BestBuy,0,1.52
6688,138,231,2026-05-19 22:04:57.667110,BestBuy,1,46.2
6689,339,27,2026-05-20 13:21:42.667112,Walmart,0,0.54
6690,537,84,2026-05-24 09:02:31.667114,Amazon,0,1.68
6691,68,55,2026-05-20 20:15:02.667116,Walmart,0,1.1
6692,573,108,2026-05-19 09:26:57.667118,Target,0,2.16
6693,541,123,2026-05-21 01:05:45.667120,Target,0,2.46
6694,383,111,2026-05-25 21:00:36.667122,BestBuy,0,2.22
6695,19,69,2026-05-22 13:40:33.667124,Amazon,0,1.38
6696,683,97,2026-05-21 21:01:20.667126,BestBuy,0,1.94
6697,450,12,2026-05-21 04:06:58.667128,Walmart,0,0.24
6698,74,102,2026-05-19 14:35:48.667130,BestBuy,0,2.04
6699,573,204,2026-05-24 16:27:11.667132,BestBuy,1,40.8
6700,939,36,2026-05-20 17:59:51.667134,Target,0,0.72
6701,665,40,2026-05-20 10:11:22.667136,BestBuy,0,0.8
6702,276,6,2026-05-23 02:55:46.667138,Walmart,0,0.12
6703,48,63,2026-05-23 06:54:14.667140,Amazon,0,1.26
6704,211,129,2026-05-25 07:20:43.667142,BestBuy,0,2.58
6705,855,39,2026-05-19 12:47:04.667144,Amazon,0,0.78
6706,920,244,2026-05-23 18:17:34.667146,Walmart,0,4.88
6707,651,40,2026-05-21 03:35:16.667148,BestBuy,0,0.8
6708,622,41,2026-05-22 23:58:36.667150,Amazon,0,0.82
6709,994,38,2026-05-20 08:09:31.667152,Target,0,0.76
6710,695,211,2026-05-24 15:53:25.667154,Target,0,4.22
6711,540,124,2026-05-25 07:36:48.667156,Walmart,0,2.48
6712,709,66,2026-05-24 20:42:42.667158,BestBuy,0,1.32
6713,191,32,2026-05-22 18:16:14.667160,Walmart,0,0.64
6714,315,100,2026-05-23 17:36:16.667162,Amazon,0,2.0
6715,901,134,2026-05-24 19:20:22.667164,Amazon,0,2.68
6716,563,347,2026-05-21 04:10:57.667166,Walmart,0,6.94
6717,661,79,2026-05-20 15:56:46.667168,Amazon,0,1.58
6718,780,50,2026-05-23 16:52:23.667170,Walmart,0,1.0
6719,562,39,2026-05-22 05:56:58.667172,Walmart,0,0.78
6720,900,240,2026-05-24 14:04:22.667174,Target,0,4.8
6721,758,117,2026-05-20 11:51:41.667176,Amazon,0,2.34
6722,113,50,2026-05-19 18:06:27.667178,Walmart,0,1.0
6723,170,42,2026-05-20 22:00:11.667180,Target,0,0.84
6724,468,129,2026-05-23 06:27:22.667182,Walmart,0,2.58
6725,678,74,2026-05-25 22:55:15.667184,Amazon,0,1.48
6726,921,212,2026-05-22 23:20:07.667186,Target,0,4.24
6727,14,20,2026-05-25 03:48:00.667188,Amazon,0,0.4
6728,715,55,2026-05-20 01:28:54.667190,BestBuy,0,1.1
6729,288,133,2026-05-22 19:17:27.667192,BestBuy,0,2.66
6730,907,97,2026-05-20 18:36:37.667194,BestBuy,0,1.94
6731,189,56,2026-05-23 17:51:37.667196,BestBuy,0,1.12
6732,914,48,2026-05-25 21:14:11.667198,Target,0,0.96
6733,155,52,2026-05-25 08:50:36.667200,Amazon,0,1.04
6734,567,182,2026-05-19 12:09:49.667202,Walmart,0,3.64
6735,694,67,2026-05-23 22:54:45.667204,Walmart,0,1.34
6736,722,122,2026-05-22 08:49:43.667206,Walmart,0,2.44
6737,888,131,2026-05-19 01:21:55.667208,Amazon,0,2.62
6738,471,20,2026-05-20 09:33:53.667210,Target,0,0.4
6739,75,38,2026-05-22 08:12:17.667212,Amazon,0,0.76
6740,277,47,2026-05-22 20:54:13.667214,BestBuy,0,0.94
6741,940,70,2026-05-25 12:37:31.667216,Walmart,0,1.4
6742,645,45,2026-05-20 04:39:01.667218,Amazon,0,0.9
6743,343,52,2026-05-19 16:23:19.667220,BestBuy,0,1.04
6744,425,104,2026-05-21 09:40:55.667222,BestBuy,0,2.08
6745,571,41,2026-05-24 00:14:28.667224,Target,0,0.82
6746,511,164,2026-05-21 21:24:24.667226,Walmart,0,3.28
6747,857,169,2026-05-24 07:47:42.667228,Amazon,0,3.38
6748,182,93,2026-05-22 01:31:51.667230,BestBuy,0,1.86
6749,458,217,2026-05-24 05:45:21.667232,BestBuy,1,43.4
6750,918,56,2026-05-19 13:53:28.667234,Walmart,0,1.12
6751,851,187,2026-05-20 09:00:59.667236,Amazon,0,3.74
6752,833,38,2026-05-24 23:43:29.667238,Amazon,0,0.76
6753,64,126,2026-05-20 17:40:59.667240,Walmart,0,2.52
6754,839,134,2026-05-19 20:05:01.667242,BestBuy,0,2.68
6755,260,152,2026-05-24 08:01:38.667244,Target,0,3.04
6756,193,148,2026-05-19 03:26:00.667246,Walmart,0,2.96
6757,655,91,2026-05-24 08:19:36.667248,BestBuy,0,1.82
6758,616,23,2026-05-25 17:06:00.667250,Target,0,0.46
6759,972,295,2026-05-22 03:20:04.667252,Walmart,0,5.9
6760,406,101,2026-05-21 01:33:43.667254,Walmart,0,2.02
6761,726,32,2026-05-20 04:02:53.667256,BestBuy,0,0.64
6762,754,117,2026-05-22 09:45:42.667258,Walmart,0,2.34
6763,943,76,2026-05-23 21:42:25.667260,Amazon,0,1.52
6764,721,71,2026-05-19 08:22:18.667262,Amazon,0,1.42
6765,93,114,2026-05-21 08:28:44.667264,Target,0,2.28
6766,430,18,2026-05-21 04:03:40.667266,Walmart,0,0.36
6767,654,91,2026-05-24 15:28:05.667268,Amazon,0,1.82
6768,434,107,2026-05-24 21:25:00.667270,BestBuy,0,2.14
6769,404,31,2026-05-25 11:26:54.667272,BestBuy,0,0.62
6770,434,113,2026-05-20 06:59:45.667274,BestBuy,0,2.26
6771,112,146,2026-05-24 15:23:18.667276,Amazon,0,2.92
6772,929,100,2026-05-25 13:03:52.667278,Walmart,0,2.0
6773,375,69,2026-05-23 04:47:57.667280,Walmart,0,1.38
6774,59,114,2026-05-25 18:38:12.667282,Walmart,0,2.28
6775,43,33,2026-05-23 02:01:38.667284,Target,0,0.66
6776,207,102,2026-05-23 02:19:54.667286,Walmart,0,2.04
6777,780,263,2026-05-20 10:42:14.667288,Amazon,0,5.26
6778,296,14,2026-05-23 00:06:27.667290,Amazon,0,0.28
6779,118,76,2026-05-21 14:10:43.667292,Walmart,0,1.52
6780,532,100,2026-05-21 10:58:21.667294,BestBuy,0,2.0
6781,222,77,2026-05-22 06:01:35.667296,Target,0,1.54
6782,166,83,2026-05-25 10:31:11.667298,Target,0,1.66
6783,643,155,2026-05-23 02:46:44.667300,Amazon,0,3.1
6784,156,20,2026-05-25 21:05:06.667302,Target,0,0.4
6785,184,215,2026-05-20 06:43:25.667304,BestBuy,1,43.0
6786,90,3,2026-05-25 12:02:00.667306,Walmart,0,0.06
6787,94,105,2026-05-24 06:29:19.667308,Target,0,2.1
6788,13,223,2026-05-19 23:04:16.667310,Target,0,4.46
6789,973,115,2026-05-25 18:22:54.667312,Amazon,0,2.3
6790,834,5,2026-05-24 08:48:45.667314,BestBuy,0,0.1
6791,805,161,2026-05-21 13:29:41.667316,Amazon,0,3.22
6792,945,198,2026-05-25 12:49:39.667318,Amazon,0,3.96
6793,742,270,2026-05-22 22:21:15.667320,Target,0,5.4
6794,834,125,2026-05-19 08:20:57.667322,Amazon,0,2.5
6795,804,155,2026-05-20 09:59:11.667324,Amazon,0,3.1
6796,438,89,2026-05-19 08:57:34.667326,Target,0,1.78
6797,538,28,2026-05-23 21:15:34.667328,Target,0,0.56
6798,587,22,2026-05-20 19:24:56.667330,Target,0,0.44
6799,968,139,2026-05-21 07:53:47.667332,Walmart,0,2.78
6800,876,59,2026-05-24 07:21:48.667334,BestBuy,0,1.18
6801,936,37,2026-05-25 06:05:01.667336,Walmart,0,0.74
6802,811,66,2026-05-20 09:07:57.667338,Target,0,1.32
6803,150,18,2026-05-21 17:21:09.667340,BestBuy,0,0.36
6804,660,399,2026-05-22 19:15:07.667342,Amazon,0,7.98
6805,8,75,2026-05-25 09:12:03.667344,BestBuy,0,1.5
6806,29,51,2026-05-22 20:19:24.667346,Target,0,1.02
6807,296,68,2026-05-25 06:36:37.667348,Walmart,0,1.36
6808,986,84,2026-05-23 19:43:25.667350,BestBuy,0,1.68
6809,926,124,2026-05-20 22:52:28.667352,Amazon,0,2.48
6810,721,66,2026-05-19 18:59:42.667354,Walmart,0,1.32
6811,640,212,2026-05-23 00:51:33.667356,Walmart,0,4.24
6812,340,98,2026-05-20 21:00:08.667358,Walmart,0,1.96
6813,628,64,2026-05-24 01:13:53.667360,Walmart,0,1.28
6814,439,98,2026-05-19 23:50:13.667361,Amazon,0,1.96
6815,144,105,2026-05-19 22:12:24.667363,Target,0,2.1
6816,942,27,2026-05-21 02:33:35.667365,Amazon,0,0.54
6817,830,34,2026-05-23 00:18:13.667367,Target,0,0.68
6818,747,81,2026-05-24 11:00:35.667369,Target,0,1.62
6819,519,7,2026-05-21 07:40:42.667371,BestBuy,0,0.14
6820,976,145,2026-05-22 10:26:27.667373,Amazon,0,2.9
6821,45,68,2026-05-19 20:08:53.667375,Target,0,1.36
6822,955,96,2026-05-25 17:46:22.667377,Amazon,0,1.92
6823,239,183,2026-05-19 11:40:27.667379,Amazon,0,3.66
6824,952,50,2026-05-23 08:55:37.667381,Target,0,1.0
6825,944,138,2026-05-21 14:54:27.667383,Target,0,2.76
6826,155,59,2026-05-19 01:44:19.667385,Walmart,0,1.18
6827,181,150,2026-05-25 13:32:35.667387,BestBuy,0,3.0
6828,215,183,2026-05-23 01:48:34.667389,Target,0,3.66
6829,88,64,2026-05-20 22:15:09.667391,Target,0,1.28
6830,256,55,2026-05-20 09:06:19.667393,Target,0,1.1
6831,511,144,2026-05-23 12:13:03.667395,BestBuy,0,2.88
6832,73,56,2026-05-21 21:27:47.667397,Amazon,0,1.12
6833,931,16,2026-05-22 20:08:52.667399,Walmart,0,0.32
6834,179,177,2026-05-21 15:33:16.667401,Walmart,0,3.54
6835,212,57,2026-05-23 17:00:38.667403,Amazon,0,1.14
6836,805,153,2026-05-21 17:30:13.667405,BestBuy,0,3.06
6837,234,29,2026-05-23 17:06:11.667407,BestBuy,0,0.58
6838,465,126,2026-05-20 10:25:02.667409,Target,0,2.52
6839,751,144,2026-05-23 02:07:20.667411,BestBuy,0,2.88
6840,223,99,2026-05-22 22:57:13.667413,BestBuy,0,1.98
6841,631,113,2026-05-23 06:27:18.667414,Target,0,2.26
6842,825,51,2026-05-19 22:38:41.667416,Amazon,0,1.02
6843,264,249,2026-05-20 04:41:49.667419,Walmart,0,4.98
6844,207,139,2026-05-23 00:37:56.667420,Amazon,0,2.78
6845,607,76,2026-05-20 20:10:53.667422,Amazon,0,1.52
6846,885,184,2026-05-20 05:00:46.667424,Target,0,3.68
6847,734,44,2026-05-22 18:26:33.667426,Amazon,0,0.88
6848,366,46,2026-05-22 22:10:32.667428,BestBuy,0,0.92
6849,276,104,2026-05-24 08:47:47.667430,Amazon,0,2.08
6850,380,141,2026-05-25 06:17:59.667432,Amazon,0,2.82
6851,743,46,2026-05-21 18:10:45.667434,Target,0,0.92
6852,309,52,2026-05-19 00:03:45.667436,Target,0,1.04
6853,631,15,2026-05-23 21:20:56.667438,Walmart,0,0.3
6854,268,43,2026-05-24 04:29:53.667440,BestBuy,0,0.86
6855,945,204,2026-05-20 09:12:30.667442,BestBuy,1,40.8
6856,785,20,2026-05-23 06:16:16.667444,Walmart,0,0.4
6857,64,59,2026-05-20 20:49:51.667446,Walmart,0,1.18
6858,810,71,2026-05-24 03:05:26.667448,Target,0,1.42
6859,350,49,2026-05-22 14:58:07.667450,Walmart,0,0.98
6860,925,67,2026-05-24 01:05:51.667452,Amazon,0,1.34
6861,915,150,2026-05-25 18:51:16.667454,Walmart,0,3.0
6862,494,88,2026-05-19 21:13:50.667456,Amazon,0,1.76
6863,523,70,2026-05-21 22:50:40.667458,Walmart,0,1.4
6864,98,132,2026-05-24 12:01:11.667460,Target,0,2.64
6865,946,88,2026-05-24 05:23:16.667462,BestBuy,0,1.76
6866,71,160,2026-05-22 13:38:47.667464,Amazon,0,3.2
6867,364,46,2026-05-23 10:14:21.667466,BestBuy,0,0.92
6868,570,229,2026-05-20 05:55:08.667468,Amazon,0,4.58
6869,802,30,2026-05-24 23:07:33.667470,BestBuy,0,0.6
6870,763,35,2026-05-22 02:53:43.667472,Target,0,0.7
6871,276,84,2026-05-19 22:18:19.667474,Amazon,0,1.68
6872,50,9,2026-05-24 10:19:49.667476,Walmart,0,0.18
6873,358,113,2026-05-21 09:08:36.667478,Target,0,2.26
6874,728,40,2026-05-22 13:13:08.667480,BestBuy,0,0.8
6875,906,68,2026-05-21 00:40:51.667482,Amazon,0,1.36
6876,928,42,2026-05-19 14:35:56.667484,Target,0,0.84
6877,564,5,2026-05-19 21:49:46.667486,BestBuy,0,0.1
6878,783,89,2026-05-25 07:07:22.667488,Amazon,0,1.78
6879,485,306,2026-05-19 04:56:24.667490,Amazon,0,6.12
6880,84,64,2026-05-19 05:09:36.667493,Target,0,1.28
6881,899,105,2026-05-25 15:20:28.667495,BestBuy,0,2.1
6882,805,88,2026-05-20 15:48:25.667497,BestBuy,0,1.76
6883,638,123,2026-05-25 01:47:31.667498,Amazon,0,2.46
6884,808,4,2026-05-23 12:17:19.667501,BestBuy,0,0.08
6885,584,110,2026-05-19 03:46:19.667503,Walmart,0,2.2
6886,296,83,2026-05-25 06:34:38.667505,Walmart,0,1.66
6887,236,98,2026-05-21 09:52:46.667507,Amazon,0,1.96
6888,56,26,2026-05-24 10:28:18.667509,BestBuy,0,0.52
6889,919,148,2026-05-20 02:36:27.667510,Amazon,0,2.96
6890,360,39,2026-05-24 02:39:47.667512,Walmart,0,0.78
6891,907,69,2026-05-20 06:28:09.667514,Amazon,0,1.38
6892,110,78,2026-05-19 01:52:41.667516,Amazon,0,1.56
6893,192,109,2026-05-25 19:25:22.667518,Target,0,2.18
6894,904,77,2026-05-21 01:36:14.667520,Target,0,1.54
6895,93,153,2026-05-24 11:01:03.667522,Walmart,0,3.06
6896,862,40,2026-05-20 00:58:33.667524,BestBuy,0,0.8
6897,568,259,2026-05-24 23:01:08.667526,Walmart,0,5.18
6898,60,252,2026-05-24 13:08:09.667528,BestBuy,1,50.4
6899,650,121,2026-05-19 21:18:28.667530,BestBuy,0,2.42
6900,39,29,2026-05-25 02:25:00.667532,Target,0,0.58
6901,540,29,2026-05-24 18:09:23.667534,Target,0,0.58
6902,49,188,2026-05-20 20:27:39.667536,Walmart,0,3.76
6903,420,37,2026-05-25 06:37:33.667538,Walmart,0,0.74
6904,637,242,2026-05-21 23:38:18.667540,Walmart,0,4.84
6905,13,182,2026-05-22 05:19:39.667542,Target,0,3.64
6906,992,37,2026-05-21 10:50:59.667544,Target,0,0.74
6907,36,64,2026-05-20 23:36:06.667546,Amazon,0,1.28
6908,101,173,2026-05-22 20:40:40.667548,Walmart,0,3.46
6909,794,102,2026-05-25 10:30:26.667550,Amazon,0,2.04
6910,86,52,2026-05-19 23:24:10.667552,BestBuy,0,1.04
6911,516,127,2026-05-25 04:40:20.667553,Walmart,0,2.54
6912,223,171,2026-05-22 17:44:58.667555,Target,0,3.42
6913,338,16,2026-05-20 05:51:41.667557,Walmart,0,0.32
6914,960,144,2026-05-20 20:08:04.667560,Walmart,0,2.88
6915,166,164,2026-05-24 23:10:58.667562,Target,0,3.28
6916,383,10,2026-05-24 07:55:53.667564,Target,0,0.2
6917,856,72,2026-05-19 22:12:59.667566,BestBuy,0,1.44
6918,895,66,2026-05-20 15:48:40.667568,Walmart,0,1.32
6919,376,41,2026-05-20 17:23:05.667569,Walmart,0,0.82
6920,471,155,2026-05-24 16:49:01.667571,Walmart,0,3.1
6921,790,29,2026-05-23 19:43:49.667573,Walmart,0,0.58
6922,642,47,2026-05-22 21:07:50.667575,BestBuy,0,0.94
6923,31,183,2026-05-20 23:46:38.667577,Walmart,0,3.66
6924,375,82,2026-05-22 01:50:33.667579,BestBuy,0,1.64
6925,11,100,2026-05-19 01:49:55.667581,BestBuy,0,2.0
6926,988,22,2026-05-24 15:04:02.667583,Target,0,0.44
6927,302,26,2026-05-24 08:57:56.667585,Walmart,0,0.52
6928,96,103,2026-05-24 03:14:07.667587,Target,0,2.06
6929,190,36,2026-05-22 06:45:20.667589,BestBuy,0,0.72
6930,453,274,2026-05-24 13:33:57.667591,Amazon,0,5.48
6931,192,61,2026-05-25 01:51:15.667593,Amazon,0,1.22
6932,486,70,2026-05-20 10:48:48.667595,Walmart,0,1.4
6933,266,113,2026-05-19 21:33:03.667597,Amazon,0,2.26
6934,424,77,2026-05-20 05:35:45.667599,Target,0,1.54
6935,128,181,2026-05-23 14:51:01.667601,Amazon,0,3.62
6936,238,135,2026-05-19 13:12:36.667603,Amazon,0,2.7
6937,920,188,2026-05-22 23:09:15.667605,BestBuy,0,3.76
6938,355,121,2026-05-19 21:10:43.667607,Target,0,2.42
6939,940,137,2026-05-19 07:02:53.667609,Walmart,0,2.74
6940,112,54,2026-05-21 07:15:16.667611,Target,0,1.08
6941,828,93,2026-05-20 10:46:48.667613,Target,0,1.86
6942,446,150,2026-05-22 07:26:31.667615,Walmart,0,3.0
6943,343,102,2026-05-19 18:16:10.667617,Target,0,2.04
6944,145,60,2026-05-19 22:16:46.667619,BestBuy,0,1.2
6945,65,135,2026-05-25 07:40:02.667621,Walmart,0,2.7
6946,247,40,2026-05-18 23:03:15.667623,BestBuy,0,0.8
6947,735,77,2026-05-24 08:06:37.667625,Target,0,1.54
6948,991,159,2026-05-25 09:04:26.667627,Amazon,0,3.18
6949,490,310,2026-05-21 12:34:22.667629,Walmart,0,6.2
6950,825,14,2026-05-22 08:33:03.667632,Walmart,0,0.28
6951,439,155,2026-05-22 00:10:20.667634,Amazon,0,3.1
6952,106,159,2026-05-24 22:00:57.667636,Amazon,0,3.18
6953,181,51,2026-05-22 04:58:22.667638,Walmart,0,1.02
6954,184,39,2026-05-23 12:26:09.667640,Amazon,0,0.78
6955,226,34,2026-05-25 15:20:02.667642,BestBuy,0,0.68
6956,777,177,2026-05-19 06:53:37.667644,Target,0,3.54
6957,790,45,2026-05-25 08:14:21.667646,BestBuy,0,0.9
6958,909,18,2026-05-19 09:56:36.667648,Target,0,0.36
6959,89,112,2026-05-21 05:14:53.667650,Target,0,2.24
6960,688,77,2026-05-20 11:24:48.667651,Amazon,0,1.54
6961,530,68,2026-05-23 08:20:49.667654,Amazon,0,1.36
6962,371,8,2026-05-20 19:57:54.667655,BestBuy,0,0.16
6963,972,71,2026-05-20 11:59:49.667657,Amazon,0,1.42
6964,936,94,2026-05-23 06:32:10.667659,BestBuy,0,1.88
6965,913,85,2026-05-21 13:04:44.667661,Walmart,0,1.7
6966,399,22,2026-05-22 00:33:47.667663,BestBuy,0,0.44
6967,106,83,2026-05-21 19:23:13.667665,Target,0,1.66
6968,271,47,2026-05-24 16:10:22.667667,Walmart,0,0.94
6969,975,198,2026-05-24 20:21:04.667669,BestBuy,0,3.96
6970,831,65,2026-05-23 17:12:06.667671,BestBuy,0,1.3
6971,503,53,2026-05-21 17:22:02.667673,Walmart,0,1.06
6972,679,49,2026-05-23 11:39:25.667675,Walmart,0,0.98
6973,525,53,2026-05-23 12:30:08.667677,Target,0,1.06
6974,849,24,2026-05-25 22:09:13.667679,Target,0,0.48
6975,32,81,2026-05-22 03:01:48.667681,Target,0,1.62
6976,393,28,2026-05-22 10:10:33.667683,Amazon,0,0.56
6977,40,48,2026-05-24 05:06:33.667685,Target,0,0.96
6978,660,126,2026-05-23 07:51:40.667687,Amazon,0,2.52
6979,218,136,2026-05-19 04:15:17.667689,BestBuy,0,2.72
6980,731,74,2026-05-25 05:12:55.667691,BestBuy,0,1.48
6981,981,167,2026-05-24 05:00:45.667693,BestBuy,0,3.34
6982,82,84,2026-05-21 17:17:01.667695,Amazon,0,1.68
6983,845,191,2026-05-25 04:02:51.667697,BestBuy,0,3.82
6984,720,87,2026-05-24 05:56:30.667699,BestBuy,0,1.74
6985,201,37,2026-05-20 03:42:24.667701,Amazon,0,0.74
6986,447,291,2026-05-24 11:07:41.667703,Target,0,5.82
6987,844,43,2026-05-24 13:22:20.667705,Target,0,0.86
6988,428,156,2026-05-22 21:09:55.667707,Target,0,3.12
6989,38,139,2026-05-21 00:29:33.667709,Target,0,2.78
6990,211,95,2026-05-23 17:18:50.667711,Walmart,0,1.9
6991,444,47,2026-05-20 12:28:20.667713,BestBuy,0,0.94
6992,327,89,2026-05-19 18:09:59.667715,Target,0,1.78
6993,761,69,2026-05-21 23:17:54.667716,Target,0,1.38
6994,227,35,2026-05-24 16:37:18.667718,Target,0,0.7
6995,48,77,2026-05-25 10:29:32.667720,Target,0,1.54
6996,18,54,2026-05-25 01:23:32.667722,Target,0,1.08
6997,912,87,2026-05-24 08:15:56.667724,Walmart,0,1.74
6998,439,36,2026-05-23 20:54:31.667726,Walmart,0,0.72
6999,807,71,2026-05-21 10:19:03.667728,Amazon,0,1.42
7000,708,125,2026-05-23 07:11:15.667730,Amazon,0,2.5
7001,187,79,2026-05-24 08:41:43.667732,Target,0,1.58
7002,345,124,2026-05-24 16:06:09.667734,Amazon,0,2.48
7003,224,141,2026-05-19 06:57:16.667736,Walmart,0,2.82
7004,830,50,2026-05-21 19:39:18.667738,Target,0,1.0
7005,488,31,2026-05-22 02:42:48.667740,Amazon,0,0.62
7006,909,103,2026-05-19 10:52:49.667742,Amazon,0,2.06
7007,877,30,2026-05-24 15:08:03.667744,Walmart,0,0.6
7008,849,37,2026-05-25 13:15:42.667746,BestBuy,0,0.74
7009,229,87,2026-05-22 08:07:54.667748,Target,0,1.74
7010,390,88,2026-05-20 17:13:13.667750,Amazon,0,1.76
7011,979,47,2026-05-23 15:54:37.667752,Walmart,0,0.94
7012,589,53,2026-05-21 19:59:03.667754,Target,0,1.06
7013,188,71,2026-05-24 03:48:59.667756,Walmart,0,1.42
7014,858,223,2026-05-19 05:53:20.667758,Target,0,4.46
7015,270,30,2026-05-25 11:53:22.667760,BestBuy,0,0.6
7016,607,46,2026-05-20 13:11:28.667762,BestBuy,0,0.92
7017,310,63,2026-05-21 13:59:24.667764,Target,0,1.26
7018,132,145,2026-05-21 01:15:55.667766,Target,0,2.9
7019,551,86,2026-05-20 11:53:26.667768,Walmart,0,1.72
7020,72,143,2026-05-21 18:50:20.667770,Target,0,2.86
7021,793,134,2026-05-21 10:04:19.667771,Amazon,0,2.68
7022,845,339,2026-05-22 04:47:46.667773,Target,0,6.78
7023,672,69,2026-05-22 04:35:54.667775,Target,0,1.38
7024,187,113,2026-05-22 23:28:05.667777,BestBuy,0,2.26
7025,486,50,2026-05-20 01:14:42.667779,BestBuy,0,1.0
7026,191,172,2026-05-20 01:37:10.667781,Walmart,0,3.44
7027,422,171,2026-05-24 11:51:47.667784,Target,0,3.42
7028,120,57,2026-05-21 03:27:10.667785,Amazon,0,1.14
7029,220,74,2026-05-19 16:08:37.667787,Amazon,0,1.48
7030,53,132,2026-05-22 16:53:04.667789,Target,0,2.64
7031,734,135,2026-05-23 06:45:43.667791,Walmart,0,2.7
7032,451,30,2026-05-22 16:09:47.667793,Amazon,0,0.6
7033,412,25,2026-05-19 06:36:03.667795,Walmart,0,0.5
7034,643,128,2026-05-24 19:02:26.667798,Target,0,2.56
7035,237,382,2026-05-23 16:45:15.667800,Walmart,0,7.64
7036,758,34,2026-05-20 22:17:15.667802,Target,0,0.68
7037,738,163,2026-05-19 21:39:41.667804,BestBuy,0,3.26
7038,720,109,2026-05-20 18:08:11.667806,Target,0,2.18
7039,406,53,2026-05-24 07:40:16.667807,Walmart,0,1.06
7040,608,91,2026-05-21 06:26:23.667809,Amazon,0,1.82
7041,422,63,2026-05-21 05:35:27.667811,Target,0,1.26
7042,712,81,2026-05-20 18:50:33.667813,Target,0,1.62
7043,247,153,2026-05-21 12:38:49.667815,Target,0,3.06
7044,72,131,2026-05-25 13:55:04.667817,BestBuy,0,2.62
7045,830,137,2026-05-23 20:45:40.667819,BestBuy,0,2.74
7046,185,76,2026-05-24 23:43:35.667821,BestBuy,0,1.52
7047,6,105,2026-05-21 01:49:15.667823,Amazon,0,2.1
7048,206,299,2026-05-23 21:04:11.667825,Amazon,0,5.98
7049,544,54,2026-05-21 05:08:00.667827,Target,0,1.08
7050,611,91,2026-05-25 15:34:07.667829,Amazon,0,1.82
7051,906,116,2026-05-21 10:20:32.667831,Walmart,0,2.32
7052,387,27,2026-05-21 22:01:54.667833,Walmart,0,0.54
7053,768,94,2026-05-20 17:20:05.667835,BestBuy,0,1.88
7054,699,133,2026-05-24 22:37:25.667837,Walmart,0,2.66
7055,76,48,2026-05-20 18:29:27.667839,Walmart,0,0.96
7056,177,157,2026-05-23 21:13:52.667841,Target,0,3.14
7057,827,76,2026-05-24 06:42:29.667843,BestBuy,0,1.52
7058,799,88,2026-05-20 22:30:22.667845,BestBuy,0,1.76
7059,349,53,2026-05-22 16:53:03.667847,BestBuy,0,1.06
7060,255,148,2026-05-20 03:53:57.667849,Walmart,0,2.96
7061,837,40,2026-05-19 15:29:41.667851,Amazon,0,0.8
7062,702,65,2026-05-19 17:12:35.667853,Target,0,1.3
7063,308,64,2026-05-19 09:35:00.667855,Amazon,0,1.28
7064,345,106,2026-05-21 16:39:20.667857,BestBuy,0,2.12
7065,127,340,2026-05-24 19:32:31.667859,BestBuy,1,68.0
7066,937,58,2026-05-24 01:24:49.667861,Walmart,0,1.16
7067,287,47,2026-05-25 15:10:39.667863,Target,0,0.94
7068,766,116,2026-05-25 06:16:59.667865,Target,0,2.32
7069,725,68,2026-05-21 11:11:01.667867,Target,0,1.36
7070,762,45,2026-05-21 19:40:56.667869,Walmart,0,0.9
7071,596,55,2026-05-25 07:03:51.667871,Amazon,0,1.1
7072,487,113,2026-05-19 21:30:10.667873,Target,0,2.26
7073,383,214,2026-05-22 11:05:01.667875,Amazon,0,4.28
7074,406,125,2026-05-22 00:38:01.667877,Walmart,0,2.5
7075,388,15,2026-05-25 17:53:44.667879,Walmart,0,0.3
7076,525,74,2026-05-21 22:49:13.667881,Amazon,0,1.48
7077,557,40,2026-05-25 13:54:27.667883,Target,0,0.8
7078,639,152,2026-05-24 16:36:04.667885,Amazon,0,3.04
7079,938,86,2026-05-25 09:57:31.667887,Target,0,1.72
7080,626,48,2026-05-19 17:29:20.667889,BestBuy,0,0.96
7081,945,102,2026-05-20 02:34:56.667891,BestBuy,0,2.04
7082,276,90,2026-05-21 16:34:09.667892,Target,0,1.8
7083,500,31,2026-05-23 06:03:42.667894,Amazon,0,0.62
7084,717,41,2026-05-19 22:09:08.667896,Target,0,0.82
7085,337,146,2026-05-25 21:23:02.667898,Target,0,2.92
7086,950,157,2026-05-20 00:05:50.667900,Target,0,3.14
7087,932,135,2026-05-20 23:28:33.667902,BestBuy,0,2.7
7088,481,40,2026-05-21 06:17:17.667905,Walmart,0,0.8
7089,897,44,2026-05-25 07:00:58.667907,BestBuy,0,0.88
7090,911,75,2026-05-23 06:41:51.667909,Target,0,1.5
7091,973,101,2026-05-21 18:33:34.667910,Amazon,0,2.02
7092,273,165,2026-05-20 13:13:58.667912,Walmart,0,3.3
7093,920,143,2026-05-24 12:24:04.667914,Target,0,2.86
7094,58,95,2026-05-23 18:58:33.667916,Walmart,0,1.9
7095,328,146,2026-05-25 09:52:08.667918,Amazon,0,2.92
7096,731,73,2026-05-24 03:18:15.667920,Walmart,0,1.46
7097,109,156,2026-05-24 00:11:53.667922,Walmart,0,3.12
7098,279,95,2026-05-20 05:57:41.667924,Target,0,1.9
7099,686,48,2026-05-24 20:19:42.667926,Amazon,0,0.96
7100,328,24,2026-05-23 13:06:33.667928,Amazon,0,0.48
7101,776,147,2026-05-21 20:24:22.667930,BestBuy,0,2.94
7102,315,5,2026-05-25 01:22:54.667932,Walmart,0,0.1
7103,474,110,2026-05-19 00:40:16.667934,Target,0,2.2
7104,111,47,2026-05-21 21:39:50.667936,Walmart,0,0.94
7105,699,43,2026-05-23 12:26:18.667938,Walmart,0,0.86
7106,781,84,2026-05-19 18:18:35.667940,Walmart,0,1.68
7107,935,82,2026-05-25 09:21:22.667942,Target,0,1.64
7108,229,167,2026-05-21 08:11:36.667944,Walmart,0,3.34
7109,497,105,2026-05-21 15:23:56.667946,Target,0,2.1
7110,156,65,2026-05-25 00:58:59.667948,Amazon,0,1.3
7111,473,191,2026-05-20 21:02:01.667950,Walmart,0,3.82
7112,701,42,2026-05-24 18:15:38.667952,BestBuy,0,0.84
7113,272,21,2026-05-20 17:43:27.667954,Amazon,0,0.42
7114,887,89,2026-05-19 20:35:44.667956,BestBuy,0,1.78
7115,2,51,2026-05-23 11:02:35.667958,Walmart,0,1.02
7116,758,95,2026-05-19 09:46:38.667959,Amazon,0,1.9
7117,722,30,2026-05-25 14:48:59.667961,Target,0,0.6
7118,511,57,2026-05-24 18:07:09.667963,Walmart,0,1.14
7119,913,130,2026-05-24 19:32:40.667966,Walmart,0,2.6
7120,286,154,2026-05-24 16:29:36.667968,Target,0,3.08
7121,871,177,2026-05-19 21:30:51.667969,BestBuy,0,3.54
7122,13,37,2026-05-25 11:51:51.667971,Amazon,0,0.74
7123,608,143,2026-05-25 04:46:55.667973,Amazon,0,2.86
7124,498,79,2026-05-22 09:08:03.667975,Target,0,1.58
7125,733,65,2026-05-19 14:22:08.667977,Amazon,0,1.3
7126,238,119,2026-05-19 04:54:27.667979,Target,0,2.38
7127,94,151,2026-05-20 09:12:15.667981,BestBuy,0,3.02
7128,338,29,2026-05-21 07:27:21.667983,BestBuy,0,0.58
7129,781,76,2026-05-25 18:44:04.667985,Amazon,0,1.52
7130,171,45,2026-05-22 19:56:29.667987,Target,0,0.9
7131,981,128,2026-05-21 06:35:29.667989,Target,0,2.56
7132,606,94,2026-05-23 16:17:43.667991,Target,0,1.88
7133,661,121,2026-05-24 11:40:12.667993,Target,0,2.42
7134,624,113,2026-05-24 16:12:47.667995,Amazon,0,2.26
7135,567,52,2026-05-19 18:46:57.667996,Walmart,0,1.04
7136,849,20,2026-05-21 08:32:40.667998,Amazon,0,0.4
7137,936,99,2026-05-24 18:21:05.668000,Target,0,1.98
7138,467,105,2026-05-21 03:47:18.668002,Walmart,0,2.1
7139,628,100,2026-05-23 11:24:37.668004,Walmart,0,2.0
7140,143,214,2026-05-22 18:07:32.668006,Amazon,0,4.28
7141,201,142,2026-05-21 21:08:02.668008,Target,0,2.84
7142,180,95,2026-05-24 13:21:55.668010,Target,0,1.9
7143,714,85,2026-05-19 05:44:05.668012,Target,0,1.7
7144,364,191,2026-05-25 21:37:01.668014,Target,0,3.82
7145,479,107,2026-05-25 19:51:52.668016,Target,0,2.14
7146,565,64,2026-05-23 00:48:33.668018,Walmart,0,1.28
7147,471,142,2026-05-22 20:03:56.668020,Amazon,0,2.84
7148,384,43,2026-05-24 03:29:43.668022,Amazon,0,0.86
7149,692,22,2026-05-20 19:16:07.668024,BestBuy,0,0.44
7150,926,109,2026-05-24 17:25:07.668026,Amazon,0,2.18
7151,417,69,2026-05-19 09:03:30.668028,Walmart,0,1.38
7152,825,45,2026-05-22 10:43:26.668030,BestBuy,0,0.9
7153,308,34,2026-05-24 19:21:07.668032,Walmart,0,0.68
7154,649,34,2026-05-19 04:41:19.668034,Amazon,0,0.68
7155,694,122,2026-05-19 05:22:20.668036,Walmart,0,2.44
7156,367,22,2026-05-25 10:12:18.668038,Walmart,0,0.44
7157,1,134,2026-05-25 07:14:54.668040,Amazon,0,2.68
7158,44,75,2026-05-20 17:03:33.668042,Walmart,0,1.5
7159,739,36,2026-05-22 20:56:32.668044,BestBuy,0,0.72
7160,843,237,2026-05-24 20:13:19.668045,BestBuy,1,47.4
7161,98,57,2026-05-19 06:18:09.668048,Target,0,1.14
7162,720,73,2026-05-20 21:08:23.668050,BestBuy,0,1.46
7163,265,182,2026-05-23 15:23:16.668052,BestBuy,0,3.64
7164,800,51,2026-05-22 07:16:49.668054,Amazon,0,1.02
7165,783,122,2026-05-25 15:59:21.668056,BestBuy,0,2.44
7166,140,266,2026-05-21 14:27:41.668058,Amazon,0,5.32
7167,481,157,2026-05-23 00:19:31.668060,BestBuy,0,3.14
7168,237,5,2026-05-24 13:32:27.668062,Amazon,0,0.1
7169,974,198,2026-05-22 01:19:40.668064,Amazon,0,3.96
7170,953,33,2026-05-22 06:09:01.668066,Walmart,0,0.66
7171,904,207,2026-05-24 07:06:56.668068,BestBuy,1,41.4
7172,72,92,2026-05-22 15:52:52.668070,Amazon,0,1.84
7173,667,100,2026-05-21 00:29:23.668071,BestBuy,0,2.0
7174,190,175,2026-05-25 12:43:17.668073,Target,0,3.5
7175,268,87,2026-05-25 20:22:39.668075,Walmart,0,1.74
7176,321,35,2026-05-20 21:10:55.668077,Walmart,0,0.7
7177,107,47,2026-05-22 21:03:43.668079,Amazon,0,0.94
7178,232,27,2026-05-25 11:52:31.668081,BestBuy,0,0.54
7179,42,88,2026-05-18 23:18:49.668083,Walmart,0,1.76
7180,702,47,2026-05-24 19:21:07.668085,Walmart,0,0.94
7181,883,62,2026-05-22 08:56:13.668087,Walmart,0,1.24
7182,139,109,2026-05-21 17:02:14.668089,Amazon,0,2.18
7183,615,194,2026-05-21 09:16:15.668091,Target,0,3.88
7184,683,224,2026-05-23 23:47:31.668093,Amazon,0,4.48
7185,863,198,2026-05-22 16:21:19.668095,Target,0,3.96
7186,273,28,2026-05-25 14:56:39.668097,Walmart,0,0.56
7187,481,116,2026-05-24 04:25:41.668099,Target,0,2.32
7188,416,79,2026-05-22 17:40:43.668101,Amazon,0,1.58
7189,506,93,2026-05-24 07:00:59.668103,Amazon,0,1.86
7190,733,210,2026-05-20 23:40:19.668105,BestBuy,1,42.0
7191,725,246,2026-05-20 20:12:56.668107,BestBuy,1,49.2
7192,853,191,2026-05-20 19:22:58.668109,Amazon,0,3.82
7193,424,265,2026-05-22 16:25:33.668111,BestBuy,1,53.0
7194,407,31,2026-05-19 23:57:17.668113,Walmart,0,0.62
7195,568,129,2026-05-21 00:04:25.668115,Target,0,2.58
7196,390,102,2026-05-20 03:50:23.668117,Amazon,0,2.04
7197,342,58,2026-05-21 17:20:12.668119,Amazon,0,1.16
7198,946,111,2026-05-21 03:01:54.668121,BestBuy,0,2.22
7199,614,61,2026-05-24 15:18:36.668123,Amazon,0,1.22
7200,933,137,2026-05-19 08:57:20.668125,BestBuy,0,2.74
7201,493,36,2026-05-20 11:29:06.668127,Walmart,0,0.72
7202,192,62,2026-05-20 21:18:24.668129,Amazon,0,1.24
7203,499,68,2026-05-20 03:40:19.668131,Walmart,0,1.36
7204,822,53,2026-05-24 08:54:47.668133,Walmart,0,1.06
7205,712,145,2026-05-20 14:45:16.668135,Amazon,0,2.9
7206,233,89,2026-05-22 12:05:51.668137,BestBuy,0,1.78
7207,945,11,2026-05-23 19:23:41.668139,BestBuy,0,0.22
7208,227,107,2026-05-19 20:51:14.668141,Walmart,0,2.14
7209,371,51,2026-05-19 22:18:03.668143,BestBuy,0,1.02
7210,139,55,2026-05-25 05:27:17.668145,BestBuy,0,1.1
7211,856,169,2026-05-24 09:54:13.668147,Walmart,0,3.38
7212,817,50,2026-05-20 10:04:11.668149,Amazon,0,1.0
7213,149,202,2026-05-25 17:22:17.668151,Amazon,0,4.04
7214,115,62,2026-05-19 00:38:26.668153,Target,0,1.24
7215,450,36,2026-05-24 15:13:09.668155,Amazon,0,0.72
7216,63,43,2026-05-20 22:23:45.668157,BestBuy,0,0.86
7217,104,136,2026-05-20 09:38:32.668159,Target,0,2.72
7218,851,46,2026-05-24 00:15:08.668161,Target,0,0.92
7219,871,228,2026-05-24 12:44:53.668163,Target,0,4.56
7220,668,115,2026-05-23 05:47:53.668165,Amazon,0,2.3
7221,273,81,2026-05-24 01:56:13.668167,Target,0,1.62
7222,6,100,2026-05-24 00:37:23.668169,Target,0,2.0
7223,147,91,2026-05-19 18:01:30.668171,Target,0,1.82
7224,184,282,2026-05-21 09:07:28.668173,Amazon,0,5.64
7225,998,58,2026-05-23 09:11:25.668175,Amazon,0,1.16
7226,28,159,2026-05-24 05:55:47.668177,Amazon,0,3.18
7227,962,46,2026-05-21 05:39:35.668179,Amazon,0,0.92
7228,550,164,2026-05-20 00:10:21.668181,Walmart,0,3.28
7229,119,18,2026-05-19 19:30:37.668183,Amazon,0,0.36
7230,293,123,2026-05-19 00:48:36.668185,BestBuy,0,2.46
7231,371,245,2026-05-24 11:31:13.668187,Target,0,4.9
7232,244,62,2026-05-23 13:56:31.668189,Amazon,0,1.24
7233,580,78,2026-05-23 02:16:05.668191,BestBuy,0,1.56
7234,726,66,2026-05-20 01:23:33.668193,BestBuy,0,1.32
7235,218,173,2026-05-22 09:53:11.668195,BestBuy,0,3.46
7236,177,38,2026-05-19 13:11:43.668197,Walmart,0,0.76
7237,299,168,2026-05-23 12:05:43.668199,Walmart,0,3.36
7238,676,11,2026-05-24 17:14:32.668201,Walmart,0,0.22
7239,58,161,2026-05-20 05:22:25.668203,BestBuy,0,3.22
7240,269,42,2026-05-25 14:27:01.668205,Amazon,0,0.84
7241,308,31,2026-05-20 02:40:42.668207,BestBuy,0,0.62
7242,570,86,2026-05-19 17:14:04.668209,Walmart,0,1.72
7243,288,283,2026-05-20 04:31:10.668210,Walmart,0,5.66
7244,977,24,2026-05-21 21:07:47.668212,Walmart,0,0.48
7245,105,211,2026-05-20 05:32:36.668214,Amazon,0,4.22
7246,228,67,2026-05-23 20:48:32.668216,BestBuy,0,1.34
7247,247,88,2026-05-21 07:35:17.668218,Walmart,0,1.76
7248,700,49,2026-05-21 09:20:39.668220,BestBuy,0,0.98
7249,494,142,2026-05-20 02:56:11.668222,BestBuy,0,2.84
7250,83,20,2026-05-22 15:16:53.668224,Walmart,0,0.4
7251,186,59,2026-05-22 23:38:29.668226,Target,0,1.18
7252,252,87,2026-05-23 12:23:39.668228,Target,0,1.74
7253,355,153,2026-05-20 03:54:11.668230,Target,0,3.06
7254,750,72,2026-05-20 07:20:31.668232,Walmart,0,1.44
7255,872,92,2026-05-20 13:41:19.668234,BestBuy,0,1.84
7256,696,25,2026-05-21 00:06:23.668236,Target,0,0.5
7257,796,76,2026-05-20 16:03:44.668238,Amazon,0,1.52
7258,897,259,2026-05-21 05:38:18.668240,Target,0,5.18
7259,938,195,2026-05-23 14:33:44.668242,Amazon,0,3.9
7260,210,121,2026-05-19 22:31:05.668244,Target,0,2.42
7261,816,132,2026-05-24 05:52:05.668246,Target,0,2.64
7262,808,200,2026-05-19 00:01:54.668248,Target,0,4.0
7263,609,37,2026-05-23 20:41:04.668250,Amazon,0,0.74
7264,447,30,2026-05-23 03:48:30.668252,Amazon,0,0.6
7265,460,251,2026-05-22 19:52:13.668254,Target,0,5.02
7266,968,63,2026-05-23 02:48:38.668256,Amazon,0,1.26
7267,472,82,2026-05-23 01:50:20.668258,BestBuy,0,1.64
7268,720,113,2026-05-25 16:08:30.668260,Target,0,2.26
7269,370,120,2026-05-22 12:57:20.668262,BestBuy,0,2.4
7270,900,52,2026-05-22 17:07:59.668264,Walmart,0,1.04
7271,934,17,2026-05-21 17:27:08.668266,Walmart,0,0.34
7272,492,76,2026-05-24 05:24:08.668267,Walmart,0,1.52
7273,923,68,2026-05-19 19:52:35.668269,BestBuy,0,1.36
7274,137,97,2026-05-21 05:41:55.668271,Amazon,0,1.94
7275,367,53,2026-05-23 09:32:54.668274,Walmart,0,1.06
7276,912,48,2026-05-24 01:58:18.668276,Target,0,0.96
7277,184,50,2026-05-20 20:48:13.668277,Target,0,1.0
7278,588,131,2026-05-21 19:09:06.668279,Amazon,0,2.62
7279,287,133,2026-05-20 05:38:54.668281,Target,0,2.66
7280,472,93,2026-05-22 07:04:35.668283,BestBuy,0,1.86
7281,375,78,2026-05-23 18:59:45.668285,Walmart,0,1.56
7282,654,136,2026-05-22 01:20:53.668287,BestBuy,0,2.72
7283,749,60,2026-05-19 20:45:20.668289,Target,0,1.2
7284,537,233,2026-05-22 12:47:26.668291,BestBuy,1,46.6
7285,511,25,2026-05-20 04:44:27.668293,Amazon,0,0.5
7286,802,148,2026-05-22 15:47:58.668295,BestBuy,0,2.96
7287,579,97,2026-05-24 05:36:19.668297,Target,0,1.94
7288,250,38,2026-05-24 18:52:53.668299,Target,0,0.76
7289,920,11,2026-05-24 23:43:03.668301,Walmart,0,0.22
7290,510,153,2026-05-20 13:15:06.668304,BestBuy,0,3.06
7291,630,31,2026-05-19 20:18:07.668306,Amazon,0,0.62
7292,73,186,2026-05-21 14:53:53.668308,Walmart,0,3.72
7293,282,45,2026-05-24 17:31:03.668313,Target,0,0.9
7294,916,91,2026-05-25 00:18:51.668316,BestBuy,0,1.82
7295,960,82,2026-05-24 14:04:09.668318,Amazon,0,1.64
7296,360,83,2026-05-20 07:16:11.668320,Target,0,1.66
7297,10,57,2026-05-24 03:41:32.668322,Target,0,1.14
7298,211,98,2026-05-21 22:09:22.668324,Walmart,0,1.96
7299,835,77,2026-05-23 02:48:40.668326,Target,0,1.54
7300,152,53,2026-05-24 00:45:05.668328,Amazon,0,1.06
7301,5,84,2026-05-24 07:54:15.668330,Amazon,0,1.68
7302,195,194,2026-05-21 20:24:22.668332,Walmart,0,3.88
7303,954,46,2026-05-22 02:55:26.668334,Walmart,0,0.92
7304,283,84,2026-05-23 18:33:00.668336,Amazon,0,1.68
7305,464,190,2026-05-24 10:58:31.668338,Walmart,0,3.8
7306,113,130,2026-05-24 10:03:29.668340,Target,0,2.6
7307,271,78,2026-05-21 20:47:12.668342,Amazon,0,1.56
7308,163,105,2026-05-19 00:56:01.668344,Walmart,0,2.1
7309,460,17,2026-05-22 16:22:22.668346,Amazon,0,0.34
7310,105,62,2026-05-22 04:45:40.668348,Target,0,1.24
7311,693,17,2026-05-19 21:19:03.668350,Walmart,0,0.34
7312,556,31,2026-05-25 22:55:45.668352,Amazon,0,0.62
7313,282,85,2026-05-25 19:50:40.668354,Target,0,1.7
7314,687,73,2026-05-22 12:23:22.668356,Walmart,0,1.46
7315,162,90,2026-05-21 17:52:01.668358,Amazon,0,1.8
7316,983,52,2026-05-24 02:45:24.668360,Target,0,1.04
7317,351,56,2026-05-20 03:33:53.668362,Target,0,1.12
7318,434,148,2026-05-21 15:07:51.668364,Target,0,2.96
7319,852,80,2026-05-19 06:32:24.668366,BestBuy,0,1.6
7320,140,357,2026-05-25 08:36:29.668368,Target,0,7.14
7321,471,77,2026-05-24 04:20:38.668370,Target,0,1.54
7322,132,45,2026-05-22 12:21:35.668372,Walmart,0,0.9
7323,87,37,2026-05-19 02:27:00.668374,BestBuy,0,0.74
7324,688,134,2026-05-23 01:18:17.668376,Target,0,2.68
7325,183,71,2026-05-24 11:40:59.668378,Walmart,0,1.42
7326,368,259,2026-05-21 20:36:52.668380,Walmart,0,5.18
7327,129,39,2026-05-20 20:53:12.668382,Amazon,0,0.78
7328,246,166,2026-05-24 13:27:26.668383,Amazon,0,3.32
7329,601,216,2026-05-25 10:44:24.668385,BestBuy,1,43.2
7330,578,127,2026-05-22 17:47:49.668387,Walmart,0,2.54
7331,670,58,2026-05-22 10:53:12.668389,Target,0,1.16
7332,899,104,2026-05-22 15:37:33.668391,Target,0,2.08
7333,378,34,2026-05-20 19:06:58.668393,Walmart,0,0.68
7334,149,108,2026-05-22 09:06:20.668395,BestBuy,0,2.16
7335,985,28,2026-05-24 13:35:22.668397,Target,0,0.56
7336,852,272,2026-05-19 18:47:25.668399,BestBuy,1,54.4
7337,433,421,2026-05-23 06:47:09.668401,Walmart,0,8.42
7338,628,54,2026-05-25 06:04:03.668403,BestBuy,0,1.08
7339,726,79,2026-05-19 03:08:04.668405,Amazon,0,1.58
7340,469,244,2026-05-19 09:22:06.668407,BestBuy,1,48.8
7341,446,43,2026-05-23 04:54:31.668409,BestBuy,0,0.86
7342,481,157,2026-05-22 22:26:42.668411,Target,0,3.14
7343,884,111,2026-05-19 14:57:16.668413,BestBuy,0,2.22
7344,294,27,2026-05-24 16:39:18.668415,Target,0,0.54
7345,765,158,2026-05-24 21:20:57.668417,Target,0,3.16
7346,143,76,2026-05-20 09:48:15.668418,Amazon,0,1.52
7347,250,83,2026-05-19 19:30:16.668420,Target,0,1.66
7348,878,8,2026-05-21 02:30:23.668422,Walmart,0,0.16
7349,948,86,2026-05-22 20:40:03.668424,Target,0,1.72
7350,975,199,2026-05-19 12:52:58.668426,Walmart,0,3.98
7351,302,172,2026-05-21 22:51:17.668428,Target,0,3.44
7352,25,26,2026-05-25 18:07:00.668430,Walmart,0,0.52
7353,789,114,2026-05-22 18:14:36.668432,Amazon,0,2.28
7354,984,222,2026-05-19 11:33:45.668434,BestBuy,1,44.4
7355,889,109,2026-05-22 05:55:09.668436,Target,0,2.18
7356,890,13,2026-05-19 21:12:52.668438,Amazon,0,0.26
7357,901,77,2026-05-19 23:17:02.668440,Amazon,0,1.54
7358,70,191,2026-05-24 23:42:35.668442,Target,0,3.82
7359,625,90,2026-05-24 15:29:48.668444,Target,0,1.8
7360,875,84,2026-05-22 08:20:44.668446,Walmart,0,1.68
7361,112,65,2026-05-22 06:34:54.668448,Target,0,1.3
7362,364,164,2026-05-24 03:06:52.668450,Target,0,3.28
7363,303,106,2026-05-23 16:06:45.668452,Walmart,0,2.12
7364,471,57,2026-05-24 21:21:39.668454,Walmart,0,1.14
7365,964,73,2026-05-22 14:40:08.668456,Target,0,1.46
7366,91,311,2026-05-20 03:56:31.668458,Target,0,6.22
7367,530,40,2026-05-25 10:40:50.668460,Target,0,0.8
7368,661,26,2026-05-23 17:37:15.668462,BestBuy,0,0.52
7369,988,5,2026-05-21 14:21:55.668464,BestBuy,0,0.1
7370,739,15,2026-05-21 16:27:58.668466,Amazon,0,0.3
7371,726,78,2026-05-19 14:25:19.668468,Amazon,0,1.56
7372,872,160,2026-05-22 03:32:52.668470,Target,0,3.2
7373,663,254,2026-05-20 04:54:24.668471,Walmart,0,5.08
7374,192,63,2026-05-20 02:14:24.668474,Target,0,1.26
7375,963,69,2026-05-25 05:08:58.668476,Target,0,1.38
7376,552,117,2026-05-23 13:16:53.668477,Amazon,0,2.34
7377,242,67,2026-05-25 14:51:47.668479,Target,0,1.34
7378,138,92,2026-05-22 06:23:09.668481,Target,0,1.84
7379,345,106,2026-05-25 00:15:06.668483,Amazon,0,2.12
7380,180,164,2026-05-22 12:44:59.668485,Amazon,0,3.28
7381,712,37,2026-05-25 04:26:50.668487,Walmart,0,0.74
7382,503,72,2026-05-23 18:19:01.668489,Walmart,0,1.44
7383,203,166,2026-05-24 11:12:20.668491,Walmart,0,3.32
7384,573,53,2026-05-24 08:26:34.668493,BestBuy,0,1.06
7385,192,52,2026-05-19 18:42:37.668495,BestBuy,0,1.04
7386,5,18,2026-05-20 21:29:15.668497,Target,0,0.36
7387,890,107,2026-05-22 21:41:59.668499,Walmart,0,2.14
7388,237,111,2026-05-18 23:33:23.668501,Amazon,0,2.22
7389,693,42,2026-05-25 02:28:08.668503,Walmart,0,0.84
7390,311,6,2026-05-24 22:37:23.668505,Target,0,0.12
7391,549,80,2026-05-22 12:56:13.668507,BestBuy,0,1.6
7392,56,364,2026-05-20 08:53:28.668509,BestBuy,1,72.8
7393,443,148,2026-05-25 02:04:09.668511,Target,0,2.96
7394,237,77,2026-05-19 23:49:12.668513,Walmart,0,1.54
7395,870,100,2026-05-23 05:31:40.668515,Target,0,2.0
7396,861,66,2026-05-23 02:33:19.668517,Target,0,1.32
7397,197,21,2026-05-23 20:44:27.668519,BestBuy,0,0.42
7398,585,72,2026-05-24 02:24:59.668521,BestBuy,0,1.44
7399,571,60,2026-05-25 02:37:53.668523,BestBuy,0,1.2
7400,752,59,2026-05-24 18:56:43.668525,Target,0,1.18
7401,514,47,2026-05-19 22:44:26.668527,Walmart,0,0.94
7402,449,60,2026-05-23 09:56:18.668529,Target,0,1.2
7403,360,23,2026-05-24 21:23:02.668531,Walmart,0,0.46
7404,700,33,2026-05-23 16:32:01.668533,Walmart,0,0.66
7405,819,162,2026-05-20 08:04:29.668535,Target,0,3.24
7406,30,165,2026-05-22 09:34:53.668537,Walmart,0,3.3
7407,779,191,2026-05-21 11:47:30.668538,Walmart,0,3.82
7408,988,13,2026-05-20 19:15:25.668540,Target,0,0.26
7409,108,14,2026-05-23 01:40:56.668542,BestBuy,0,0.28
7410,844,114,2026-05-25 13:28:00.668544,Target,0,2.28
7411,935,72,2026-05-21 05:14:46.668546,BestBuy,0,1.44
7412,602,147,2026-05-23 10:24:55.668548,Walmart,0,2.94
7413,717,65,2026-05-23 14:56:43.668550,BestBuy,0,1.3
7414,891,74,2026-05-23 00:14:40.668552,BestBuy,0,1.48
7415,968,20,2026-05-24 15:35:46.668554,Amazon,0,0.4
7416,959,34,2026-05-22 16:26:57.668556,Amazon,0,0.68
7417,960,92,2026-05-22 07:00:31.668558,BestBuy,0,1.84
7418,445,149,2026-05-19 13:24:36.668560,Amazon,0,2.98
7419,893,274,2026-05-21 09:07:27.668562,BestBuy,1,54.8
7420,438,81,2026-05-25 18:23:12.668564,Amazon,0,1.62
7421,732,70,2026-05-21 21:04:38.668566,Walmart,0,1.4
7422,890,121,2026-05-22 01:27:32.668568,Target,0,2.42
7423,606,162,2026-05-25 19:33:49.668570,Amazon,0,3.24
7424,457,58,2026-05-20 18:50:49.668572,Target,0,1.16
7425,615,90,2026-05-20 02:13:15.668574,Amazon,0,1.8
7426,735,79,2026-05-20 21:51:12.668576,BestBuy,0,1.58
7427,698,25,2026-05-18 23:49:13.668578,Amazon,0,0.5
7428,981,67,2026-05-25 09:58:15.668580,Amazon,0,1.34
7429,696,22,2026-05-22 22:17:06.668582,Target,0,0.44
7430,495,52,2026-05-19 09:35:19.668584,Target,0,1.04
7431,674,23,2026-05-21 02:58:35.668586,Amazon,0,0.46
7432,247,8,2026-05-23 03:25:02.668588,Target,0,0.16
7433,543,84,2026-05-25 06:06:35.668590,Amazon,0,1.68
7434,564,59,2026-05-20 13:56:14.668592,BestBuy,0,1.18
7435,857,21,2026-05-21 17:06:48.668594,BestBuy,0,0.42
7436,588,6,2026-05-22 05:15:43.668596,Walmart,0,0.12
7437,897,40,2026-05-25 08:51:51.668597,Target,0,0.8
7438,439,171,2026-05-23 10:37:20.668600,Amazon,0,3.42
7439,278,42,2026-05-19 22:15:57.668602,BestBuy,0,0.84
7440,552,2,2026-05-24 00:52:56.668604,Walmart,0,0.04
7441,613,130,2026-05-20 07:32:34.668605,Walmart,0,2.6
7442,111,36,2026-05-22 10:33:15.668607,Amazon,0,0.72
7443,385,38,2026-05-24 13:00:35.668609,Walmart,0,0.76
7444,833,21,2026-05-20 19:47:32.668611,Walmart,0,0.42
7445,761,20,2026-05-23 07:55:02.668613,Amazon,0,0.4
7446,191,56,2026-05-20 07:31:30.668615,Walmart,0,1.12
7447,490,48,2026-05-23 11:40:59.668617,Walmart,0,0.96
7448,694,120,2026-05-21 18:15:14.668619,Amazon,0,2.4
7449,426,47,2026-05-22 10:07:33.668621,Amazon,0,0.94
7450,405,151,2026-05-25 09:09:27.668623,BestBuy,0,3.02
7451,335,104,2026-05-22 02:25:57.668625,Walmart,0,2.08
7452,209,225,2026-05-20 20:40:38.668627,BestBuy,1,45.0
7453,22,74,2026-05-22 19:19:48.668629,BestBuy,0,1.48
7454,678,265,2026-05-22 06:43:55.668631,Target,0,5.3
7455,611,33,2026-05-25 18:26:05.668633,Amazon,0,0.66
7456,208,39,2026-05-20 04:14:14.668635,Target,0,0.78
7457,8,94,2026-05-21 07:08:58.668637,Amazon,0,1.88
7458,702,57,2026-05-21 07:40:30.668639,Target,0,1.14
7459,687,201,2026-05-25 17:10:11.668642,Amazon,0,4.02
7460,785,94,2026-05-23 00:18:31.668644,Walmart,0,1.88
7461,529,107,2026-05-23 01:18:42.668646,Walmart,0,2.14
7462,602,147,2026-05-19 12:43:39.668648,BestBuy,0,2.94
7463,653,108,2026-05-21 14:51:47.668650,Target,0,2.16
7464,657,130,2026-05-20 23:36:10.668652,BestBuy,0,2.6
7465,166,30,2026-05-24 13:00:35.668654,Target,0,0.6
7466,849,130,2026-05-23 02:38:36.668656,Amazon,0,2.6
7467,496,149,2026-05-20 19:00:56.668658,Amazon,0,2.98
7468,590,97,2026-05-20 22:19:53.668660,Target,0,1.94
7469,429,178,2026-05-20 12:05:57.668662,Target,0,3.56
7470,774,124,2026-05-24 05:47:34.668664,Walmart,0,2.48
7471,163,110,2026-05-24 11:04:22.668666,Target,0,2.2
7472,366,106,2026-05-25 04:43:24.668668,Walmart,0,2.12
7473,526,71,2026-05-19 23:22:02.668670,Target,0,1.42
7474,239,187,2026-05-20 18:59:43.668672,Walmart,0,3.74
7475,72,32,2026-05-19 07:00:51.668674,BestBuy,0,0.64
7476,445,78,2026-05-21 12:53:12.668676,Walmart,0,1.56
7477,655,101,2026-05-22 19:28:17.668678,BestBuy,0,2.02
7478,822,99,2026-05-22 06:33:46.668679,Walmart,0,1.98
7479,509,43,2026-05-18 23:05:21.668681,Amazon,0,0.86
7480,795,38,2026-05-23 10:17:23.668683,Walmart,0,0.76
7481,269,19,2026-05-24 15:03:12.668685,Target,0,0.38
7482,753,9,2026-05-19 04:36:23.668687,BestBuy,0,0.18
7483,415,53,2026-05-19 15:07:02.668689,Target,0,1.06
7484,245,70,2026-05-25 15:49:02.668691,Target,0,1.4
7485,675,46,2026-05-19 16:23:57.668693,Amazon,0,0.92
7486,60,98,2026-05-23 07:49:24.668695,Walmart,0,1.96
7487,6,137,2026-05-25 15:31:20.668697,Amazon,0,2.74
7488,709,121,2026-05-24 01:19:10.668699,Walmart,0,2.42
7489,982,149,2026-05-20 08:11:13.668701,Target,0,2.98
7490,570,73,2026-05-22 23:09:49.668703,Walmart,0,1.46
7491,817,28,2026-05-21 07:13:26.668705,Amazon,0,0.56
7492,407,9,2026-05-19 03:45:11.668707,BestBuy,0,0.18
7493,217,234,2026-05-25 19:49:48.668709,Amazon,0,4.68
7494,930,27,2026-05-23 19:58:46.668711,Amazon,0,0.54
7495,26,195,2026-05-22 16:35:16.668713,Amazon,0,3.9
7496,815,45,2026-05-23 02:31:03.668714,BestBuy,0,0.9
7497,5,63,2026-05-22 06:49:56.668716,Target,0,1.26
7498,986,64,2026-05-25 00:08:43.668718,Amazon,0,1.28
7499,532,142,2026-05-20 06:09:30.668720,Amazon,0,2.84
7500,390,20,2026-05-22 19:38:48.668722,Amazon,0,0.4
7501,710,320,2026-05-20 21:32:16.668724,BestBuy,1,64.0
7502,571,31,2026-05-21 02:26:37.668726,BestBuy,0,0.62
7503,448,119,2026-05-25 18:32:50.668728,BestBuy,0,2.38
7504,754,42,2026-05-25 03:11:53.668730,Target,0,0.84
7505,146,73,2026-05-21 22:42:08.668732,Walmart,0,1.46
7506,388,34,2026-05-24 05:32:37.668734,Target,0,0.68
7507,785,42,2026-05-22 02:50:12.668736,Target,0,0.84
7508,249,180,2026-05-19 09:57:16.668738,Target,0,3.6
7509,526,151,2026-05-25 04:15:19.668740,Walmart,0,3.02
7510,462,26,2026-05-23 17:04:32.668742,Amazon,0,0.52
7511,13,56,2026-05-21 21:54:38.668744,BestBuy,0,1.12
7512,903,103,2026-05-20 08:20:15.668746,Target,0,2.06
7513,384,62,2026-05-23 10:36:01.668748,BestBuy,0,1.24
7514,556,64,2026-05-22 23:48:35.668750,BestBuy,0,1.28
7515,887,110,2026-05-19 23:35:12.668752,BestBuy,0,2.2
7516,399,81,2026-05-23 20:25:05.668754,Amazon,0,1.62
7517,19,81,2026-05-24 04:34:10.668756,BestBuy,0,1.62
7518,575,34,2026-05-23 21:35:30.668758,BestBuy,0,0.68
7519,491,68,2026-05-20 01:47:13.668760,Amazon,0,1.36
7520,751,85,2026-05-20 11:51:44.668761,BestBuy,0,1.7
7521,419,84,2026-05-19 18:16:12.668763,Walmart,0,1.68
7522,337,158,2026-05-23 15:41:31.668765,Walmart,0,3.16
7523,419,84,2026-05-24 04:18:37.668767,Target,0,1.68
7524,915,163,2026-05-21 15:07:20.668769,Walmart,0,3.26
7525,916,118,2026-05-22 08:47:43.668771,Walmart,0,2.36
7526,612,21,2026-05-19 17:53:16.668773,Walmart,0,0.42
7527,675,63,2026-05-20 00:11:46.668775,Amazon,0,1.26
7528,928,255,2026-05-19 13:35:41.668777,Walmart,0,5.1
7529,122,134,2026-05-25 13:11:11.668779,BestBuy,0,2.68
7530,432,94,2026-05-24 03:48:36.668781,Target,0,1.88
7531,44,116,2026-05-24 12:15:31.668783,BestBuy,0,2.32
7532,872,21,2026-05-21 05:32:27.668785,BestBuy,0,0.42
7533,920,28,2026-05-24 01:27:34.668787,Walmart,0,0.56
7534,317,23,2026-05-23 21:40:04.668788,Target,0,0.46
7535,381,111,2026-05-23 03:59:31.668790,BestBuy,0,2.22
7536,145,255,2026-05-23 23:56:49.668792,Target,0,5.1
7537,327,126,2026-05-22 04:20:55.668794,Walmart,0,2.52
7538,363,69,2026-05-19 11:10:57.668796,BestBuy,0,1.38
7539,50,94,2026-05-20 12:06:05.668798,Amazon,0,1.88
7540,65,24,2026-05-23 13:53:45.668800,BestBuy,0,0.48
7541,355,122,2026-05-25 00:56:35.668802,BestBuy,0,2.44
7542,800,24,2026-05-21 23:04:01.668804,Target,0,0.48
7543,164,17,2026-05-21 09:48:56.668806,Target,0,0.34
7544,141,29,2026-05-25 09:55:15.668808,Target,0,0.58
7545,966,97,2026-05-22 13:31:40.668810,Walmart,0,1.94
7546,826,97,2026-05-22 23:23:01.668812,Target,0,1.94
7547,128,123,2026-05-19 17:24:07.668814,Walmart,0,2.46
7548,398,21,2026-05-23 15:25:49.668816,Target,0,0.42
7549,933,114,2026-05-21 13:04:37.668818,Amazon,0,2.28
7550,880,300,2026-05-19 23:35:01.668820,Target,0,6.0
7551,463,70,2026-05-19 01:58:48.668822,Walmart,0,1.4
7552,751,80,2026-05-24 05:13:49.668824,Walmart,0,1.6
7553,836,45,2026-05-23 13:46:11.668826,BestBuy,0,0.9
7554,808,187,2026-05-25 03:02:37.668828,Target,0,3.74
7555,187,121,2026-05-24 10:42:01.668830,Walmart,0,2.42
7556,720,93,2026-05-23 17:57:08.668832,BestBuy,0,1.86
7557,732,100,2026-05-23 06:48:02.668834,Amazon,0,2.0
7558,912,134,2026-05-21 19:42:11.668836,Walmart,0,2.68
7559,190,107,2026-05-20 03:40:48.668838,Target,0,2.14
7560,388,36,2026-05-19 00:46:37.668840,Amazon,0,0.72
7561,429,67,2026-05-21 05:18:40.668842,Walmart,0,1.34
7562,858,146,2026-05-25 04:10:19.668844,Target,0,2.92
7563,284,45,2026-05-22 17:10:40.668846,Walmart,0,0.9
7564,864,34,2026-05-21 17:46:18.668848,Target,0,0.68
7565,237,66,2026-05-23 04:09:32.668849,BestBuy,0,1.32
7566,194,19,2026-05-22 12:05:44.668851,Walmart,0,0.38
7567,287,196,2026-05-22 19:48:23.668853,Walmart,0,3.92
7568,771,116,2026-05-23 18:36:52.668855,Amazon,0,2.32
7569,758,20,2026-05-24 18:49:27.668857,BestBuy,0,0.4
7570,136,189,2026-05-24 01:34:28.668859,Amazon,0,3.78
7571,792,120,2026-05-21 00:57:59.668861,Walmart,0,2.4
7572,783,61,2026-05-24 06:41:33.668863,BestBuy,0,1.22
7573,171,59,2026-05-22 18:01:14.668865,Target,0,1.18
7574,159,179,2026-05-19 12:11:06.668867,BestBuy,0,3.58
7575,201,104,2026-05-21 17:04:48.668869,BestBuy,0,2.08
7576,487,84,2026-05-19 01:00:56.668871,Target,0,1.68
7577,557,100,2026-05-20 23:18:53.668873,Walmart,0,2.0
7578,962,83,2026-05-24 01:32:33.668875,Walmart,0,1.66
7579,776,84,2026-05-23 13:18:15.668877,Amazon,0,1.68
7580,583,100,2026-05-19 06:13:21.668879,Walmart,0,2.0
7581,504,91,2026-05-24 17:27:31.668881,Walmart,0,1.82
7582,876,24,2026-05-21 22:14:04.668883,Target,0,0.48
7583,371,156,2026-05-19 06:16:31.668885,Amazon,0,3.12
7584,103,198,2026-05-25 14:13:54.668887,BestBuy,0,3.96
7585,125,88,2026-05-20 01:55:33.668889,Amazon,0,1.76
7586,313,173,2026-05-20 20:22:30.668891,Walmart,0,3.46
7587,976,133,2026-05-24 07:22:45.668892,Amazon,0,2.66
7588,995,79,2026-05-19 23:05:56.668894,BestBuy,0,1.58
7589,798,80,2026-05-23 21:16:54.668896,Target,0,1.6
7590,458,187,2026-05-19 03:50:48.668898,Walmart,0,3.74
7591,230,116,2026-05-19 12:12:10.668900,Walmart,0,2.32
7592,658,198,2026-05-21 12:33:23.668902,BestBuy,0,3.96
7593,882,22,2026-05-19 17:52:02.668904,Target,0,0.44
7594,197,63,2026-05-25 06:51:04.668906,Amazon,0,1.26
7595,885,28,2026-05-21 00:02:31.668908,BestBuy,0,0.56
7596,733,139,2026-05-22 22:38:52.668910,Amazon,0,2.78
7597,423,14,2026-05-20 16:42:09.668912,Target,0,0.28
7598,572,57,2026-05-19 11:24:31.668914,Target,0,1.14
7599,610,172,2026-05-22 05:43:38.668916,Target,0,3.44
7600,171,136,2026-05-19 00:16:36.668918,Target,0,2.72
7601,382,226,2026-05-23 05:02:15.668920,Amazon,0,4.52
7602,173,59,2026-05-23 14:37:04.668922,BestBuy,0,1.18
7603,663,70,2026-05-25 00:10:00.668924,BestBuy,0,1.4
7604,453,69,2026-05-19 15:51:51.668926,Amazon,0,1.38
7605,350,55,2026-05-19 00:39:09.668928,Target,0,1.1
7606,902,109,2026-05-19 08:03:40.668930,Target,0,2.18
7607,952,16,2026-05-19 04:47:03.668932,Walmart,0,0.32
7608,634,197,2026-05-21 06:00:41.668934,Walmart,0,3.94
7609,494,159,2026-05-22 19:06:00.668936,Amazon,0,3.18
7610,620,20,2026-05-22 22:40:04.668938,BestBuy,0,0.4
7611,4,26,2026-05-22 05:20:44.668940,Walmart,0,0.52
7612,93,108,2026-05-20 02:17:20.668942,Walmart,0,2.16
7613,919,82,2026-05-19 23:41:26.668944,BestBuy,0,1.64
7614,6,319,2026-05-22 01:41:25.668945,Walmart,0,6.38
7615,288,143,2026-05-24 21:06:02.668947,BestBuy,0,2.86
7616,618,32,2026-05-24 20:13:02.668949,Amazon,0,0.64
7617,146,6,2026-05-19 19:10:59.668951,Walmart,0,0.12
7618,783,94,2026-05-23 06:59:17.668953,Target,0,1.88
7619,424,109,2026-05-23 20:08:19.668955,Amazon,0,2.18
7620,890,83,2026-05-25 19:46:58.668957,Walmart,0,1.66
7621,608,63,2026-05-25 19:49:44.668959,BestBuy,0,1.26
7622,457,122,2026-05-24 16:14:17.668961,Amazon,0,2.44
7623,741,27,2026-05-19 19:09:33.668963,Walmart,0,0.54
7624,202,53,2026-05-21 20:03:37.668965,Amazon,0,1.06
7625,212,48,2026-05-24 09:42:53.668967,Target,0,0.96
7626,6,97,2026-05-19 17:43:39.668969,Walmart,0,1.94
7627,624,51,2026-05-25 17:29:07.668971,Walmart,0,1.02
7628,376,114,2026-05-21 09:44:11.668973,BestBuy,0,2.28
7629,891,81,2026-05-25 02:03:54.668975,Amazon,0,1.62
7630,447,251,2026-05-23 09:02:17.668977,Target,0,5.02
7631,835,42,2026-05-19 23:35:34.668979,BestBuy,0,0.84
7632,106,156,2026-05-22 15:53:17.668981,Walmart,0,3.12
7633,651,10,2026-05-23 00:25:40.668983,BestBuy,0,0.2
7634,811,190,2026-05-25 16:04:02.668985,BestBuy,0,3.8
7635,401,43,2026-05-24 07:05:33.668987,Target,0,0.86
7636,96,190,2026-05-24 19:07:27.668989,Walmart,0,3.8
7637,388,126,2026-05-25 07:25:13.668991,Target,0,2.52
7638,959,163,2026-05-23 15:33:58.668993,Walmart,0,3.26
7639,452,60,2026-05-21 21:27:16.668995,Amazon,0,1.2
7640,849,102,2026-05-22 22:27:51.668996,Amazon,0,2.04
7641,809,14,2026-05-20 08:26:50.668998,Target,0,0.28
7642,979,40,2026-05-19 18:59:00.669000,BestBuy,0,0.8
7643,901,29,2026-05-22 03:38:55.669002,Walmart,0,0.58
7644,416,211,2026-05-22 17:31:15.669004,Walmart,0,4.22
7645,726,149,2026-05-25 10:48:47.669006,Target,0,2.98
7646,504,365,2026-05-19 02:07:52.669008,BestBuy,1,73.0
7647,454,84,2026-05-23 15:58:59.669010,BestBuy,0,1.68
7648,291,213,2026-05-22 00:16:02.669012,Walmart,0,4.26
7649,534,87,2026-05-24 04:45:13.669014,Amazon,0,1.74
7650,193,19,2026-05-19 13:43:10.669016,Walmart,0,0.38
7651,980,46,2026-05-20 07:03:54.669018,Amazon,0,0.92
7652,150,168,2026-05-21 14:03:37.669020,Target,0,3.36
7653,880,100,2026-05-23 08:01:44.669022,BestBuy,0,2.0
7654,759,263,2026-05-24 02:31:00.669024,Walmart,0,5.26
7655,779,93,2026-05-25 15:36:08.669025,Target,0,1.86
7656,973,40,2026-05-24 02:10:07.669027,BestBuy,0,0.8
7657,763,121,2026-05-21 03:03:43.669029,Amazon,0,2.42
7658,515,52,2026-05-21 13:32:26.669031,Target,0,1.04
7659,393,59,2026-05-19 16:00:02.669033,Target,0,1.18
7660,316,212,2026-05-24 13:20:54.669035,Walmart,0,4.24
7661,76,29,2026-05-21 12:37:10.669037,Target,0,0.58
7662,599,66,2026-05-25 21:46:45.669039,Target,0,1.32
7663,270,84,2026-05-20 07:55:21.669041,Walmart,0,1.68
7664,225,28,2026-05-22 02:08:57.669043,Target,0,0.56
7665,530,74,2026-05-19 10:07:44.669045,Amazon,0,1.48
7666,113,109,2026-05-22 07:53:04.669047,Walmart,0,2.18
7667,251,67,2026-05-19 23:26:12.669049,Amazon,0,1.34
7668,233,176,2026-05-24 20:57:28.669051,Walmart,0,3.52
7669,841,88,2026-05-19 22:59:45.669053,BestBuy,0,1.76
7670,791,296,2026-05-22 01:53:43.669055,Target,0,5.92
7671,714,227,2026-05-19 17:32:10.669057,BestBuy,1,45.4
7672,83,82,2026-05-21 11:22:25.669058,Amazon,0,1.64
7673,125,78,2026-05-19 23:51:58.669060,BestBuy,0,1.56
7674,175,141,2026-05-19 06:02:50.669062,Amazon,0,2.82
7675,69,4,2026-05-21 02:25:03.669064,BestBuy,0,0.08
7676,47,44,2026-05-23 08:15:07.669066,Amazon,0,0.88
7677,884,45,2026-05-21 22:25:04.669068,Target,0,0.9
7678,256,270,2026-05-24 11:06:58.669070,BestBuy,1,54.0
7679,727,50,2026-05-24 19:12:17.669072,Amazon,0,1.0
7680,30,50,2026-05-24 13:50:14.669074,Amazon,0,1.0
7681,281,45,2026-05-20 08:39:31.669076,BestBuy,0,0.9
7682,924,50,2026-05-24 05:03:46.669078,BestBuy,0,1.0
7683,994,37,2026-05-25 21:40:01.669080,BestBuy,0,0.74
7684,237,76,2026-05-19 08:24:02.669082,Target,0,1.52
7685,248,179,2026-05-25 08:51:24.669084,Target,0,3.58
7686,368,73,2026-05-21 09:22:48.669086,Target,0,1.46
7687,495,46,2026-05-24 15:34:45.669088,BestBuy,0,0.92
7688,25,87,2026-05-22 08:47:44.669090,Amazon,0,1.74
7689,586,153,2026-05-23 23:17:31.669092,Amazon,0,3.06
7690,718,100,2026-05-21 07:21:47.669094,Amazon,0,2.0
7691,490,81,2026-05-19 20:44:34.669096,Walmart,0,1.62
7692,494,54,2026-05-20 14:49:25.669098,BestBuy,0,1.08
7693,314,46,2026-05-21 10:14:52.669100,Amazon,0,0.92
7694,606,161,2026-05-23 08:39:38.669102,BestBuy,0,3.22
7695,375,209,2026-05-22 11:22:07.669103,BestBuy,1,41.8
7696,639,374,2026-05-21 16:47:10.669105,Amazon,0,7.48
7697,937,51,2026-05-22 12:20:24.669107,BestBuy,0,1.02
7698,25,65,2026-05-25 11:59:50.669109,Walmart,0,1.3
7699,334,78,2026-05-25 08:11:46.669111,Walmart,0,1.56
7700,355,35,2026-05-22 21:49:22.669113,Amazon,0,0.7
7701,116,81,2026-05-22 11:05:28.669115,BestBuy,0,1.62
7702,48,20,2026-05-25 08:00:52.669117,Walmart,0,0.4
7703,738,95,2026-05-24 02:37:42.669119,Amazon,0,1.9
7704,778,210,2026-05-25 15:32:20.669121,Target,0,4.2
7705,99,92,2026-05-20 21:37:07.669123,Target,0,1.84
7706,459,45,2026-05-24 03:08:56.669125,Target,0,0.9
7707,523,54,2026-05-21 14:24:10.669127,Target,0,1.08
7708,597,31,2026-05-25 06:23:33.669129,Walmart,0,0.62
7709,405,85,2026-05-22 15:17:26.669131,Amazon,0,1.7
7710,214,34,2026-05-23 19:02:46.669133,Walmart,0,0.68
7711,685,34,2026-05-23 09:18:23.669135,Target,0,0.68
7712,903,37,2026-05-25 08:24:53.669136,BestBuy,0,0.74
7713,503,90,2026-05-21 14:16:36.669138,Target,0,1.8
7714,721,65,2026-05-19 22:38:07.669141,BestBuy,0,1.3
7715,448,210,2026-05-21 23:33:53.669142,Amazon,0,4.2
7716,894,28,2026-05-21 09:41:59.669144,Walmart,0,0.56
7717,576,221,2026-05-25 08:17:19.669146,BestBuy,1,44.2
7718,258,205,2026-05-25 03:09:01.669148,Target,0,4.1
7719,844,74,2026-05-24 03:00:55.669150,Walmart,0,1.48
7720,121,50,2026-05-21 21:56:02.669152,BestBuy,0,1.0
7721,810,57,2026-05-23 10:33:21.669154,Amazon,0,1.14
7722,978,33,2026-05-23 14:18:53.669156,BestBuy,0,0.66
7723,54,81,2026-05-21 02:55:27.669158,BestBuy,0,1.62
7724,331,108,2026-05-21 18:58:33.669160,Amazon,0,2.16
7725,784,132,2026-05-23 17:09:43.669162,Walmart,0,2.64
7726,241,115,2026-05-19 19:04:34.669164,Amazon,0,2.3
7727,755,92,2026-05-22 22:29:24.669165,Walmart,0,1.84
7728,530,91,2026-05-20 17:36:10.669167,Walmart,0,1.82
7729,483,25,2026-05-25 19:04:40.669169,Walmart,0,0.5
7730,187,101,2026-05-19 12:55:11.669171,BestBuy,0,2.02
7731,858,184,2026-05-22 22:36:39.669173,Target,0,3.68
7732,656,323,2026-05-24 17:08:28.669175,Target,0,6.46
7733,262,58,2026-05-23 20:05:10.669177,BestBuy,0,1.16
7734,953,145,2026-05-20 19:45:02.669179,Walmart,0,2.9
7735,364,68,2026-05-24 13:17:04.669181,Amazon,0,1.36
7736,491,133,2026-05-19 16:16:28.669183,Amazon,0,2.66
7737,431,50,2026-05-25 04:37:37.669185,Target,0,1.0
7738,239,60,2026-05-24 23:22:23.669187,Walmart,0,1.2
7739,304,44,2026-05-24 00:29:19.669189,BestBuy,0,0.88
7740,298,97,2026-05-24 08:37:57.669191,BestBuy,0,1.94
7741,76,13,2026-05-25 10:25:04.669193,Target,0,0.26
7742,700,89,2026-05-20 00:06:00.669195,Walmart,0,1.78
7743,333,147,2026-05-24 02:36:43.669197,Amazon,0,2.94
7744,900,8,2026-05-19 08:33:43.669199,Amazon,0,0.16
7745,999,214,2026-05-21 12:50:30.669201,BestBuy,1,42.8
7746,758,12,2026-05-19 19:57:33.669203,Target,0,0.24
7747,642,137,2026-05-24 19:28:31.669204,BestBuy,0,2.74
7748,474,52,2026-05-20 04:40:42.669206,Amazon,0,1.04
7749,827,141,2026-05-18 23:29:40.669208,BestBuy,0,2.82
7750,923,62,2026-05-24 10:51:58.669210,Walmart,0,1.24
7751,283,123,2026-05-22 15:44:24.669212,Amazon,0,2.46
7752,591,58,2026-05-24 23:16:55.669214,Amazon,0,1.16
7753,72,41,2026-05-21 17:01:20.669216,BestBuy,0,0.82
7754,263,40,2026-05-24 14:31:05.669218,BestBuy,0,0.8
7755,703,126,2026-05-19 23:40:16.669220,Target,0,2.52
7756,879,60,2026-05-21 14:59:26.669222,BestBuy,0,1.2
7757,887,123,2026-05-23 18:42:07.669224,Walmart,0,2.46
7758,942,131,2026-05-21 21:59:14.669226,Target,0,2.62
7759,575,132,2026-05-19 03:13:08.669228,Target,0,2.64
7760,1000,46,2026-05-19 14:53:11.669230,Amazon,0,0.92
7761,892,52,2026-05-21 18:02:24.669232,Walmart,0,1.04
7762,12,131,2026-05-22 18:41:23.669234,Walmart,0,2.62
7763,141,17,2026-05-25 00:52:31.669236,Target,0,0.34
7764,766,126,2026-05-21 22:36:35.669238,Target,0,2.52
7765,555,178,2026-05-20 14:42:17.669240,Amazon,0,3.56
7766,17,63,2026-05-22 17:39:37.669242,BestBuy,0,1.26
7767,63,188,2026-05-24 14:11:25.669244,Walmart,0,3.76
7768,253,94,2026-05-23 06:53:17.669246,Walmart,0,1.88
7769,465,118,2026-05-22 04:19:38.669248,Amazon,0,2.36
7770,376,75,2026-05-24 22:26:35.669250,Target,0,1.5
7771,804,48,2026-05-25 14:10:52.669252,Walmart,0,0.96
7772,981,98,2026-05-23 05:43:55.669254,Amazon,0,1.96
7773,520,55,2026-05-22 02:31:51.669256,Target,0,1.1
7774,837,142,2026-05-22 18:00:36.669258,Amazon,0,2.84
7775,90,58,2026-05-25 11:34:37.669260,Walmart,0,1.16
7776,720,103,2026-05-23 11:26:44.669262,Target,0,2.06
7777,804,92,2026-05-23 21:42:16.669264,Amazon,0,1.84
7778,796,2,2026-05-23 07:27:51.669266,Amazon,0,0.04
7779,630,107,2026-05-20 20:09:07.669268,Amazon,0,2.14
7780,861,146,2026-05-22 08:32:21.669269,Walmart,0,2.92
7781,175,18,2026-05-25 13:16:30.669271,Walmart,0,0.36
7782,76,90,2026-05-23 04:06:05.669273,BestBuy,0,1.8
7783,613,112,2026-05-20 07:57:48.669275,Walmart,0,2.24
7784,926,89,2026-05-19 17:28:17.669277,Amazon,0,1.78
7785,663,66,2026-05-24 22:57:42.669279,Walmart,0,1.32
7786,400,63,2026-05-25 14:38:55.669281,Amazon,0,1.26
7787,782,24,2026-05-22 20:40:28.669283,Amazon,0,0.48
7788,970,46,2026-05-25 04:46:57.669285,Amazon,0,0.92
7789,71,249,2026-05-20 07:40:26.669287,Target,0,4.98
7790,180,127,2026-05-21 03:02:35.669289,BestBuy,0,2.54
7791,124,68,2026-05-23 05:37:04.669291,BestBuy,0,1.36
7792,381,53,2026-05-21 06:45:53.669293,Amazon,0,1.06
7793,293,181,2026-05-24 20:06:07.669295,Walmart,0,3.62
7794,797,49,2026-05-21 09:56:51.669297,BestBuy,0,0.98
7795,195,155,2026-05-22 14:15:22.669299,Amazon,0,3.1
7796,911,19,2026-05-19 16:50:39.669301,Walmart,0,0.38
7797,228,72,2026-05-21 08:20:53.669303,Target,0,1.44
7798,431,194,2026-05-21 22:19:12.669305,Target,0,3.88
7799,942,50,2026-05-22 08:27:34.669307,Amazon,0,1.0
7800,436,37,2026-05-22 04:58:36.669309,Walmart,0,0.74
7801,787,76,2026-05-19 22:00:34.669311,Target,0,1.52
7802,461,164,2026-05-25 11:52:58.669313,Target,0,3.28
7803,618,165,2026-05-20 02:54:22.669315,Target,0,3.3
7804,21,67,2026-05-25 14:49:49.669316,Walmart,0,1.34
7805,64,64,2026-05-21 22:29:51.669318,Amazon,0,1.28
7806,165,148,2026-05-22 04:19:54.669320,Amazon,0,2.96
7807,27,139,2026-05-24 05:02:26.669322,Target,0,2.78
7808,311,111,2026-05-22 20:43:57.669324,Amazon,0,2.22
7809,285,26,2026-05-21 02:12:28.669326,BestBuy,0,0.52
7810,660,172,2026-05-23 17:50:08.669328,Target,0,3.44
7811,281,151,2026-05-21 05:59:49.669330,Walmart,0,3.02
7812,838,21,2026-05-25 05:17:24.669332,Amazon,0,0.42
7813,831,127,2026-05-24 04:25:00.669334,Walmart,0,2.54
7814,164,187,2026-05-20 17:19:25.669336,Amazon,0,3.74
7815,898,44,2026-05-22 02:37:32.669338,Walmart,0,0.88
7816,918,38,2026-05-24 02:07:02.669340,Walmart,0,0.76
7817,224,6,2026-05-25 08:21:55.669342,Amazon,0,0.12
7818,784,81,2026-05-19 16:45:31.669344,Target,0,1.62
7819,146,90,2026-05-22 13:27:26.669345,Target,0,1.8
7820,965,171,2026-05-24 00:27:07.669347,Walmart,0,3.42
7821,950,82,2026-05-23 14:07:49.669349,BestBuy,0,1.64
7822,868,64,2026-05-25 01:55:58.669351,Walmart,0,1.28
7823,30,91,2026-05-21 17:25:19.669353,BestBuy,0,1.82
7824,45,65,2026-05-23 22:14:28.669355,Target,0,1.3
7825,787,130,2026-05-25 13:11:56.669357,BestBuy,0,2.6
7826,471,49,2026-05-22 12:39:10.669359,Amazon,0,0.98
7827,34,13,2026-05-19 00:56:51.669361,BestBuy,0,0.26
7828,653,110,2026-05-19 13:53:05.669363,Amazon,0,2.2
7829,427,62,2026-05-23 11:18:29.669365,Walmart,0,1.24
7830,830,3,2026-05-21 10:17:25.669367,BestBuy,0,0.06
7831,886,72,2026-05-20 02:00:06.669369,Amazon,0,1.44
7832,221,104,2026-05-19 13:19:14.669371,Walmart,0,2.08
7833,868,199,2026-05-20 16:24:29.669373,BestBuy,0,3.98
7834,534,161,2026-05-22 23:45:24.669375,BestBuy,0,3.22
7835,692,153,2026-05-20 10:15:11.669377,Amazon,0,3.06
7836,948,36,2026-05-25 14:25:16.669378,Walmart,0,0.72
7837,367,133,2026-05-21 15:28:52.669380,Amazon,0,2.66
7838,932,36,2026-05-19 01:36:54.669382,BestBuy,0,0.72
7839,841,106,2026-05-23 10:51:37.669384,Walmart,0,2.12
7840,743,40,2026-05-22 08:43:11.669386,Target,0,0.8
7841,915,36,2026-05-18 23:43:06.669388,Target,0,0.72
7842,550,16,2026-05-24 03:23:36.669390,Target,0,0.32
7843,582,170,2026-05-20 01:41:45.669392,BestBuy,0,3.4
7844,116,48,2026-05-19 14:19:59.669394,Target,0,0.96
7845,239,77,2026-05-25 12:34:12.669396,BestBuy,0,1.54
7846,335,232,2026-05-20 13:28:25.669398,Walmart,0,4.64
7847,441,60,2026-05-19 15:12:56.669400,Amazon,0,1.2
7848,148,95,2026-05-25 03:16:27.669402,BestBuy,0,1.9
7849,9,29,2026-05-23 13:39:17.669404,Walmart,0,0.58
7850,288,88,2026-05-23 16:41:24.669406,Walmart,0,1.76
7851,388,23,2026-05-21 18:06:06.669408,Walmart,0,0.46
7852,50,56,2026-05-21 17:29:28.669410,Amazon,0,1.12
7853,850,128,2026-05-24 21:51:03.669411,BestBuy,0,2.56
7854,517,98,2026-05-24 10:41:39.669413,Walmart,0,1.96
7855,916,9,2026-05-22 19:20:48.669415,Target,0,0.18
7856,855,56,2026-05-24 01:02:03.669417,Target,0,1.12
7857,638,83,2026-05-22 13:17:54.669419,Walmart,0,1.66
7858,587,111,2026-05-23 03:22:29.669421,Target,0,2.22
7859,677,3,2026-05-21 02:20:40.669423,Target,0,0.06
7860,278,8,2026-05-23 00:17:48.669425,BestBuy,0,0.16
7861,954,96,2026-05-19 06:45:54.669427,Amazon,0,1.92
7862,836,91,2026-05-22 10:50:58.669429,BestBuy,0,1.82
7863,989,95,2026-05-22 07:35:28.669431,Walmart,0,1.9
7864,300,17,2026-05-22 04:37:05.669433,Walmart,0,0.34
7865,802,73,2026-05-24 10:44:52.669435,Target,0,1.46
7866,589,55,2026-05-23 04:03:28.669437,BestBuy,0,1.1
7867,810,100,2026-05-20 11:01:11.669439,Walmart,0,2.0
7868,649,29,2026-05-21 08:30:03.669441,Walmart,0,0.58
7869,618,97,2026-05-24 22:39:53.669443,Target,0,1.94
7870,607,61,2026-05-20 14:59:18.669445,Target,0,1.22
7871,135,62,2026-05-24 00:45:07.669447,Walmart,0,1.24
7872,580,56,2026-05-23 08:07:29.669449,BestBuy,0,1.12
7873,147,61,2026-05-20 19:33:01.669451,Amazon,0,1.22
7874,490,103,2026-05-21 13:45:03.669452,BestBuy,0,2.06
7875,478,102,2026-05-20 13:02:51.669454,Target,0,2.04
7876,159,24,2026-05-22 07:01:46.669456,Walmart,0,0.48
7877,384,260,2026-05-19 06:05:13.669458,Target,0,5.2
7878,163,52,2026-05-21 01:51:15.669460,Walmart,0,1.04
7879,441,217,2026-05-21 17:56:14.669462,Walmart,0,4.34
7880,853,123,2026-05-24 01:56:47.669464,Amazon,0,2.46
7881,189,12,2026-05-21 15:27:32.669466,Target,0,0.24
7882,415,243,2026-05-23 00:13:05.669468,Amazon,0,4.86
7883,339,151,2026-05-24 00:51:49.669470,BestBuy,0,3.02
7884,607,64,2026-05-25 12:44:59.669472,Target,0,1.28
7885,181,118,2026-05-19 20:57:05.669474,Amazon,0,2.36
7886,288,24,2026-05-23 14:37:47.669476,Target,0,0.48
7887,834,41,2026-05-22 13:00:16.669478,Amazon,0,0.82
7888,187,55,2026-05-19 12:54:08.669480,Amazon,0,1.1
7889,884,78,2026-05-24 13:51:07.669482,Target,0,1.56
7890,138,30,2026-05-20 18:06:56.669484,BestBuy,0,0.6
7891,130,122,2026-05-20 07:50:40.669486,Amazon,0,2.44
7892,194,13,2026-05-24 02:49:49.669488,Amazon,0,0.26
7893,316,91,2026-05-23 19:08:14.669490,Target,0,1.82
7894,984,121,2026-05-19 00:11:07.669492,BestBuy,0,2.42
7895,785,328,2026-05-22 11:28:41.669494,Target,0,6.56
7896,864,105,2026-05-23 09:58:52.669496,Walmart,0,2.1
7897,144,33,2026-05-24 05:00:23.669498,Target,0,0.66
7898,16,49,2026-05-21 03:13:57.669500,Walmart,0,0.98
7899,302,54,2026-05-24 09:09:56.669502,Amazon,0,1.08
7900,423,189,2026-05-25 08:12:16.669504,BestBuy,0,3.78
7901,245,148,2026-05-25 10:28:24.669506,BestBuy,0,2.96
7902,927,267,2026-05-20 20:05:49.669508,Target,0,5.34
7903,107,115,2026-05-20 17:14:23.669510,Walmart,0,2.3
7904,88,169,2026-05-21 04:45:03.669512,Target,0,3.38
7905,129,16,2026-05-20 00:29:15.669514,BestBuy,0,0.32
7906,907,69,2026-05-20 13:56:12.669516,Walmart,0,1.38
7907,887,212,2026-05-19 23:05:30.669518,BestBuy,1,42.4
7908,341,107,2026-05-25 22:21:05.669519,Walmart,0,2.14
7909,4,147,2026-05-23 20:33:48.669522,Target,0,2.94
7910,327,36,2026-05-24 07:49:11.669524,Amazon,0,0.72
7911,410,135,2026-05-20 20:19:43.669525,Amazon,0,2.7
7912,879,91,2026-05-20 01:20:27.669527,Walmart,0,1.82
7913,306,37,2026-05-19 19:47:26.669529,Walmart,0,0.74
7914,908,81,2026-05-20 05:25:26.669531,Amazon,0,1.62
7915,607,165,2026-05-22 02:23:30.669533,Target,0,3.3
7916,721,25,2026-05-21 11:02:53.669535,Target,0,0.5
7917,225,94,2026-05-22 11:11:48.669537,BestBuy,0,1.88
7918,971,203,2026-05-23 09:10:20.669539,BestBuy,1,40.6
7919,348,100,2026-05-22 04:12:26.669541,Amazon,0,2.0
7920,992,121,2026-05-21 08:23:55.669543,Amazon,0,2.42
7921,321,123,2026-05-23 23:45:00.669545,Amazon,0,2.46
7922,559,4,2026-05-23 23:47:39.669547,Walmart,0,0.08
7923,988,110,2026-05-22 17:46:36.669549,BestBuy,0,2.2
7924,181,242,2026-05-22 19:16:17.669550,Amazon,0,4.84
7925,618,119,2026-05-23 09:14:45.669552,Amazon,0,2.38
7926,711,58,2026-05-23 01:12:12.669554,BestBuy,0,1.16
7927,386,25,2026-05-20 23:10:07.669556,Amazon,0,0.5
7928,618,88,2026-05-25 10:48:19.669558,Amazon,0,1.76
7929,792,100,2026-05-23 21:12:53.669560,Target,0,2.0
7930,772,7,2026-05-19 20:02:53.669562,BestBuy,0,0.14
7931,108,72,2026-05-21 10:30:08.669564,Target,0,1.44
7932,531,140,2026-05-22 10:23:12.669566,BestBuy,0,2.8
7933,410,285,2026-05-19 18:21:43.669568,Amazon,0,5.7
7934,971,100,2026-05-19 04:53:19.669570,Walmart,0,2.0
7935,296,180,2026-05-25 11:54:37.669572,Walmart,0,3.6
7936,818,40,2026-05-25 21:05:31.669573,Target,0,0.8
7937,171,80,2026-05-23 03:31:34.669575,Walmart,0,1.6
7938,331,32,2026-05-19 19:07:34.669577,Walmart,0,0.64
7939,493,79,2026-05-21 00:46:09.669579,Target,0,1.58
7940,195,67,2026-05-25 00:00:00.669581,Amazon,0,1.34
7941,12,41,2026-05-20 06:04:39.669583,BestBuy,0,0.82
7942,195,104,2026-05-22 18:30:37.669585,Amazon,0,2.08
7943,490,48,2026-05-20 20:23:26.669587,Target,0,0.96
7944,795,242,2026-05-25 07:10:10.669589,Amazon,0,4.84
7945,881,74,2026-05-23 19:44:21.669591,Amazon,0,1.48
7946,182,135,2026-05-25 19:02:17.669593,Target,0,2.7
7947,962,93,2026-05-23 15:55:44.669595,Target,0,1.86
7948,817,23,2026-05-25 04:14:29.669597,Target,0,0.46
7949,656,15,2026-05-23 13:14:23.669599,Walmart,0,0.3
7950,898,137,2026-05-20 13:29:18.669601,Target,0,2.74
7951,316,212,2026-05-25 20:53:09.669603,Target,0,4.24
7952,694,90,2026-05-21 07:25:16.669605,Target,0,1.8
7953,30,85,2026-05-23 23:53:52.669607,Target,0,1.7
7954,596,111,2026-05-25 10:57:23.669608,Amazon,0,2.22
7955,678,59,2026-05-20 17:50:25.669610,Target,0,1.18
7956,796,248,2026-05-24 16:13:33.669612,BestBuy,1,49.6
7957,793,70,2026-05-25 17:44:42.669614,Target,0,1.4
7958,96,112,2026-05-20 01:52:31.669616,BestBuy,0,2.24
7959,381,61,2026-05-22 22:12:12.669618,BestBuy,0,1.22
7960,778,183,2026-05-23 21:20:40.669620,Walmart,0,3.66
7961,444,32,2026-05-19 05:50:14.669622,Walmart,0,0.64
7962,298,13,2026-05-20 15:33:25.669624,Amazon,0,0.26
7963,808,39,2026-05-20 04:13:20.669626,Target,0,0.78
7964,737,249,2026-05-21 13:48:25.669628,Target,0,4.98
7965,845,72,2026-05-22 03:03:58.669630,BestBuy,0,1.44
7966,361,53,2026-05-21 08:48:11.669632,Target,0,1.06
7967,374,205,2026-05-25 06:27:23.669634,BestBuy,1,41.0
7968,554,124,2026-05-23 03:25:17.669636,Walmart,0,2.48
7969,303,133,2026-05-19 11:17:51.669638,Amazon,0,2.66
7970,421,65,2026-05-25 04:10:25.669643,Walmart,0,1.3
7971,246,15,2026-05-24 01:00:32.669645,Target,0,0.3
7972,720,47,2026-05-19 22:12:53.669647,BestBuy,0,0.94
7973,237,27,2026-05-21 10:23:36.669649,Walmart,0,0.54
7974,534,227,2026-05-25 13:50:39.669651,Target,0,4.54
7975,185,36,2026-05-23 03:36:27.669653,BestBuy,0,0.72
7976,468,48,2026-05-23 07:46:11.669655,Target,0,0.96
7977,754,60,2026-05-19 01:21:43.669657,Target,0,1.2
7978,363,75,2026-05-25 18:36:58.669659,Amazon,0,1.5
7979,283,174,2026-05-23 11:15:58.669661,Walmart,0,3.48
7980,553,134,2026-05-25 05:39:15.669663,Target,0,2.68
7981,336,65,2026-05-24 03:24:13.669665,Target,0,1.3
7982,162,189,2026-05-19 09:54:37.669667,Amazon,0,3.78
7983,160,124,2026-05-20 20:04:41.669669,Amazon,0,2.48
7984,474,102,2026-05-24 22:48:07.669671,BestBuy,0,2.04
7985,601,58,2026-05-19 02:12:23.669673,Target,0,1.16
7986,322,242,2026-05-19 07:09:24.669675,Target,0,4.84
7987,12,74,2026-05-20 20:37:41.669677,Target,0,1.48
7988,424,53,2026-05-21 10:13:05.669678,Target,0,1.06
7989,73,155,2026-05-20 04:05:30.669680,Amazon,0,3.1
7990,588,52,2026-05-20 22:11:25.669682,Walmart,0,1.04
7991,858,322,2026-05-25 17:58:43.669684,Amazon,0,6.44
7992,201,130,2026-05-20 18:04:57.669686,BestBuy,0,2.6
7993,522,60,2026-05-24 14:28:56.669688,Amazon,0,1.2
7994,864,225,2026-05-24 19:29:34.669690,Walmart,0,4.5
7995,505,64,2026-05-19 03:43:01.669692,Target,0,1.28
7996,738,138,2026-05-22 17:22:21.669694,BestBuy,0,2.76
7997,688,34,2026-05-21 09:55:21.669696,BestBuy,0,0.68
7998,788,223,2026-05-20 13:28:48.669698,Target,0,4.46
7999,39,24,2026-05-19 16:36:17.669700,Walmart,0,0.48
8000,60,124,2026-05-24 08:44:28.669702,Amazon,0,2.48
8001,578,309,2026-05-19 07:20:13.669704,Target,0,6.18
8002,321,109,2026-05-24 10:59:52.669706,Walmart,0,2.18
8003,435,72,2026-05-25 09:43:53.669708,Walmart,0,1.44
8004,636,113,2026-05-21 03:39:55.669710,Walmart,0,2.26
8005,676,321,2026-05-25 01:16:48.669711,Target,0,6.42
8006,408,129,2026-05-22 12:07:29.669713,Walmart,0,2.58
8007,923,77,2026-05-24 22:10:07.669715,BestBuy,0,1.54
8008,386,280,2026-05-24 22:06:18.669717,BestBuy,1,56.0
8009,671,52,2026-05-25 08:01:26.669719,Amazon,0,1.04
8010,569,93,2026-05-20 07:58:00.669721,Amazon,0,1.86
8011,78,46,2026-05-24 13:32:52.669723,Walmart,0,0.92
8012,194,183,2026-05-21 22:03:21.669725,Walmart,0,3.66
8013,285,134,2026-05-22 00:18:53.669727,Walmart,0,2.68
8014,527,48,2026-05-22 09:00:16.669729,Amazon,0,0.96
8015,524,35,2026-05-21 22:30:40.669731,BestBuy,0,0.7
8016,613,183,2026-05-23 18:41:20.669733,BestBuy,0,3.66
8017,156,55,2026-05-22 23:41:29.669735,Target,0,1.1
8018,340,11,2026-05-19 03:06:43.669737,Amazon,0,0.22
8019,125,138,2026-05-21 23:58:19.669739,Walmart,0,2.76
8020,871,134,2026-05-21 12:59:11.669741,BestBuy,0,2.68
8021,280,91,2026-05-23 15:10:04.669743,Target,0,1.82
8022,917,162,2026-05-25 19:49:38.669745,BestBuy,0,3.24
8023,906,114,2026-05-20 15:04:28.669747,Target,0,2.28
8024,622,168,2026-05-20 08:56:14.669748,Walmart,0,3.36
8025,846,104,2026-05-21 01:55:29.669750,Walmart,0,2.08
8026,869,22,2026-05-22 17:41:15.669752,BestBuy,0,0.44
8027,658,44,2026-05-22 04:52:48.669754,Amazon,0,0.88
8028,728,83,2026-05-20 07:51:37.669756,BestBuy,0,1.66
8029,910,84,2026-05-23 13:17:56.669758,Amazon,0,1.68
8030,674,57,2026-05-24 12:13:21.669760,BestBuy,0,1.14
8031,128,41,2026-05-23 10:14:25.669762,Amazon,0,0.82
8032,314,12,2026-05-19 21:09:15.669764,Walmart,0,0.24
8033,332,112,2026-05-25 01:38:56.669766,Target,0,2.24
8034,150,105,2026-05-25 05:08:01.669768,Amazon,0,2.1
8035,454,66,2026-05-21 10:26:27.669770,Walmart,0,1.32
8036,36,66,2026-05-22 09:41:29.669772,Target,0,1.32
8037,685,228,2026-05-19 14:59:45.669773,Walmart,0,4.56
8038,420,50,2026-05-21 14:24:06.669775,Walmart,0,1.0
8039,22,53,2026-05-22 15:01:42.669777,Walmart,0,1.06
8040,206,250,2026-05-21 11:14:52.669779,Amazon,0,5.0
8041,639,71,2026-05-21 06:30:02.669781,Walmart,0,1.42
8042,848,109,2026-05-25 15:30:01.669783,Walmart,0,2.18
8043,957,67,2026-05-24 16:09:24.669785,Walmart,0,1.34
8044,356,139,2026-05-25 09:31:58.669787,Amazon,0,2.78
8045,440,77,2026-05-22 15:27:23.669789,BestBuy,0,1.54
8046,729,323,2026-05-20 07:28:32.669791,Walmart,0,6.46
8047,96,191,2026-05-20 17:11:18.669793,BestBuy,0,3.82
8048,929,92,2026-05-24 10:35:11.669795,Walmart,0,1.84
8049,941,55,2026-05-25 10:52:40.669797,Amazon,0,1.1
8050,164,66,2026-05-23 10:39:44.669799,BestBuy,0,1.32
8051,148,87,2026-05-19 03:02:05.669800,Walmart,0,1.74
8052,530,174,2026-05-25 19:31:48.669802,BestBuy,0,3.48
8053,294,96,2026-05-20 06:45:02.669804,Target,0,1.92
8054,195,60,2026-05-20 14:15:04.669807,BestBuy,0,1.2
8055,663,104,2026-05-24 00:00:06.669809,Walmart,0,2.08
8056,480,119,2026-05-23 18:20:39.669810,BestBuy,0,2.38
8057,877,46,2026-05-21 14:51:16.669812,Walmart,0,0.92
8058,123,116,2026-05-25 09:52:46.669814,BestBuy,0,2.32
8059,400,97,2026-05-25 02:51:16.669816,BestBuy,0,1.94
8060,699,250,2026-05-19 14:15:11.669818,Amazon,0,5.0
8061,965,36,2026-05-20 20:02:57.669820,Amazon,0,0.72
8062,452,146,2026-05-24 16:50:18.669822,BestBuy,0,2.92
8063,661,75,2026-05-23 20:20:15.669824,Amazon,0,1.5
8064,104,149,2026-05-25 21:48:10.669826,Amazon,0,2.98
8065,755,94,2026-05-25 13:04:21.669828,Target,0,1.88
8066,462,206,2026-05-23 08:38:03.669830,Walmart,0,4.12
8067,743,46,2026-05-24 09:37:20.669832,Walmart,0,0.92
8068,991,149,2026-05-25 08:30:15.669834,Target,0,2.98
8069,718,201,2026-05-18 23:29:53.669836,BestBuy,1,40.2
8070,710,237,2026-05-22 20:57:31.669838,Amazon,0,4.74
8071,396,295,2026-05-19 18:04:10.669840,Walmart,0,5.9
8072,912,147,2026-05-20 18:06:16.669842,Target,0,2.94
8073,337,145,2026-05-24 19:35:30.669844,Walmart,0,2.9
8074,599,17,2026-05-19 22:08:00.669846,BestBuy,0,0.34
8075,142,17,2026-05-25 21:32:30.669847,Target,0,0.34
8076,317,182,2026-05-23 13:44:59.669849,BestBuy,0,3.64
8077,711,19,2026-05-20 09:36:57.669851,BestBuy,0,0.38
8078,558,434,2026-05-25 07:24:55.669853,Target,0,8.68
8079,800,124,2026-05-19 07:11:00.669855,Walmart,0,2.48
8080,527,28,2026-05-20 09:13:28.669857,Amazon,0,0.56
8081,556,77,2026-05-20 22:59:48.669859,Amazon,0,1.54
8082,401,79,2026-05-20 17:18:14.669861,Target,0,1.58
8083,681,121,2026-05-21 19:15:03.669863,Amazon,0,2.42
8084,310,139,2026-05-25 11:22:05.669865,BestBuy,0,2.78
8085,495,215,2026-05-23 13:54:24.669867,Walmart,0,4.3
8086,556,29,2026-05-21 12:14:13.669869,Target,0,0.58
8087,610,69,2026-05-21 04:44:07.669871,BestBuy,0,1.38
8088,773,31,2026-05-25 17:00:58.669873,BestBuy,0,0.62
8089,109,84,2026-05-25 01:19:39.669875,Walmart,0,1.68
8090,795,72,2026-05-23 19:53:09.669877,Walmart,0,1.44
8091,372,34,2026-05-20 04:08:18.669879,Amazon,0,0.68
8092,855,27,2026-05-19 19:25:16.669881,Walmart,0,0.54
8093,616,341,2026-05-19 03:17:11.669883,Target,0,6.82
8094,768,107,2026-05-21 19:18:37.669885,Target,0,2.14
8095,891,55,2026-05-20 21:58:29.669887,Walmart,0,1.1
8096,206,37,2026-05-21 06:30:00.669889,Walmart,0,0.74
8097,847,252,2026-05-21 05:48:57.669891,BestBuy,1,50.4
8098,43,58,2026-05-19 06:47:27.669893,Target,0,1.16
8099,865,179,2026-05-23 02:06:43.669895,Amazon,0,3.58
8100,245,124,2026-05-20 16:42:33.669897,BestBuy,0,2.48
8101,287,85,2026-05-22 17:54:23.669899,BestBuy,0,1.7
8102,355,30,2026-05-21 09:38:06.669901,Amazon,0,0.6
8103,785,46,2026-05-21 15:55:15.669903,Amazon,0,0.92
8104,476,421,2026-05-22 17:03:29.669905,Walmart,0,8.42
8105,83,92,2026-05-20 11:17:21.669906,Walmart,0,1.84
8106,110,148,2026-05-20 08:30:06.669908,BestBuy,0,2.96
8107,950,92,2026-05-24 08:35:52.669910,Target,0,1.84
8108,190,215,2026-05-19 06:01:30.669912,Target,0,4.3
8109,983,48,2026-05-23 00:41:12.669914,BestBuy,0,0.96
8110,800,73,2026-05-19 16:06:21.669916,Target,0,1.46
8111,936,68,2026-05-21 02:07:02.669918,Target,0,1.36
8112,909,122,2026-05-23 10:41:53.669920,Amazon,0,2.44
8113,251,265,2026-05-19 06:43:41.669922,Walmart,0,5.3
8114,724,55,2026-05-21 08:53:17.669924,Walmart,0,1.1
8115,291,103,2026-05-25 21:18:22.669926,BestBuy,0,2.06
8116,645,196,2026-05-19 15:39:40.669928,Amazon,0,3.92
8117,201,47,2026-05-24 12:55:28.669930,Target,0,0.94
8118,797,200,2026-05-21 11:12:02.669932,BestBuy,0,4.0
8119,326,156,2026-05-19 10:32:38.669934,BestBuy,0,3.12
8120,511,27,2026-05-25 12:48:16.669936,Target,0,0.54
8121,409,72,2026-05-20 13:25:05.669938,Walmart,0,1.44
8122,607,72,2026-05-21 11:06:30.669940,Target,0,1.44
8123,790,74,2026-05-20 13:28:16.669942,BestBuy,0,1.48
8124,962,42,2026-05-20 04:05:10.669944,Walmart,0,0.84
8125,941,60,2026-05-24 15:19:35.669946,BestBuy,0,1.2
8126,837,107,2026-05-22 02:20:04.669948,Amazon,0,2.14
8127,508,364,2026-05-21 01:04:42.669950,Walmart,0,7.28
8128,731,130,2026-05-25 20:22:05.669952,BestBuy,0,2.6
8129,601,228,2026-05-23 10:49:24.669954,BestBuy,1,45.6
8130,72,128,2026-05-25 10:04:35.669956,Amazon,0,2.56
8131,247,51,2026-05-20 17:40:46.669958,Target,0,1.02
8132,641,204,2026-05-19 15:09:06.669960,Walmart,0,4.08
8133,724,121,2026-05-20 05:26:50.669962,BestBuy,0,2.42
8134,940,211,2026-05-21 11:23:34.669964,BestBuy,1,42.2
8135,855,59,2026-05-19 22:57:08.669966,BestBuy,0,1.18
8136,608,40,2026-05-23 21:02:17.669968,BestBuy,0,0.8
8137,587,99,2026-05-19 17:42:24.669970,Target,0,1.98
8138,935,171,2026-05-20 19:50:05.669971,Target,0,3.42
8139,566,39,2026-05-21 03:25:14.669974,Target,0,0.78
8140,344,44,2026-05-22 09:00:59.669976,Walmart,0,0.88
8141,971,235,2026-05-20 15:12:23.669978,Target,0,4.7
8142,925,44,2026-05-19 08:56:26.669979,Walmart,0,0.88
8143,54,41,2026-05-25 13:31:58.669981,Target,0,0.82
8144,730,130,2026-05-24 20:01:04.669983,BestBuy,0,2.6
8145,528,60,2026-05-19 06:43:07.669985,Amazon,0,1.2
8146,611,72,2026-05-21 16:13:47.669987,Walmart,0,1.44
8147,532,89,2026-05-24 09:55:31.669989,Amazon,0,1.78
8148,558,23,2026-05-22 11:35:29.669991,Amazon,0,0.46
8149,963,18,2026-05-22 22:18:34.669993,BestBuy,0,0.36
8150,193,117,2026-05-21 15:06:51.669995,BestBuy,0,2.34
8151,895,55,2026-05-20 19:37:56.669997,Walmart,0,1.1
8152,58,184,2026-05-21 18:42:08.669999,Walmart,0,3.68
8153,437,93,2026-05-19 20:20:21.670001,Walmart,0,1.86
8154,111,49,2026-05-24 17:05:03.670003,Target,0,0.98
8155,129,268,2026-05-21 16:48:34.670005,Target,0,5.36
8156,849,59,2026-05-25 15:46:08.670007,Amazon,0,1.18
8157,706,58,2026-05-20 09:41:35.670009,Walmart,0,1.16
8158,925,25,2026-05-25 08:11:48.670011,Amazon,0,0.5
8159,852,52,2026-05-25 03:35:26.670013,Target,0,1.04
8160,326,79,2026-05-23 04:23:57.670015,Amazon,0,1.58
8161,8,24,2026-05-22 22:34:32.670017,Amazon,0,0.48
8162,29,42,2026-05-22 13:22:14.670019,Walmart,0,0.84
8163,112,213,2026-05-24 21:55:44.670021,Walmart,0,4.26
8164,947,42,2026-05-21 03:00:30.670023,Amazon,0,0.84
8165,673,58,2026-05-19 13:59:25.670025,Target,0,1.16
8166,131,119,2026-05-23 16:13:11.670027,Amazon,0,2.38
8167,188,127,2026-05-20 11:29:20.670028,Target,0,2.54
8168,675,64,2026-05-20 21:39:23.670030,Amazon,0,1.28
8169,709,175,2026-05-25 07:57:42.670032,Amazon,0,3.5
8170,475,187,2026-05-20 17:52:38.670034,Walmart,0,3.74
8171,364,49,2026-05-24 03:54:08.670036,Amazon,0,0.98
8172,204,32,2026-05-22 04:41:53.670038,Target,0,0.64
8173,212,41,2026-05-21 03:40:34.670040,Amazon,0,0.82
8174,621,123,2026-05-23 20:40:16.670042,Amazon,0,2.46
8175,276,51,2026-05-19 05:37:05.670044,Target,0,1.02
8176,73,52,2026-05-23 21:47:13.670046,Amazon,0,1.04
8177,679,83,2026-05-21 01:58:20.670048,Amazon,0,1.66
8178,772,57,2026-05-23 05:51:07.670056,Amazon,0,1.14
8179,243,132,2026-05-23 16:45:07.670058,Amazon,0,2.64
8180,787,54,2026-05-23 13:41:26.670060,Target,0,1.08
8181,102,173,2026-05-25 22:53:23.670062,BestBuy,0,3.46
8182,987,165,2026-05-19 15:29:42.670064,Target,0,3.3
8183,685,167,2026-05-22 05:17:39.670066,Target,0,3.34
8184,171,63,2026-05-19 21:31:17.670068,BestBuy,0,1.26
8185,653,72,2026-05-23 12:56:59.670070,Target,0,1.44
8186,909,275,2026-05-25 17:15:49.670072,Amazon,0,5.5
8187,188,71,2026-05-19 16:59:19.670074,Target,0,1.42
8188,441,60,2026-05-24 20:16:58.670076,Amazon,0,1.2
8189,86,101,2026-05-25 03:11:07.670078,Walmart,0,2.02
8190,476,145,2026-05-19 23:36:33.670080,Amazon,0,2.9
8191,52,190,2026-05-21 06:31:33.670082,Amazon,0,3.8
8192,111,43,2026-05-19 07:32:31.670084,Target,0,0.86
8193,949,40,2026-05-22 06:37:58.670086,Target,0,0.8
8194,877,8,2026-05-22 11:01:41.670088,Target,0,0.16
8195,854,151,2026-05-21 01:47:52.670090,Walmart,0,3.02
8196,43,137,2026-05-22 04:21:50.670092,BestBuy,0,2.74
8197,211,87,2026-05-19 18:00:01.670094,Amazon,0,1.74
8198,968,92,2026-05-22 11:26:14.670096,BestBuy,0,1.84
8199,200,68,2026-05-23 16:42:19.670098,BestBuy,0,1.36
8200,810,198,2026-05-19 14:38:55.670100,Walmart,0,3.96
8201,858,88,2026-05-25 15:00:32.670102,Amazon,0,1.76
8202,752,191,2026-05-20 06:10:40.670104,Amazon,0,3.82
8203,627,77,2026-05-21 17:09:03.670106,Walmart,0,1.54
8204,26,44,2026-05-23 07:38:22.670108,Walmart,0,0.88
8205,919,30,2026-05-19 20:23:19.670110,Amazon,0,0.6
8206,299,76,2026-05-19 09:44:51.670112,Walmart,0,1.52
8207,77,90,2026-05-24 03:57:40.670114,Target,0,1.8
8208,924,57,2026-05-22 18:31:29.670116,Amazon,0,1.14
8209,137,55,2026-05-23 19:30:53.670118,BestBuy,0,1.1
8210,20,28,2026-05-20 14:28:03.670120,Target,0,0.56
8211,440,127,2026-05-25 06:48:57.670122,BestBuy,0,2.54
8212,211,142,2026-05-23 15:27:40.670124,Walmart,0,2.84
8213,752,139,2026-05-21 20:40:36.670126,BestBuy,0,2.78
8214,551,189,2026-05-20 12:45:57.670128,Target,0,3.78
8215,435,152,2026-05-19 10:41:46.670130,Walmart,0,3.04
8216,780,93,2026-05-25 09:37:02.670132,Target,0,1.86
8217,207,194,2026-05-24 18:57:23.670134,Walmart,0,3.88
8218,991,29,2026-05-22 06:58:15.670136,Amazon,0,0.58
8219,439,183,2026-05-24 20:50:49.670138,BestBuy,0,3.66
8220,974,74,2026-05-21 03:55:25.670140,BestBuy,0,1.48
8221,779,70,2026-05-23 04:17:21.670142,Amazon,0,1.4
8222,666,184,2026-05-24 20:04:44.670144,Amazon,0,3.68
8223,42,35,2026-05-23 13:41:51.670146,BestBuy,0,0.7
8224,411,21,2026-05-22 20:07:09.670148,Amazon,0,0.42
8225,523,65,2026-05-25 16:52:18.670150,Walmart,0,1.3
8226,806,181,2026-05-25 10:42:12.670152,BestBuy,0,3.62
8227,610,40,2026-05-19 23:17:47.670154,Target,0,0.8
8228,427,34,2026-05-22 23:25:30.670156,Amazon,0,0.68
8229,275,143,2026-05-24 13:14:23.670158,Walmart,0,2.86
8230,448,57,2026-05-20 10:40:28.670160,BestBuy,0,1.14
8231,902,69,2026-05-25 22:46:19.670162,BestBuy,0,1.38
8232,942,265,2026-05-25 02:39:37.670164,Walmart,0,5.3
8233,884,44,2026-05-20 02:59:26.670166,Amazon,0,0.88
8234,742,38,2026-05-23 00:46:03.670168,BestBuy,0,0.76
8235,369,46,2026-05-25 20:59:29.670170,Amazon,0,0.92
8236,938,19,2026-05-25 02:19:15.670172,Walmart,0,0.38
8237,220,40,2026-05-22 08:12:49.670174,Target,0,0.8
8238,577,164,2026-05-21 02:45:47.670176,Walmart,0,3.28
8239,867,100,2026-05-25 04:45:31.670178,Amazon,0,2.0
8240,232,265,2026-05-19 18:30:55.670179,BestBuy,1,53.0
8241,328,78,2026-05-22 16:21:31.670181,Amazon,0,1.56
8242,443,97,2026-05-19 21:08:49.670183,Amazon,0,1.94
8243,52,60,2026-05-23 14:18:09.670185,Target,0,1.2
8244,886,165,2026-05-23 17:24:13.670187,BestBuy,0,3.3
8245,943,265,2026-05-25 20:17:44.670189,Target,0,5.3
8246,376,110,2026-05-20 13:54:15.670191,Target,0,2.2
8247,263,32,2026-05-23 00:04:41.670193,Walmart,0,0.64
8248,267,155,2026-05-25 04:36:03.670195,Walmart,0,3.1
8249,359,97,2026-05-23 09:27:13.670197,BestBuy,0,1.94
8250,317,11,2026-05-21 14:41:12.670199,Target,0,0.22
8251,324,41,2026-05-21 17:40:05.670201,Target,0,0.82
8252,921,132,2026-05-22 00:12:08.670203,Amazon,0,2.64
8253,908,185,2026-05-22 17:48:04.670205,Amazon,0,3.7
8254,666,96,2026-05-23 10:09:12.670207,Walmart,0,1.92
8255,870,136,2026-05-22 18:18:00.670209,Target,0,2.72
8256,878,301,2026-05-22 02:32:15.670211,BestBuy,1,60.2
8257,652,195,2026-05-23 09:23:09.670213,Target,0,3.9
8258,939,29,2026-05-25 10:38:07.670215,Walmart,0,0.58
8259,563,183,2026-05-19 16:15:52.670217,BestBuy,0,3.66
8260,629,72,2026-05-19 22:06:57.670219,Target,0,1.44
8261,421,26,2026-05-23 23:59:34.670221,Amazon,0,0.52
8262,46,147,2026-05-25 17:57:14.670223,Target,0,2.94
8263,821,16,2026-05-20 07:59:29.670225,Walmart,0,0.32
8264,600,133,2026-05-24 06:11:34.670226,Walmart,0,2.66
8265,720,68,2026-05-20 05:01:52.670228,Target,0,1.36
8266,889,98,2026-05-23 13:59:54.670231,Walmart,0,1.96
8267,269,220,2026-05-24 19:27:36.670232,Amazon,0,4.4
8268,601,81,2026-05-22 17:31:33.670235,Amazon,0,1.62
8269,381,42,2026-05-24 13:44:45.670237,Amazon,0,0.84
8270,118,73,2026-05-22 10:14:12.670238,Target,0,1.46
8271,566,105,2026-05-22 04:19:42.670240,Walmart,0,2.1
8272,953,33,2026-05-19 10:00:10.670242,Amazon,0,0.66
8273,116,70,2026-05-22 05:52:31.670244,BestBuy,0,1.4
8274,630,158,2026-05-19 13:35:20.670246,Walmart,0,3.16
8275,260,163,2026-05-20 18:38:06.670248,Walmart,0,3.26
8276,75,184,2026-05-21 03:54:21.670250,BestBuy,0,3.68
8277,480,76,2026-05-24 13:42:06.670252,Walmart,0,1.52
8278,305,63,2026-05-22 00:02:13.670254,Amazon,0,1.26
8279,7,140,2026-05-23 08:06:38.670256,Walmart,0,2.8
8280,366,224,2026-05-24 16:25:28.670258,Amazon,0,4.48
8281,634,138,2026-05-19 02:55:10.670260,Amazon,0,2.76
8282,523,80,2026-05-24 22:12:02.670262,Amazon,0,1.6
8283,348,17,2026-05-21 04:14:02.670264,Target,0,0.34
8284,438,203,2026-05-19 15:20:43.670266,Walmart,0,4.06
8285,215,103,2026-05-25 03:37:58.670268,BestBuy,0,2.06
8286,429,48,2026-05-20 04:58:52.670270,Target,0,0.96
8287,791,125,2026-05-19 07:08:02.670272,Target,0,2.5
8288,498,112,2026-05-22 19:10:16.670274,Target,0,2.24
8289,540,115,2026-05-20 19:36:48.670276,Target,0,2.3
8290,747,31,2026-05-23 03:12:42.670277,Amazon,0,0.62
8291,367,115,2026-05-25 21:47:44.670279,Amazon,0,2.3
8292,313,55,2026-05-21 20:58:57.670281,BestBuy,0,1.1
8293,538,164,2026-05-20 17:12:42.670283,Walmart,0,3.28
8294,921,37,2026-05-21 13:35:45.670285,BestBuy,0,0.74
8295,54,114,2026-05-18 23:55:52.670287,Walmart,0,2.28
8296,541,33,2026-05-21 17:25:03.670289,Amazon,0,0.66
8297,467,92,2026-05-20 00:36:07.670291,Walmart,0,1.84
8298,865,74,2026-05-24 15:44:14.670293,Walmart,0,1.48
8299,164,215,2026-05-23 02:47:05.670295,Target,0,4.3
8300,782,142,2026-05-19 18:33:03.670297,BestBuy,0,2.84
8301,334,65,2026-05-23 04:11:52.670299,Target,0,1.3
8302,547,50,2026-05-19 07:37:21.670301,Target,0,1.0
8303,798,23,2026-05-22 14:23:07.670303,Target,0,0.46
8304,348,70,2026-05-22 09:34:19.670305,Target,0,1.4
8305,273,49,2026-05-24 09:10:43.670307,Amazon,0,0.98
8306,963,162,2026-05-19 08:13:13.670309,BestBuy,0,3.24
8307,720,163,2026-05-24 04:15:26.670311,Target,0,3.26
8308,750,93,2026-05-23 17:54:50.670313,BestBuy,0,1.86
8309,414,44,2026-05-23 09:33:04.670315,Target,0,0.88
8310,500,83,2026-05-21 19:12:40.670317,Amazon,0,1.66
8311,93,126,2026-05-21 11:41:13.670319,Target,0,2.52
8312,685,145,2026-05-21 14:37:57.670321,Walmart,0,2.9
8313,79,194,2026-05-20 13:11:18.670323,Amazon,0,3.88
8314,622,412,2026-05-21 23:36:42.670325,BestBuy,1,82.4
8315,217,74,2026-05-25 05:21:09.670327,Walmart,0,1.48
8316,947,135,2026-05-21 22:55:47.670329,Walmart,0,2.7
8317,358,29,2026-05-23 10:02:52.670331,Amazon,0,0.58
8318,618,51,2026-05-25 02:58:49.670333,BestBuy,0,1.02
8319,507,69,2026-05-22 02:21:04.670335,Amazon,0,1.38
8320,559,160,2026-05-22 10:35:38.670337,Target,0,3.2
8321,181,302,2026-05-25 14:24:52.670339,Amazon,0,6.04
8322,576,86,2026-05-19 22:49:20.670341,Amazon,0,1.72
8323,246,53,2026-05-24 12:49:51.670343,Target,0,1.06
8324,244,82,2026-05-25 16:17:59.670345,Target,0,1.64
8325,506,64,2026-05-22 13:57:13.670347,BestBuy,0,1.28
8326,422,78,2026-05-24 18:30:54.670349,Amazon,0,1.56
8327,320,165,2026-05-22 12:20:54.670351,Target,0,3.3
8328,87,59,2026-05-20 18:23:25.670353,BestBuy,0,1.18
8329,217,80,2026-05-22 14:04:49.670355,BestBuy,0,1.6
8330,490,200,2026-05-20 08:05:07.670357,Target,0,4.0
8331,519,106,2026-05-25 16:10:46.670359,Target,0,2.12
8332,278,73,2026-05-22 14:43:09.670361,BestBuy,0,1.46
8333,849,84,2026-05-21 12:36:54.670363,Walmart,0,1.68
8334,722,25,2026-05-22 23:07:52.670365,Target,0,0.5
8335,169,2,2026-05-21 19:31:42.670367,Walmart,0,0.04
8336,330,42,2026-05-20 01:37:47.670369,BestBuy,0,0.84
8337,650,168,2026-05-20 08:10:41.670371,Amazon,0,3.36
8338,441,197,2026-05-23 05:49:04.670373,Walmart,0,3.94
8339,391,50,2026-05-21 12:07:47.670375,Walmart,0,1.0
8340,496,21,2026-05-19 09:10:42.670377,Walmart,0,0.42
8341,381,172,2026-05-24 13:08:20.670379,Walmart,0,3.44
8342,306,46,2026-05-20 08:10:41.670381,Walmart,0,0.92
8343,742,66,2026-05-24 10:33:28.670383,Walmart,0,1.32
8344,987,146,2026-05-19 08:39:12.670385,Amazon,0,2.92
8345,820,14,2026-05-23 17:01:02.670387,Amazon,0,0.28
8346,673,39,2026-05-21 23:50:51.670389,Amazon,0,0.78
8347,513,21,2026-05-25 15:11:38.670391,Walmart,0,0.42
8348,748,51,2026-05-20 04:02:42.670393,BestBuy,0,1.02
8349,949,144,2026-05-24 03:18:40.670395,Target,0,2.88
8350,188,240,2026-05-23 09:42:17.670397,Walmart,0,4.8
8351,930,98,2026-05-19 01:44:52.670399,Amazon,0,1.96
8352,516,144,2026-05-19 21:56:19.670401,BestBuy,0,2.88
8353,913,14,2026-05-22 03:42:21.670403,BestBuy,0,0.28
8354,644,98,2026-05-22 22:18:49.670405,Walmart,0,1.96
8355,427,76,2026-05-19 03:13:52.670406,Amazon,0,1.52
8356,502,132,2026-05-24 11:42:10.670408,Target,0,2.64
8357,730,144,2026-05-19 03:39:14.670410,Target,0,2.88
8358,260,19,2026-05-24 17:46:43.670412,Amazon,0,0.38
8359,513,59,2026-05-24 06:00:03.670414,Amazon,0,1.18
8360,71,174,2026-05-25 22:17:38.670416,BestBuy,0,3.48
8361,478,91,2026-05-24 07:26:28.670418,Walmart,0,1.82
8362,178,10,2026-05-21 01:22:08.670420,Walmart,0,0.2
8363,457,52,2026-05-22 21:16:41.670422,Walmart,0,1.04
8364,189,13,2026-05-25 04:48:28.670424,Target,0,0.26
8365,291,169,2026-05-20 00:00:09.670426,Target,0,3.38
8366,520,112,2026-05-20 01:17:22.670428,Target,0,2.24
8367,765,69,2026-05-25 08:55:08.670430,Walmart,0,1.38
8368,920,62,2026-05-23 15:19:40.670432,Amazon,0,1.24
8369,979,185,2026-05-24 19:13:47.670434,Amazon,0,3.7
8370,292,69,2026-05-22 09:35:03.670436,Walmart,0,1.38
8371,946,125,2026-05-21 23:17:36.670438,Walmart,0,2.5
8372,756,68,2026-05-22 21:42:52.670440,Amazon,0,1.36
8373,635,216,2026-05-23 11:37:19.670442,Amazon,0,4.32
8374,811,179,2026-05-23 00:50:43.670444,Target,0,3.58
8375,283,34,2026-05-24 10:29:03.670446,BestBuy,0,0.68
8376,544,95,2026-05-25 21:07:12.670448,BestBuy,0,1.9
8377,846,165,2026-05-24 19:53:59.670450,Walmart,0,3.3
8378,377,295,2026-05-19 00:01:46.670452,BestBuy,1,59.0
8379,658,20,2026-05-21 20:41:01.670454,BestBuy,0,0.4
8380,156,61,2026-05-24 03:19:54.670455,BestBuy,0,1.22
8381,508,36,2026-05-23 21:20:28.670457,Target,0,0.72
8382,413,55,2026-05-23 12:07:27.670459,Target,0,1.1
8383,528,109,2026-05-21 23:57:25.670461,Amazon,0,2.18
8384,355,38,2026-05-25 08:26:26.670463,Walmart,0,0.76
8385,559,130,2026-05-25 15:53:15.670465,BestBuy,0,2.6
8386,763,57,2026-05-24 04:58:24.670467,Amazon,0,1.14
8387,187,94,2026-05-22 02:19:09.670469,Target,0,1.88
8388,31,74,2026-05-24 20:59:45.670471,BestBuy,0,1.48
8389,260,62,2026-05-21 12:44:00.670473,Walmart,0,1.24
8390,421,53,2026-05-20 15:31:52.670475,BestBuy,0,1.06
8391,529,109,2026-05-22 18:18:47.670477,Target,0,2.18
8392,551,42,2026-05-25 01:55:13.670479,BestBuy,0,0.84
8393,304,75,2026-05-23 15:23:02.670481,BestBuy,0,1.5
8394,942,133,2026-05-25 10:10:16.670483,BestBuy,0,2.66
8395,986,103,2026-05-22 15:07:32.670485,BestBuy,0,2.06
8396,944,70,2026-05-24 13:45:49.670487,Target,0,1.4
8397,39,13,2026-05-24 15:22:29.670489,Amazon,0,0.26
8398,489,187,2026-05-25 08:09:55.670492,BestBuy,0,3.74
8399,644,52,2026-05-19 06:19:56.670494,Walmart,0,1.04
8400,542,194,2026-05-20 18:14:13.670496,BestBuy,0,3.88
8401,670,71,2026-05-18 23:08:06.670498,Walmart,0,1.42
8402,278,109,2026-05-23 23:39:06.670499,Walmart,0,2.18
8403,203,244,2026-05-21 08:12:43.670501,BestBuy,1,48.8
8404,66,168,2026-05-21 22:40:59.670503,BestBuy,0,3.36
8405,108,66,2026-05-21 01:35:45.670505,Walmart,0,1.32
8406,268,107,2026-05-25 19:51:40.670507,Target,0,2.14
8407,222,93,2026-05-24 14:10:52.670509,Amazon,0,1.86
8408,804,128,2026-05-19 23:27:46.670511,Walmart,0,2.56
8409,530,157,2026-05-24 20:15:41.670513,Target,0,3.14
8410,90,15,2026-05-20 08:34:26.670515,Amazon,0,0.3
8411,693,302,2026-05-21 02:09:35.670517,Amazon,0,6.04
8412,255,70,2026-05-21 16:26:36.670519,Amazon,0,1.4
8413,455,176,2026-05-21 18:22:57.670521,BestBuy,0,3.52
8414,253,126,2026-05-24 08:00:52.670523,BestBuy,0,2.52
8415,257,306,2026-05-22 06:03:38.670525,Walmart,0,6.12
8416,383,104,2026-05-23 09:56:45.670527,BestBuy,0,2.08
8417,442,135,2026-05-20 00:12:55.670529,Target,0,2.7
8418,858,24,2026-05-23 09:01:04.670531,Amazon,0,0.48
8419,599,100,2026-05-23 02:55:33.670533,Amazon,0,2.0
8420,90,181,2026-05-19 17:59:16.670534,Amazon,0,3.62
8421,749,120,2026-05-24 02:17:49.670536,BestBuy,0,2.4
8422,390,31,2026-05-23 16:21:50.670538,BestBuy,0,0.62
8423,582,195,2026-05-23 07:56:14.670540,BestBuy,0,3.9
8424,44,374,2026-05-22 23:24:15.670542,Target,0,7.48
8425,712,70,2026-05-19 10:17:35.670544,BestBuy,0,1.4
8426,664,113,2026-05-19 07:20:28.670546,BestBuy,0,2.26
8427,598,89,2026-05-25 08:26:32.670548,BestBuy,0,1.78
8428,19,21,2026-05-21 23:14:20.670550,Target,0,0.42
8429,101,184,2026-05-20 05:39:26.670552,BestBuy,0,3.68
8430,914,69,2026-05-23 10:10:21.670554,Walmart,0,1.38
8431,607,87,2026-05-24 17:44:26.670556,BestBuy,0,1.74
8432,766,141,2026-05-18 23:23:14.670558,Walmart,0,2.82
8433,357,45,2026-05-25 01:21:28.670560,Target,0,0.9
8434,542,37,2026-05-22 18:49:37.670562,Walmart,0,0.74
8435,761,126,2026-05-22 15:42:11.670564,Target,0,2.52
8436,938,221,2026-05-20 20:29:44.670566,BestBuy,1,44.2
8437,33,40,2026-05-23 22:55:53.670568,BestBuy,0,0.8
8438,970,91,2026-05-25 20:05:14.670570,Walmart,0,1.82
8439,229,146,2026-05-23 11:09:42.670572,BestBuy,0,2.92
8440,524,254,2026-05-19 04:03:34.670574,Walmart,0,5.08
8441,630,71,2026-05-19 10:41:26.670576,Target,0,1.42
8442,862,66,2026-05-19 16:52:13.670578,BestBuy,0,1.32
8443,155,78,2026-05-21 23:47:05.670580,BestBuy,0,1.56
8444,423,114,2026-05-23 20:41:28.670581,BestBuy,0,2.28
8445,905,115,2026-05-20 18:50:47.670583,Amazon,0,2.3
8446,246,51,2026-05-23 23:58:38.670585,Amazon,0,1.02
8447,405,100,2026-05-19 09:18:18.670587,Walmart,0,2.0
8448,844,93,2026-05-21 11:25:44.670589,Amazon,0,1.86
8449,759,28,2026-05-24 20:37:05.670591,BestBuy,0,0.56
8450,541,79,2026-05-25 09:06:16.670593,Amazon,0,1.58
8451,161,104,2026-05-20 10:12:11.670595,Walmart,0,2.08
8452,747,116,2026-05-21 13:03:10.670597,Amazon,0,2.32
8453,702,155,2026-05-23 05:49:22.670599,Target,0,3.1
8454,117,70,2026-05-23 07:00:48.670601,Target,0,1.4
8455,271,110,2026-05-19 11:26:12.670603,Amazon,0,2.2
8456,770,38,2026-05-22 13:36:09.670605,Target,0,0.76
8457,692,117,2026-05-23 21:44:30.670607,Target,0,2.34
8458,487,196,2026-05-19 14:17:48.670609,Amazon,0,3.92
8459,885,73,2026-05-23 19:31:33.670611,Target,0,1.46
8460,172,49,2026-05-24 07:25:27.670613,Walmart,0,0.98
8461,950,95,2026-05-24 04:26:30.670615,Walmart,0,1.9
8462,274,84,2026-05-25 00:34:23.670616,BestBuy,0,1.68
8463,259,150,2026-05-22 15:16:49.670618,Walmart,0,3.0
8464,135,124,2026-05-22 01:43:35.670620,BestBuy,0,2.48
8465,683,154,2026-05-24 13:07:21.670622,BestBuy,0,3.08
8466,722,55,2026-05-19 15:10:53.670624,Amazon,0,1.1
8467,748,106,2026-05-21 03:42:26.670626,Target,0,2.12
8468,422,40,2026-05-24 08:44:32.670628,Amazon,0,0.8
8469,421,29,2026-05-25 06:23:26.670630,BestBuy,0,0.58
8470,186,19,2026-05-24 12:06:52.670632,Amazon,0,0.38
8471,929,72,2026-05-19 13:50:25.670634,Target,0,1.44
8472,364,34,2026-05-23 11:36:53.670636,Target,0,0.68
8473,955,17,2026-05-22 12:01:05.670638,Target,0,0.34
8474,607,72,2026-05-22 04:29:14.670640,BestBuy,0,1.44
8475,378,180,2026-05-23 13:04:21.670642,Amazon,0,3.6
8476,523,93,2026-05-22 21:17:47.670644,Amazon,0,1.86
8477,580,134,2026-05-25 13:27:46.670646,BestBuy,0,2.68
8478,891,21,2026-05-24 07:09:49.670648,BestBuy,0,0.42
8479,722,176,2026-05-19 19:53:31.670650,Walmart,0,3.52
8480,196,68,2026-05-20 14:36:13.670652,Amazon,0,1.36
8481,881,37,2026-05-23 00:55:38.670654,Target,0,0.74
8482,98,179,2026-05-23 10:07:06.670656,Amazon,0,3.58
8483,605,197,2026-05-21 08:05:43.670658,Walmart,0,3.94
8484,984,106,2026-05-25 07:41:06.670660,Target,0,2.12
8485,22,149,2026-05-20 11:55:15.670662,Walmart,0,2.98
8486,450,66,2026-05-23 21:20:04.670664,BestBuy,0,1.32
8487,172,79,2026-05-23 11:18:36.670666,BestBuy,0,1.58
8488,383,95,2026-05-21 03:32:48.670668,Amazon,0,1.9
8489,134,63,2026-05-25 01:13:26.670670,BestBuy,0,1.26
8490,426,103,2026-05-23 22:42:24.670672,BestBuy,0,2.06
8491,25,73,2026-05-20 10:55:48.670674,Amazon,0,1.46
8492,503,97,2026-05-22 00:03:22.670676,Walmart,0,1.94
8493,185,128,2026-05-21 10:13:21.670678,Walmart,0,2.56
8494,85,165,2026-05-20 23:20:51.670680,Target,0,3.3
8495,567,66,2026-05-23 00:30:44.670682,Target,0,1.32
8496,763,159,2026-05-19 17:30:44.670684,Walmart,0,3.18
8497,144,169,2026-05-20 05:56:46.670686,BestBuy,0,3.38
8498,863,149,2026-05-23 03:02:47.670688,Target,0,2.98
8499,910,137,2026-05-24 01:16:18.670690,Walmart,0,2.74
8500,679,89,2026-05-19 15:13:11.670692,BestBuy,0,1.78
8501,412,100,2026-05-24 18:52:22.670694,BestBuy,0,2.0
8502,224,100,2026-05-19 10:40:09.670696,Walmart,0,2.0
8503,220,21,2026-05-19 19:26:53.670698,Amazon,0,0.42
8504,179,93,2026-05-21 06:23:41.670699,Walmart,0,1.86
8505,631,114,2026-05-22 18:29:52.670701,BestBuy,0,2.28
8506,433,75,2026-05-20 04:55:57.670703,Target,0,1.5
8507,265,330,2026-05-22 21:04:28.670705,BestBuy,1,66.0
8508,954,153,2026-05-23 23:45:25.670707,BestBuy,0,3.06
8509,429,93,2026-05-24 19:13:09.670709,Walmart,0,1.86
8510,662,134,2026-05-21 05:49:17.670711,BestBuy,0,2.68
8511,416,260,2026-05-23 00:57:09.670713,Amazon,0,5.2
8512,453,11,2026-05-19 03:23:54.670715,Target,0,0.22
8513,727,80,2026-05-24 06:53:08.670717,Walmart,0,1.6
8514,197,127,2026-05-22 17:10:48.670719,Amazon,0,2.54
8515,554,71,2026-05-20 23:54:42.670721,Target,0,1.42
8516,53,230,2026-05-23 15:51:40.670723,Amazon,0,4.6
8517,480,244,2026-05-25 01:26:11.670725,BestBuy,1,48.8
8518,443,104,2026-05-21 00:05:33.670727,BestBuy,0,2.08
8519,330,21,2026-05-24 10:58:59.670729,Amazon,0,0.42
8520,251,94,2026-05-22 10:53:35.670731,Target,0,1.88
8521,807,43,2026-05-22 15:39:33.670733,Amazon,0,0.86
8522,890,78,2026-05-20 15:24:21.670735,Amazon,0,1.56
8523,783,18,2026-05-24 14:25:47.670737,Amazon,0,0.36
8524,967,229,2026-05-21 02:34:14.670739,Target,0,4.58
8525,925,64,2026-05-20 04:07:02.670741,Amazon,0,1.28
8526,123,19,2026-05-21 03:21:55.670743,BestBuy,0,0.38
8527,879,83,2026-05-25 11:46:34.670745,Walmart,0,1.66
8528,387,54,2026-05-22 16:45:02.670747,BestBuy,0,1.08
8529,339,86,2026-05-22 02:49:16.670749,BestBuy,0,1.72
8530,778,53,2026-05-25 10:24:33.670751,Amazon,0,1.06
8531,348,32,2026-05-19 19:10:17.670752,Walmart,0,0.64
8532,29,114,2026-05-22 19:50:33.670755,Amazon,0,2.28
8533,975,96,2026-05-24 01:29:37.670756,Walmart,0,1.92
8534,35,82,2026-05-25 07:58:27.670758,BestBuy,0,1.64
8535,518,33,2026-05-19 06:54:08.670760,Target,0,0.66
8536,396,42,2026-05-24 02:30:07.670762,Amazon,0,0.84
8537,623,191,2026-05-20 06:11:37.670764,BestBuy,0,3.82
8538,294,32,2026-05-19 22:06:09.670766,Walmart,0,0.64
8539,589,40,2026-05-20 07:10:18.670768,BestBuy,0,0.8
8540,349,48,2026-05-22 01:32:26.670770,BestBuy,0,0.96
8541,147,114,2026-05-23 11:29:42.670772,BestBuy,0,2.28
8542,67,11,2026-05-21 23:11:11.670774,Target,0,0.22
8543,904,154,2026-05-25 17:44:44.670776,Amazon,0,3.08
8544,520,4,2026-05-19 20:49:17.670778,Amazon,0,0.08
8545,122,149,2026-05-22 12:48:01.670780,Amazon,0,2.98
8546,340,34,2026-05-22 21:08:50.670782,Target,0,0.68
8547,175,133,2026-05-21 05:13:25.670784,Target,0,2.66
8548,900,46,2026-05-25 14:55:46.670786,Walmart,0,0.92
8549,691,59,2026-05-20 16:18:46.670788,Amazon,0,1.18
8550,597,117,2026-05-19 04:11:11.670790,Walmart,0,2.34
8551,451,109,2026-05-19 03:09:35.670792,BestBuy,0,2.18
8552,557,120,2026-05-25 05:04:25.670794,Walmart,0,2.4
8553,136,165,2026-05-24 23:18:57.670796,Walmart,0,3.3
8554,855,53,2026-05-20 17:20:47.670798,BestBuy,0,1.06
8555,16,55,2026-05-21 14:34:19.670800,BestBuy,0,1.1
8556,333,128,2026-05-25 14:25:45.670802,Walmart,0,2.56
8557,195,13,2026-05-24 16:57:28.670804,Walmart,0,0.26
8558,496,66,2026-05-25 20:15:21.670806,Amazon,0,1.32
8559,9,109,2026-05-20 12:27:00.670807,Target,0,2.18
8560,828,34,2026-05-24 20:00:24.670810,BestBuy,0,0.68
8561,334,156,2026-05-23 18:25:31.670811,Walmart,0,3.12
8562,333,153,2026-05-23 20:41:26.670813,Target,0,3.06
8563,327,30,2026-05-24 02:41:45.670815,Walmart,0,0.6
8564,15,23,2026-05-22 11:30:13.670817,Amazon,0,0.46
8565,839,16,2026-05-25 02:00:16.670819,Walmart,0,0.32
8566,614,130,2026-05-22 03:56:25.670821,BestBuy,0,2.6
8567,226,96,2026-05-21 21:03:52.670824,Walmart,0,1.92
8568,425,161,2026-05-23 20:06:30.670826,Walmart,0,3.22
8569,790,143,2026-05-20 06:36:02.670827,BestBuy,0,2.86
8570,408,314,2026-05-20 06:58:21.670829,Amazon,0,6.28
8571,113,79,2026-05-24 01:37:49.670831,BestBuy,0,1.58
8572,997,54,2026-05-22 02:48:16.670833,Walmart,0,1.08
8573,428,173,2026-05-22 21:50:30.670835,Amazon,0,3.46
8574,1,55,2026-05-19 10:31:31.670837,BestBuy,0,1.1
8575,266,137,2026-05-24 03:20:50.670839,Target,0,2.74
8576,491,31,2026-05-19 03:53:36.670841,Target,0,0.62
8577,208,38,2026-05-21 14:43:09.670843,Target,0,0.76
8578,622,43,2026-05-20 02:18:24.670845,BestBuy,0,0.86
8579,712,97,2026-05-21 23:10:13.670847,Amazon,0,1.94
8580,952,28,2026-05-24 15:12:57.670849,BestBuy,0,0.56
8581,369,20,2026-05-25 08:03:02.670851,Walmart,0,0.4
8582,985,74,2026-05-19 19:32:42.670854,BestBuy,0,1.48
8583,306,114,2026-05-21 23:35:57.670856,Target,0,2.28
8584,12,33,2026-05-20 03:36:22.670858,Target,0,0.66
8585,345,234,2026-05-19 20:10:50.670860,Walmart,0,4.68
8586,465,63,2026-05-20 10:33:10.670862,BestBuy,0,1.26
8587,700,102,2026-05-19 20:33:18.670864,Target,0,2.04
8588,666,74,2026-05-23 15:47:28.670866,BestBuy,0,1.48
8589,494,57,2026-05-20 17:24:48.670868,Target,0,1.14
8590,368,159,2026-05-21 01:07:01.670869,Walmart,0,3.18
8591,846,131,2026-05-22 21:58:51.670871,Amazon,0,2.62
8592,937,305,2026-05-19 19:20:40.670873,Amazon,0,6.1
8593,420,95,2026-05-25 07:23:50.670875,Target,0,1.9
8594,889,52,2026-05-23 09:26:08.670877,Target,0,1.04
8595,791,28,2026-05-25 00:20:00.670879,BestBuy,0,0.56
8596,171,128,2026-05-23 18:41:16.670881,Amazon,0,2.56
8597,134,53,2026-05-19 02:21:19.670883,BestBuy,0,1.06
8598,965,93,2026-05-21 08:43:43.670885,Target,0,1.86
8599,427,43,2026-05-24 21:46:16.670887,Amazon,0,0.86
8600,25,97,2026-05-23 20:30:16.670889,BestBuy,0,1.94
8601,530,146,2026-05-24 11:50:28.670891,Target,0,2.92
8602,190,206,2026-05-22 08:22:23.670893,BestBuy,1,41.2
8603,141,34,2026-05-19 00:57:34.670895,BestBuy,0,0.68
8604,555,76,2026-05-19 01:17:59.670897,Target,0,1.52
8605,846,21,2026-05-25 10:45:23.670899,BestBuy,0,0.42
8606,796,163,2026-05-24 20:42:23.670901,BestBuy,0,3.26
8607,658,182,2026-05-21 10:31:18.670903,Amazon,0,3.64
8608,315,91,2026-05-20 17:20:53.670904,BestBuy,0,1.82
8609,444,47,2026-05-22 16:09:17.670906,Walmart,0,0.94
8610,319,30,2026-05-21 13:56:29.670908,Target,0,0.6
8611,441,74,2026-05-24 05:34:38.670910,BestBuy,0,1.48
8612,92,36,2026-05-24 02:09:28.670912,Target,0,0.72
8613,179,130,2026-05-25 10:33:59.670914,Walmart,0,2.6
8614,56,133,2026-05-25 17:54:39.670916,Target,0,2.66
8615,155,60,2026-05-22 03:32:28.670918,Walmart,0,1.2
8616,672,42,2026-05-20 07:21:51.670920,Walmart,0,0.84
8617,111,102,2026-05-21 17:28:44.670922,Amazon,0,2.04
8618,137,154,2026-05-24 03:40:57.670924,Walmart,0,3.08
8619,232,117,2026-05-20 10:40:20.670926,Amazon,0,2.34
8620,992,134,2026-05-20 12:32:54.670928,BestBuy,0,2.68
8621,468,176,2026-05-24 10:48:27.670930,Amazon,0,3.52
8622,732,110,2026-05-20 08:08:28.670932,Amazon,0,2.2
8623,481,158,2026-05-22 09:43:16.670934,BestBuy,0,3.16
8624,68,53,2026-05-24 22:43:26.670936,Target,0,1.06
8625,814,26,2026-05-21 04:35:02.670938,Target,0,0.52
8626,249,40,2026-05-22 00:00:43.670939,BestBuy,0,0.8
8627,994,249,2026-05-20 14:11:29.670941,Walmart,0,4.98
8628,323,234,2026-05-20 18:19:59.670943,Amazon,0,4.68
8629,922,60,2026-05-23 21:01:12.670945,Target,0,1.2
8630,904,211,2026-05-22 05:44:58.670947,Target,0,4.22
8631,518,113,2026-05-19 16:41:56.670949,Walmart,0,2.26
8632,976,95,2026-05-23 22:05:15.670951,Target,0,1.9
8633,792,177,2026-05-24 14:42:52.670953,Target,0,3.54
8634,432,42,2026-05-23 14:47:57.670955,Target,0,0.84
8635,487,79,2026-05-20 20:37:00.670957,BestBuy,0,1.58
8636,606,113,2026-05-21 12:48:56.670959,Target,0,2.26
8637,429,235,2026-05-23 13:55:11.670961,Target,0,4.7
8638,269,357,2026-05-24 22:38:40.670963,BestBuy,1,71.4
8639,709,45,2026-05-20 10:08:24.670965,Target,0,0.9
8640,537,53,2026-05-24 01:35:12.670967,Walmart,0,1.06
8641,148,173,2026-05-22 05:20:47.670969,Amazon,0,3.46
8642,118,414,2026-05-23 20:18:36.670971,BestBuy,1,82.8
8643,850,57,2026-05-25 17:48:18.670973,BestBuy,0,1.14
8644,367,57,2026-05-21 09:36:41.670975,Target,0,1.14
8645,850,68,2026-05-23 03:39:40.670977,Amazon,0,1.36
8646,66,54,2026-05-24 15:17:10.670979,Walmart,0,1.08
8647,970,55,2026-05-24 12:53:51.670981,Walmart,0,1.1
8648,813,91,2026-05-21 08:25:30.670983,Amazon,0,1.82
8649,370,88,2026-05-19 04:07:13.670985,Amazon,0,1.76
8650,175,36,2026-05-21 03:31:04.670987,Walmart,0,0.72
8651,831,155,2026-05-20 12:52:18.670989,Target,0,3.1
8652,588,170,2026-05-23 19:59:46.670991,Amazon,0,3.4
8653,495,27,2026-05-20 07:37:56.670993,Amazon,0,0.54
8654,973,96,2026-05-19 08:47:36.670995,Target,0,1.92
8655,114,148,2026-05-19 00:24:52.670997,BestBuy,0,2.96
8656,111,90,2026-05-25 09:05:11.670998,Amazon,0,1.8
8657,761,74,2026-05-22 19:54:54.671000,Target,0,1.48
8658,439,85,2026-05-23 12:55:11.671002,Walmart,0,1.7
8659,715,143,2026-05-19 10:52:04.671004,BestBuy,0,2.86
8660,147,177,2026-05-21 08:50:58.671006,Amazon,0,3.54
8661,35,47,2026-05-20 03:04:56.671008,Target,0,0.94
8662,999,63,2026-05-25 13:33:01.671010,BestBuy,0,1.26
8663,309,100,2026-05-23 07:43:14.671012,Target,0,2.0
8664,538,79,2026-05-22 10:11:59.671014,Walmart,0,1.58
8665,750,129,2026-05-19 16:16:49.671016,Amazon,0,2.58
8666,14,28,2026-05-19 16:05:22.671018,Target,0,0.56
8667,374,182,2026-05-25 16:16:11.671020,Amazon,0,3.64
8668,557,91,2026-05-19 16:35:18.671022,Target,0,1.82
8669,428,34,2026-05-23 08:33:51.671024,Amazon,0,0.68
8670,728,141,2026-05-23 00:15:51.671026,Amazon,0,2.82
8671,233,56,2026-05-22 09:22:59.671028,BestBuy,0,1.12
8672,705,93,2026-05-23 20:57:38.671030,Target,0,1.86
8673,563,70,2026-05-19 13:25:12.671032,Target,0,1.4
8674,939,143,2026-05-23 17:17:27.671034,Amazon,0,2.86
8675,887,55,2026-05-24 02:31:49.671036,Amazon,0,1.1
8676,726,39,2026-05-22 13:48:26.671037,BestBuy,0,0.78
8677,663,99,2026-05-22 13:47:02.671039,Walmart,0,1.98
8678,440,36,2026-05-20 04:28:40.671041,Target,0,0.72
8679,502,24,2026-05-24 14:19:11.671043,Amazon,0,0.48
8680,275,84,2026-05-22 07:38:28.671045,BestBuy,0,1.68
8681,850,65,2026-05-22 12:06:28.671047,Amazon,0,1.3
8682,76,29,2026-05-20 07:47:45.671049,Target,0,0.58
8683,439,50,2026-05-22 23:10:12.671051,BestBuy,0,1.0
8684,732,168,2026-05-25 10:35:10.671053,BestBuy,0,3.36
8685,860,99,2026-05-20 12:58:03.671055,Amazon,0,1.98
8686,956,95,2026-05-21 19:48:38.671057,Amazon,0,1.9
8687,699,107,2026-05-23 01:50:21.671059,Walmart,0,2.14
8688,289,60,2026-05-23 08:11:26.671061,Walmart,0,1.2
8689,915,43,2026-05-20 13:26:42.671063,Target,0,0.86
8690,540,178,2026-05-21 23:51:50.671065,Target,0,3.56
8691,891,156,2026-05-19 17:20:40.671067,BestBuy,0,3.12
8692,692,34,2026-05-21 17:03:02.671069,Target,0,0.68
8693,253,81,2026-05-19 11:52:25.671071,Walmart,0,1.62
8694,126,71,2026-05-20 13:39:20.671073,Walmart,0,1.42
8695,177,141,2026-05-21 12:36:16.671075,Walmart,0,2.82
8696,37,56,2026-05-21 12:20:50.671076,Amazon,0,1.12
8697,410,31,2026-05-24 10:56:55.671078,Walmart,0,0.62
8698,611,25,2026-05-25 20:55:25.671080,Walmart,0,0.5
8699,610,101,2026-05-25 20:35:00.671082,Target,0,2.02
8700,127,58,2026-05-25 02:37:55.671084,Walmart,0,1.16
8701,483,134,2026-05-25 22:57:45.671086,Walmart,0,2.68
8702,168,73,2026-05-24 04:50:36.671088,Amazon,0,1.46
8703,592,87,2026-05-24 14:08:35.671090,Walmart,0,1.74
8704,294,220,2026-05-23 13:05:02.671092,Target,0,4.4
8705,845,40,2026-05-22 08:29:39.671094,Amazon,0,0.8
8706,638,106,2026-05-21 20:15:53.671096,BestBuy,0,2.12
8707,343,107,2026-05-24 01:33:19.671098,Walmart,0,2.14
8708,310,297,2026-05-24 09:38:36.671100,Walmart,0,5.94
8709,662,275,2026-05-24 11:28:27.671102,Walmart,0,5.5
8710,528,45,2026-05-19 04:18:28.671104,BestBuy,0,0.9
8711,540,77,2026-05-20 22:26:04.671106,Amazon,0,1.54
8712,419,40,2026-05-25 06:35:32.671108,Amazon,0,0.8
8713,444,103,2026-05-23 05:09:22.671110,Walmart,0,2.06
8714,685,115,2026-05-22 02:50:25.671112,BestBuy,0,2.3
8715,558,32,2026-05-22 14:36:56.671114,Target,0,0.64
8716,840,97,2026-05-22 14:51:56.671115,BestBuy,0,1.94
8717,236,36,2026-05-22 14:54:29.671117,Walmart,0,0.72
8718,439,19,2026-05-21 21:33:47.671119,BestBuy,0,0.38
8719,214,78,2026-05-19 21:58:44.671121,Amazon,0,1.56
8720,85,259,2026-05-22 09:38:36.671123,Amazon,0,5.18
8721,794,79,2026-05-21 00:59:24.671125,Amazon,0,1.58
8722,744,96,2026-05-20 06:54:10.671127,Target,0,1.92
8723,85,81,2026-05-23 19:07:57.671129,BestBuy,0,1.62
8724,921,31,2026-05-23 18:09:27.671131,Walmart,0,0.62
8725,489,78,2026-05-21 04:48:12.671133,Walmart,0,1.56
8726,65,93,2026-05-20 18:45:18.671135,Amazon,0,1.86
8727,646,98,2026-05-21 04:33:13.671137,Walmart,0,1.96
8728,663,20,2026-05-21 23:37:56.671139,Target,0,0.4
8729,627,35,2026-05-20 08:26:03.671141,BestBuy,0,0.7
8730,64,164,2026-05-24 15:57:53.671143,Target,0,3.28
8731,343,96,2026-05-21 15:27:29.671145,BestBuy,0,1.92
8732,939,79,2026-05-19 15:57:27.671147,BestBuy,0,1.58
8733,875,125,2026-05-22 08:08:41.671149,BestBuy,0,2.5
8734,919,237,2026-05-20 02:33:49.671151,Walmart,0,4.74
8735,352,302,2026-05-24 11:31:13.671153,Walmart,0,6.04
8736,158,72,2026-05-20 03:59:39.671155,Walmart,0,1.44
8737,589,16,2026-05-22 17:10:10.671157,Walmart,0,0.32
8738,491,65,2026-05-21 16:20:45.671159,Walmart,0,1.3
8739,658,200,2026-05-23 08:26:18.671161,Walmart,0,4.0
8740,855,142,2026-05-23 03:29:15.671162,Amazon,0,2.84
8741,463,26,2026-05-22 13:14:28.671164,Amazon,0,0.52
8742,225,59,2026-05-19 03:34:56.671166,Amazon,0,1.18
8743,917,27,2026-05-23 14:35:50.671168,Target,0,0.54
8744,313,38,2026-05-23 02:21:45.671170,Target,0,0.76
8745,615,113,2026-05-23 23:00:33.671172,Target,0,2.26
8746,919,117,2026-05-20 11:27:06.671174,BestBuy,0,2.34
8747,859,129,2026-05-21 01:38:25.671176,BestBuy,0,2.58
8748,813,132,2026-05-25 00:47:38.671178,Target,0,2.64
8749,940,72,2026-05-24 20:42:29.671180,Amazon,0,1.44
8750,466,89,2026-05-22 07:19:08.671182,Walmart,0,1.78
8751,88,163,2026-05-22 01:51:35.671184,Walmart,0,3.26
8752,883,10,2026-05-20 19:07:17.671186,Walmart,0,0.2
8753,303,30,2026-05-20 10:37:33.671188,BestBuy,0,0.6
8754,680,111,2026-05-20 06:22:15.671190,Target,0,2.22
8755,435,104,2026-05-21 22:39:34.671192,Amazon,0,2.08
8756,682,238,2026-05-21 06:06:06.671194,Walmart,0,4.76
8757,135,58,2026-05-22 15:02:52.671196,Target,0,1.16
8758,50,34,2026-05-21 23:59:56.671198,Target,0,0.68
8759,432,129,2026-05-25 15:47:10.671200,BestBuy,0,2.58
8760,340,103,2026-05-23 15:51:31.671202,BestBuy,0,2.06
8761,347,46,2026-05-20 03:03:56.671204,BestBuy,0,0.92
8762,646,36,2026-05-25 09:28:50.671206,BestBuy,0,0.72
8763,347,21,2026-05-24 07:04:30.671208,Target,0,0.42
8764,649,171,2026-05-22 23:32:08.671210,BestBuy,0,3.42
8765,245,128,2026-05-20 12:22:55.671212,Walmart,0,2.56
8766,109,30,2026-05-20 15:48:26.671214,Amazon,0,0.6
8767,825,38,2026-05-23 15:14:47.671216,BestBuy,0,0.76
8768,799,34,2026-05-24 15:44:29.671218,Walmart,0,0.68
8769,533,20,2026-05-25 20:54:53.671220,Amazon,0,0.4
8770,90,89,2026-05-25 07:12:12.671221,BestBuy,0,1.78
8771,296,126,2026-05-24 14:52:45.671223,BestBuy,0,2.52
8772,112,74,2026-05-19 06:23:26.671225,Amazon,0,1.48
8773,813,178,2026-05-21 02:46:35.671227,Walmart,0,3.56
8774,589,144,2026-05-22 19:21:23.671229,Walmart,0,2.88
8775,177,62,2026-05-23 22:31:47.671231,Target,0,1.24
8776,343,54,2026-05-19 21:52:02.671233,Target,0,1.08
8777,660,20,2026-05-23 15:56:18.671235,BestBuy,0,0.4
8778,101,154,2026-05-21 16:18:11.671237,Walmart,0,3.08
8779,758,31,2026-05-21 10:42:46.671239,Walmart,0,0.62
8780,629,147,2026-05-24 04:45:40.671241,BestBuy,0,2.94
8781,604,52,2026-05-25 17:05:47.671243,Amazon,0,1.04
8782,401,119,2026-05-23 22:08:12.671245,Amazon,0,2.38
8783,28,58,2026-05-25 01:00:57.671247,Target,0,1.16
8784,937,41,2026-05-19 18:21:47.671249,BestBuy,0,0.82
8785,962,115,2026-05-21 18:04:35.671251,Amazon,0,2.3
8786,537,44,2026-05-22 01:34:48.671253,BestBuy,0,0.88
8787,58,125,2026-05-23 12:00:25.671255,Walmart,0,2.5
8788,498,134,2026-05-24 03:55:06.671257,Amazon,0,2.68
8789,297,77,2026-05-22 06:24:34.671259,Amazon,0,1.54
8790,134,142,2026-05-25 11:04:16.671261,Amazon,0,2.84
8791,331,23,2026-05-25 07:51:18.671262,Walmart,0,0.46
8792,249,36,2026-05-22 03:49:15.671264,Target,0,0.72
8793,550,122,2026-05-20 04:03:00.671266,BestBuy,0,2.44
8794,902,57,2026-05-25 03:11:08.671268,Amazon,0,1.14
8795,941,34,2026-05-24 18:12:59.671270,Walmart,0,0.68
8796,75,85,2026-05-25 08:01:18.671272,Amazon,0,1.7
8797,654,41,2026-05-24 02:55:09.671274,BestBuy,0,0.82
8798,834,118,2026-05-23 22:14:55.671276,BestBuy,0,2.36
8799,168,32,2026-05-23 11:43:27.671278,Amazon,0,0.64
8800,771,58,2026-05-25 22:45:08.671280,Walmart,0,1.16
8801,503,256,2026-05-22 08:13:49.671282,Amazon,0,5.12
8802,885,23,2026-05-21 01:41:02.671284,Walmart,0,0.46
8803,355,50,2026-05-22 21:42:55.671286,Target,0,1.0
8804,225,55,2026-05-19 21:45:31.671288,Amazon,0,1.1
8805,664,190,2026-05-19 06:43:12.671290,Walmart,0,3.8
8806,531,184,2026-05-20 21:25:35.671292,Amazon,0,3.68
8807,146,41,2026-05-21 20:07:55.671294,BestBuy,0,0.82
8808,960,129,2026-05-19 19:23:28.671296,BestBuy,0,2.58
8809,241,73,2026-05-21 18:48:42.671297,Amazon,0,1.46
8810,884,73,2026-05-19 18:47:23.671299,Amazon,0,1.46
8811,893,87,2026-05-21 07:46:24.671301,Walmart,0,1.74
8812,344,65,2026-05-21 22:27:34.671303,Walmart,0,1.3
8813,749,28,2026-05-24 23:14:29.671305,BestBuy,0,0.56
8814,35,152,2026-05-19 03:02:17.671307,Walmart,0,3.04
8815,702,33,2026-05-21 18:44:50.671309,BestBuy,0,0.66
8816,1,93,2026-05-25 10:20:22.671311,Target,0,1.86
8817,996,38,2026-05-25 10:20:55.671313,Amazon,0,0.76
8818,153,110,2026-05-21 15:54:08.671315,Walmart,0,2.2
8819,429,91,2026-05-22 00:33:38.671317,BestBuy,0,1.82
8820,945,56,2026-05-23 03:35:11.671319,BestBuy,0,1.12
8821,508,210,2026-05-24 06:50:22.671321,Amazon,0,4.2
8822,126,71,2026-05-25 19:35:50.671323,Amazon,0,1.42
8823,491,72,2026-05-22 18:41:01.671325,Amazon,0,1.44
8824,482,93,2026-05-23 05:18:43.671327,Walmart,0,1.86
8825,345,21,2026-05-25 22:18:32.671329,Target,0,0.42
8826,912,26,2026-05-19 13:40:12.671331,Target,0,0.52
8827,738,162,2026-05-20 17:35:26.671333,Target,0,3.24
8828,221,228,2026-05-19 23:30:28.671335,Target,0,4.56
8829,915,144,2026-05-22 18:33:25.671337,BestBuy,0,2.88
8830,919,113,2026-05-20 22:00:00.671339,Walmart,0,2.26
8831,723,130,2026-05-19 08:11:38.671341,Target,0,2.6
8832,25,143,2026-05-19 14:01:04.671343,Target,0,2.86
8833,528,115,2026-05-20 01:09:44.671345,Walmart,0,2.3
8834,182,154,2026-05-24 01:23:01.671347,Walmart,0,3.08
8835,499,70,2026-05-23 18:11:07.671349,Amazon,0,1.4
8836,841,75,2026-05-24 08:42:40.671351,Amazon,0,1.5
8837,641,97,2026-05-25 06:19:00.671353,Target,0,1.94
8838,42,75,2026-05-19 06:32:41.671355,BestBuy,0,1.5
8839,915,434,2026-05-23 08:31:50.671357,Amazon,0,8.68
8840,481,75,2026-05-20 17:21:18.671359,Walmart,0,1.5
8841,930,115,2026-05-23 09:28:47.671361,Amazon,0,2.3
8842,848,86,2026-05-20 03:05:12.671363,Amazon,0,1.72
8843,748,61,2026-05-20 17:42:07.671365,Walmart,0,1.22
8844,872,10,2026-05-23 05:10:45.671367,Target,0,0.2
8845,439,42,2026-05-22 22:49:34.671369,Amazon,0,0.84
8846,402,339,2026-05-19 01:30:31.671371,Amazon,0,6.78
8847,546,155,2026-05-21 02:30:37.671373,Target,0,3.1
8848,345,17,2026-05-19 21:54:15.671375,Amazon,0,0.34
8849,893,27,2026-05-21 18:44:39.671377,BestBuy,0,0.54
8850,45,174,2026-05-20 05:48:06.671379,Target,0,3.48
8851,646,207,2026-05-25 16:04:29.671381,BestBuy,1,41.4
8852,21,279,2026-05-19 05:19:41.671383,Walmart,0,5.58
8853,634,27,2026-05-21 11:52:36.671385,BestBuy,0,0.54
8854,70,181,2026-05-25 15:30:44.671387,Walmart,0,3.62
8855,864,137,2026-05-19 01:57:40.671388,Target,0,2.74
8856,873,31,2026-05-24 21:28:42.671390,Walmart,0,0.62
8857,48,13,2026-05-22 00:08:19.671392,Walmart,0,0.26
8858,491,9,2026-05-19 07:00:46.671394,Walmart,0,0.18
8859,551,70,2026-05-22 03:01:14.671396,Walmart,0,1.4
8860,287,81,2026-05-25 10:46:07.671398,BestBuy,0,1.62
8861,10,56,2026-05-23 17:20:43.671400,Walmart,0,1.12
8862,542,60,2026-05-22 11:18:25.671402,Walmart,0,1.2
8863,756,75,2026-05-24 12:05:51.671404,Amazon,0,1.5
8864,274,68,2026-05-20 09:36:31.671406,Amazon,0,1.36
8865,956,228,2026-05-21 02:17:10.671408,Amazon,0,4.56
8866,600,32,2026-05-19 20:55:58.671410,Walmart,0,0.64
8867,756,53,2026-05-22 22:00:54.671412,Amazon,0,1.06
8868,381,111,2026-05-24 00:59:33.671414,BestBuy,0,2.22
8869,329,76,2026-05-24 06:35:41.671415,Target,0,1.52
8870,479,146,2026-05-19 00:44:06.671417,Target,0,2.92
8871,15,19,2026-05-25 22:42:14.671419,Target,0,0.38
8872,516,41,2026-05-25 02:37:19.671421,Amazon,0,0.82
8873,191,88,2026-05-22 05:28:56.671423,Walmart,0,1.76
8874,168,70,2026-05-20 12:25:23.671425,Target,0,1.4
8875,521,63,2026-05-19 09:10:47.671427,BestBuy,0,1.26
8876,621,124,2026-05-25 19:05:13.671429,Amazon,0,2.48
8877,137,129,2026-05-22 16:29:07.671431,Amazon,0,2.58
8878,154,113,2026-05-19 07:34:09.671433,BestBuy,0,2.26
8879,388,21,2026-05-22 21:06:46.671435,Walmart,0,0.42
8880,209,188,2026-05-19 05:09:57.671437,Walmart,0,3.76
8881,272,16,2026-05-21 21:10:07.671439,BestBuy,0,0.32
8882,143,25,2026-05-19 14:16:36.671441,BestBuy,0,0.5
8883,611,76,2026-05-24 14:05:55.671443,Amazon,0,1.52
8884,889,23,2026-05-25 01:20:43.671444,BestBuy,0,0.46
8885,820,17,2026-05-24 08:45:26.671446,Walmart,0,0.34
8886,69,47,2026-05-20 07:36:36.671448,Walmart,0,0.94
8887,247,6,2026-05-25 09:50:46.671450,Walmart,0,0.12
8888,261,89,2026-05-20 14:23:40.671452,Walmart,0,1.78
8889,788,165,2026-05-25 01:40:22.671454,Walmart,0,3.3
8890,79,239,2026-05-20 03:16:43.671456,Amazon,0,4.78
8891,658,106,2026-05-19 10:31:10.671458,BestBuy,0,2.12
8892,623,65,2026-05-24 21:37:00.671460,BestBuy,0,1.3
8893,770,128,2026-05-23 01:54:55.671462,Target,0,2.56
8894,605,83,2026-05-20 06:55:26.671464,Amazon,0,1.66
8895,525,177,2026-05-22 03:14:53.671466,Amazon,0,3.54
8896,772,55,2026-05-25 04:56:00.671468,Amazon,0,1.1
8897,938,92,2026-05-24 08:03:23.671470,Amazon,0,1.84
8898,621,131,2026-05-23 11:47:11.671472,Amazon,0,2.62
8899,330,173,2026-05-23 13:52:51.671474,Walmart,0,3.46
8900,189,41,2026-05-19 17:14:36.671476,Target,0,0.82
8901,95,80,2026-05-24 06:09:05.671477,Walmart,0,1.6
8902,617,73,2026-05-20 23:40:05.671479,Target,0,1.46
8903,8,261,2026-05-19 15:34:40.671481,Amazon,0,5.22
8904,67,23,2026-05-20 18:37:09.671484,Amazon,0,0.46
8905,496,57,2026-05-24 16:59:42.671485,BestBuy,0,1.14
8906,191,94,2026-05-23 14:57:56.671487,Amazon,0,1.88
8907,366,57,2026-05-22 06:16:53.671489,Amazon,0,1.14
8908,768,93,2026-05-20 15:07:09.671491,Amazon,0,1.86
8909,521,67,2026-05-22 05:58:38.671493,Amazon,0,1.34
8910,990,53,2026-05-22 21:28:44.671495,Amazon,0,1.06
8911,117,78,2026-05-20 03:10:16.671497,Target,0,1.56
8912,267,118,2026-05-25 02:21:16.671499,BestBuy,0,2.36
8913,611,44,2026-05-19 22:24:52.671501,Amazon,0,0.88
8914,485,129,2026-05-20 19:05:44.671503,Amazon,0,2.58
8915,509,80,2026-05-19 03:42:24.671505,Amazon,0,1.6
8916,298,36,2026-05-20 22:42:47.671507,Target,0,0.72
8917,909,86,2026-05-24 06:16:25.671509,Target,0,1.72
8918,164,57,2026-05-25 17:07:50.671511,BestBuy,0,1.14
8919,376,40,2026-05-23 04:54:00.671513,Amazon,0,0.8
8920,653,70,2026-05-24 20:21:30.671515,BestBuy,0,1.4
8921,268,83,2026-05-20 22:57:57.671517,Walmart,0,1.66
8922,549,134,2026-05-20 18:11:50.671519,Target,0,2.68
8923,74,94,2026-05-19 03:40:38.671521,Amazon,0,1.88
8924,508,13,2026-05-25 21:01:13.671523,Target,0,0.26
8925,73,54,2026-05-21 13:18:15.671524,BestBuy,0,1.08
8926,308,80,2026-05-19 06:24:13.671526,Walmart,0,1.6
8927,199,58,2026-05-22 13:18:43.671528,Amazon,0,1.16
8928,130,147,2026-05-23 06:00:45.671530,Target,0,2.94
8929,758,181,2026-05-21 18:57:27.671532,Walmart,0,3.62
8930,824,16,2026-05-23 08:47:55.671534,BestBuy,0,0.32
8931,572,99,2026-05-19 00:34:28.671536,BestBuy,0,1.98
8932,791,30,2026-05-20 19:52:22.671538,Target,0,0.6
8933,615,178,2026-05-22 02:32:04.671540,Target,0,3.56
8934,808,37,2026-05-24 03:42:20.671542,Amazon,0,0.74
8935,832,33,2026-05-21 16:44:42.671544,BestBuy,0,0.66
8936,487,154,2026-05-22 13:21:48.671546,Amazon,0,3.08
8937,853,120,2026-05-20 07:51:13.671548,Target,0,2.4
8938,151,116,2026-05-21 19:15:09.671550,Walmart,0,2.32
8939,669,124,2026-05-24 10:22:53.671552,Amazon,0,2.48
8940,206,47,2026-05-25 18:36:02.671554,BestBuy,0,0.94
8941,986,68,2026-05-20 05:32:10.671556,Target,0,1.36
8942,179,177,2026-05-24 05:39:34.671558,Target,0,3.54
8943,197,250,2026-05-20 23:56:24.671560,Amazon,0,5.0
8944,735,67,2026-05-21 22:19:24.671562,Amazon,0,1.34
8945,89,48,2026-05-19 15:40:13.671564,Target,0,0.96
8946,799,201,2026-05-24 15:19:18.671566,Amazon,0,4.02
8947,434,114,2026-05-25 04:18:46.671568,Target,0,2.28
8948,788,85,2026-05-23 18:57:13.671570,BestBuy,0,1.7
8949,748,89,2026-05-24 07:53:04.671572,Walmart,0,1.78
8950,183,83,2026-05-25 10:25:18.671574,Amazon,0,1.66
8951,209,219,2026-05-25 12:05:15.671576,BestBuy,1,43.8
8952,493,167,2026-05-20 06:49:22.671578,BestBuy,0,3.34
8953,130,50,2026-05-23 11:45:09.671580,Amazon,0,1.0
8954,665,274,2026-05-18 23:21:18.671582,BestBuy,1,54.8
8955,13,44,2026-05-22 02:29:07.671583,Target,0,0.88
8956,634,75,2026-05-23 21:42:08.671585,Amazon,0,1.5
8957,871,134,2026-05-23 06:22:54.671587,Walmart,0,2.68
8958,732,146,2026-05-24 02:53:49.671589,Target,0,2.92
8959,106,52,2026-05-22 23:41:44.671591,BestBuy,0,1.04
8960,375,85,2026-05-23 22:11:30.671593,BestBuy,0,1.7
8961,582,58,2026-05-22 14:22:46.671595,Walmart,0,1.16
8962,707,305,2026-05-25 01:15:47.671597,Walmart,0,6.1
8963,698,50,2026-05-20 04:30:58.671599,BestBuy,0,1.0
8964,99,154,2026-05-21 00:40:26.671601,Walmart,0,3.08
8965,594,17,2026-05-19 01:39:03.671603,Walmart,0,0.34
8966,587,84,2026-05-19 18:50:46.671605,BestBuy,0,1.68
8967,886,80,2026-05-20 14:23:26.671607,Target,0,1.6
8968,852,104,2026-05-19 16:53:10.671609,Amazon,0,2.08
8969,192,55,2026-05-23 21:52:32.671611,BestBuy,0,1.1
8970,325,42,2026-05-20 09:37:26.671613,Walmart,0,0.84
8971,979,27,2026-05-21 21:26:01.671615,Walmart,0,0.54
8972,726,71,2026-05-19 14:14:16.671616,Target,0,1.42
8973,827,17,2026-05-24 19:13:03.671618,BestBuy,0,0.34
8974,956,30,2026-05-20 21:27:21.671620,BestBuy,0,0.6
8975,467,27,2026-05-18 23:00:31.671622,Walmart,0,0.54
8976,894,66,2026-05-22 02:13:37.671624,BestBuy,0,1.32
8977,367,177,2026-05-21 06:20:54.671627,Walmart,0,3.54
8978,318,68,2026-05-21 13:25:48.671628,Walmart,0,1.36
8979,144,21,2026-05-20 17:37:51.671630,Walmart,0,0.42
8980,384,123,2026-05-25 01:08:27.671632,Amazon,0,2.46
8981,216,135,2026-05-25 04:21:07.671634,Walmart,0,2.7
8982,361,419,2026-05-22 13:32:36.671636,Target,0,8.38
8983,324,77,2026-05-21 17:25:55.671638,BestBuy,0,1.54
8984,15,147,2026-05-19 05:05:23.671640,Amazon,0,2.94
8985,217,259,2026-05-24 03:33:35.671642,BestBuy,1,51.8
8986,492,80,2026-05-23 09:10:10.671644,Target,0,1.6
8987,951,10,2026-05-24 03:05:05.671646,Amazon,0,0.2
8988,547,125,2026-05-25 19:49:09.671648,BestBuy,0,2.5
8989,183,70,2026-05-21 04:10:06.671650,Amazon,0,1.4
8990,270,150,2026-05-20 10:31:59.671652,Walmart,0,3.0
8991,945,56,2026-05-22 14:21:49.671654,Walmart,0,1.12
8992,467,145,2026-05-21 16:25:40.671656,BestBuy,0,2.9
8993,870,34,2026-05-23 13:46:15.671658,Target,0,0.68
8994,612,24,2026-05-21 17:59:01.671660,Amazon,0,0.48
8995,519,135,2026-05-20 05:56:46.671662,Amazon,0,2.7
8996,542,45,2026-05-19 21:09:37.671664,BestBuy,0,0.9
8997,467,137,2026-05-25 00:01:55.671666,Walmart,0,2.74
8998,305,66,2026-05-21 15:15:46.671668,Amazon,0,1.32
8999,985,290,2026-05-24 06:03:24.671670,Walmart,0,5.8
9000,144,174,2026-05-20 02:30:21.671672,Walmart,0,3.48
9001,111,28,2026-05-25 10:55:56.671674,Target,0,0.56
9002,232,147,2026-05-21 14:14:45.671676,Walmart,0,2.94
9003,691,84,2026-05-22 19:22:01.671678,Walmart,0,1.68
9004,584,73,2026-05-19 04:10:27.671680,Amazon,0,1.46
9005,722,83,2026-05-24 02:57:45.671682,Target,0,1.66
9006,732,51,2026-05-25 12:45:17.671684,Target,0,1.02
9007,592,52,2026-05-25 15:29:18.671686,BestBuy,0,1.04
9008,500,55,2026-05-25 05:36:51.671688,BestBuy,0,1.1
9009,595,25,2026-05-19 03:34:53.671690,BestBuy,0,0.5
9010,554,120,2026-05-24 06:06:05.671692,Target,0,2.4
9011,273,85,2026-05-24 09:49:53.671694,Walmart,0,1.7
9012,703,127,2026-05-23 08:20:33.671696,Target,0,2.54
9013,173,109,2026-05-20 09:29:29.671698,Walmart,0,2.18
9014,973,119,2026-05-24 21:45:01.671700,BestBuy,0,2.38
9015,7,61,2026-05-23 12:35:38.671702,BestBuy,0,1.22
9016,155,116,2026-05-24 17:44:09.671704,Walmart,0,2.32
9017,522,117,2026-05-22 22:35:49.671706,Walmart,0,2.34
9018,546,69,2026-05-25 07:12:00.671707,BestBuy,0,1.38
9019,548,179,2026-05-19 04:22:37.671709,Walmart,0,3.58
9020,921,62,2026-05-23 14:45:33.671711,Target,0,1.24
9021,518,318,2026-05-21 20:50:37.671713,BestBuy,1,63.6
9022,920,114,2026-05-21 21:11:09.671715,Target,0,2.28
9023,914,58,2026-05-24 05:17:29.671717,BestBuy,0,1.16
9024,215,77,2026-05-23 05:40:49.671719,Amazon,0,1.54
9025,134,250,2026-05-22 04:21:00.671721,Target,0,5.0
9026,285,201,2026-05-21 12:28:32.671723,Amazon,0,4.02
9027,126,10,2026-05-21 04:58:31.671725,BestBuy,0,0.2
9028,921,166,2026-05-23 04:04:53.671727,Target,0,3.32
9029,439,52,2026-05-21 07:20:56.671729,Target,0,1.04
9030,849,56,2026-05-19 10:24:12.671731,Target,0,1.12
9031,686,79,2026-05-22 00:45:23.671733,Walmart,0,1.58
9032,152,64,2026-05-23 21:58:22.671735,Target,0,1.28
9033,331,51,2026-05-23 03:11:54.671737,Target,0,1.02
9034,538,50,2026-05-19 06:18:01.671739,Amazon,0,1.0
9035,383,14,2026-05-23 08:35:37.671741,Target,0,0.28
9036,115,55,2026-05-20 00:47:21.671743,Walmart,0,1.1
9037,894,147,2026-05-21 15:31:14.671745,Target,0,2.94
9038,482,120,2026-05-23 00:59:56.671747,Amazon,0,2.4
9039,284,53,2026-05-24 14:30:01.671749,Target,0,1.06
9040,899,15,2026-05-24 15:29:25.671751,Target,0,0.3
9041,75,107,2026-05-21 15:49:05.671753,Amazon,0,2.14
9042,166,31,2026-05-21 13:49:24.671755,BestBuy,0,0.62
9043,189,83,2026-05-25 17:52:08.671757,Target,0,1.66
9044,78,29,2026-05-24 09:38:40.671759,BestBuy,0,0.58
9045,947,22,2026-05-19 07:24:03.671760,Amazon,0,0.44
9046,602,52,2026-05-21 18:34:34.671762,Amazon,0,1.04
9047,688,75,2026-05-24 02:53:06.671764,BestBuy,0,1.5
9048,21,72,2026-05-19 06:34:52.671766,Walmart,0,1.44
9049,566,109,2026-05-21 18:10:15.671768,Walmart,0,2.18
9050,184,67,2026-05-21 18:26:03.671770,Amazon,0,1.34
9051,871,165,2026-05-25 10:15:36.671772,Walmart,0,3.3
9052,222,30,2026-05-19 16:46:14.671774,Walmart,0,0.6
9053,827,76,2026-05-21 03:18:11.671776,Amazon,0,1.52
9054,328,260,2026-05-20 09:37:40.671778,Target,0,5.2
9055,179,254,2026-05-23 05:24:24.671780,Target,0,5.08
9056,788,70,2026-05-24 20:35:32.671782,Target,0,1.4
9057,112,145,2026-05-20 23:17:12.671784,Walmart,0,2.9
9058,736,90,2026-05-20 00:15:07.671786,BestBuy,0,1.8
9059,726,51,2026-05-18 23:45:36.671788,Walmart,0,1.02
9060,59,29,2026-05-23 10:16:53.671789,Target,0,0.58
9061,327,217,2026-05-22 00:33:08.671791,Amazon,0,4.34
9062,905,85,2026-05-25 00:35:11.671793,Amazon,0,1.7
9063,621,67,2026-05-24 19:27:40.671795,Amazon,0,1.34
9064,897,12,2026-05-23 12:15:00.671797,Walmart,0,0.24
9065,669,197,2026-05-24 00:20:58.671799,BestBuy,0,3.94
9066,191,98,2026-05-24 00:14:15.671801,Target,0,1.96
9067,200,161,2026-05-22 07:55:58.671803,Amazon,0,3.22
9068,312,57,2026-05-25 10:33:09.671805,Target,0,1.14
9069,708,89,2026-05-19 10:19:20.671807,Target,0,1.78
9070,35,105,2026-05-21 04:27:44.671809,Walmart,0,2.1
9071,379,169,2026-05-19 18:22:23.671811,Amazon,0,3.38
9072,387,62,2026-05-21 18:16:40.671813,Walmart,0,1.24
9073,758,68,2026-05-22 00:16:34.671815,Target,0,1.36
9074,237,50,2026-05-25 21:17:25.671817,Target,0,1.0
9075,616,397,2026-05-21 02:25:01.671819,Target,0,7.94
9076,519,131,2026-05-23 16:07:26.671821,Amazon,0,2.62
9077,283,78,2026-05-24 00:58:31.671823,Amazon,0,1.56
9078,1,51,2026-05-23 05:09:59.671825,Amazon,0,1.02
9079,731,207,2026-05-23 05:49:41.671827,Target,0,4.14
9080,464,65,2026-05-21 04:34:06.671829,Target,0,1.3
9081,230,92,2026-05-24 08:26:41.671831,BestBuy,0,1.84
9082,967,32,2026-05-24 01:14:36.671833,Amazon,0,0.64
9083,172,138,2026-05-23 02:04:19.671835,Target,0,2.76
9084,87,120,2026-05-25 12:35:49.671837,Target,0,2.4
9085,553,59,2026-05-23 08:20:27.671838,BestBuy,0,1.18
9086,123,84,2026-05-23 23:17:48.671840,BestBuy,0,1.68
9087,843,152,2026-05-25 07:57:14.671842,Target,0,3.04
9088,298,30,2026-05-22 23:13:07.671844,Amazon,0,0.6
9089,885,35,2026-05-25 20:34:26.671846,Walmart,0,0.7
9090,929,63,2026-05-21 15:34:54.671848,Walmart,0,1.26
9091,690,114,2026-05-22 20:54:58.671850,Walmart,0,2.28
9092,575,183,2026-05-24 13:43:43.671852,Amazon,0,3.66
9093,484,60,2026-05-25 11:28:05.671854,Target,0,1.2
9094,165,57,2026-05-22 15:50:19.671856,Walmart,0,1.14
9095,699,66,2026-05-21 10:35:21.671858,Walmart,0,1.32
9096,383,120,2026-05-20 04:12:01.671860,Amazon,0,2.4
9097,209,27,2026-05-19 06:56:40.671862,Target,0,0.54
9098,739,54,2026-05-23 19:49:37.671864,Target,0,1.08
9099,432,34,2026-05-19 17:01:25.671866,Amazon,0,0.68
9100,389,57,2026-05-25 16:44:50.671868,Walmart,0,1.14
9101,560,87,2026-05-22 09:14:33.671870,Target,0,1.74
9102,224,46,2026-05-21 14:51:44.671872,Target,0,0.92
9103,3,131,2026-05-19 21:30:24.671874,Walmart,0,2.62
9104,372,11,2026-05-23 19:41:29.671876,Amazon,0,0.22
9105,687,12,2026-05-19 10:15:33.671878,Walmart,0,0.24
9106,446,21,2026-05-23 10:21:13.671880,BestBuy,0,0.42
9107,611,39,2026-05-18 23:12:31.671881,Target,0,0.78
9108,116,92,2026-05-20 05:27:04.671883,Amazon,0,1.84
9109,270,13,2026-05-22 08:46:25.671885,Walmart,0,0.26
9110,447,36,2026-05-19 17:20:53.671887,Walmart,0,0.72
9111,368,50,2026-05-21 10:16:48.671889,Amazon,0,1.0
9112,253,111,2026-05-23 07:50:02.671891,Target,0,2.22
9113,317,67,2026-05-25 15:16:35.671893,Amazon,0,1.34
9114,415,26,2026-05-25 05:23:29.671895,BestBuy,0,0.52
9115,95,41,2026-05-22 01:56:20.671897,Amazon,0,0.82
9116,785,62,2026-05-24 14:34:47.671899,BestBuy,0,1.24
9117,892,102,2026-05-21 15:32:12.671901,Target,0,2.04
9118,24,37,2026-05-21 11:53:39.671903,Walmart,0,0.74
9119,628,134,2026-05-20 00:55:19.671905,BestBuy,0,2.68
9120,663,12,2026-05-23 06:41:38.671907,BestBuy,0,0.24
9121,850,52,2026-05-20 07:19:57.671909,Amazon,0,1.04
9122,50,111,2026-05-25 04:00:09.671911,Amazon,0,2.22
9123,502,161,2026-05-20 04:13:28.671913,Walmart,0,3.22
9124,718,93,2026-05-25 16:44:13.671915,Target,0,1.86
9125,498,90,2026-05-25 12:05:59.671917,BestBuy,0,1.8
9126,335,87,2026-05-20 06:12:31.671919,Walmart,0,1.74
9127,79,48,2026-05-21 09:57:41.671921,BestBuy,0,0.96
9128,582,60,2026-05-21 14:22:50.671923,Walmart,0,1.2
9129,27,93,2026-05-20 19:23:18.671924,Amazon,0,1.86
9130,271,144,2026-05-21 07:42:31.671926,Amazon,0,2.88
9131,562,65,2026-05-24 00:47:17.671928,Target,0,1.3
9132,804,87,2026-05-21 00:17:00.671930,Amazon,0,1.74
9133,247,57,2026-05-22 17:35:33.671932,Walmart,0,1.14
9134,776,72,2026-05-23 08:41:37.671934,BestBuy,0,1.44
9135,591,19,2026-05-24 15:34:23.671936,Walmart,0,0.38
9136,387,88,2026-05-25 09:03:33.671938,Target,0,1.76
9137,702,176,2026-05-21 13:28:54.671940,Amazon,0,3.52
9138,559,156,2026-05-21 00:13:43.671942,Amazon,0,3.12
9139,973,42,2026-05-22 03:03:55.671944,BestBuy,0,0.84
9140,361,37,2026-05-20 20:13:35.671946,Target,0,0.74
9141,866,77,2026-05-24 21:38:24.671948,Target,0,1.54
9142,984,20,2026-05-20 04:02:11.671950,Amazon,0,0.4
9143,488,139,2026-05-21 06:47:41.671952,Target,0,2.78
9144,352,45,2026-05-25 21:51:01.671954,Walmart,0,0.9
9145,701,138,2026-05-23 15:37:41.671956,Target,0,2.76
9146,928,42,2026-05-25 13:50:28.671958,Walmart,0,0.84
9147,256,73,2026-05-24 19:09:45.671960,Walmart,0,1.46
9148,222,204,2026-05-22 09:09:07.671962,Walmart,0,4.08
9149,884,109,2026-05-23 08:27:36.671963,Amazon,0,2.18
9150,753,86,2026-05-21 17:41:54.671966,Walmart,0,1.72
9151,781,101,2026-05-25 14:39:25.671967,BestBuy,0,2.02
9152,1,29,2026-05-19 17:37:14.671969,Target,0,0.58
9153,546,188,2026-05-24 15:58:53.671971,Walmart,0,3.76
9154,446,147,2026-05-24 18:07:28.671973,BestBuy,0,2.94
9155,79,74,2026-05-22 07:44:01.671975,Amazon,0,1.48
9156,236,89,2026-05-23 06:32:56.671977,Amazon,0,1.78
9157,334,98,2026-05-19 15:27:35.671979,Amazon,0,1.96
9158,889,171,2026-05-23 20:41:32.671981,Amazon,0,3.42
9159,349,165,2026-05-23 12:59:58.671983,Target,0,3.3
9160,98,14,2026-05-19 15:42:23.671985,Amazon,0,0.28
9161,82,48,2026-05-22 17:50:27.671987,Target,0,0.96
9162,502,102,2026-05-22 04:05:09.671989,BestBuy,0,2.04
9163,967,140,2026-05-24 05:47:35.671991,Amazon,0,2.8
9164,477,45,2026-05-21 00:45:47.671993,Amazon,0,0.9
9165,927,116,2026-05-21 01:05:58.671995,BestBuy,0,2.32
9166,704,95,2026-05-24 22:39:17.671997,BestBuy,0,1.9
9167,765,109,2026-05-22 22:24:18.671999,Target,0,2.18
9168,921,46,2026-05-19 11:20:37.672001,Walmart,0,0.92
9169,550,71,2026-05-25 06:45:14.672003,Target,0,1.42
9170,14,113,2026-05-22 06:25:53.672004,Walmart,0,2.26
9171,392,110,2026-05-25 18:06:57.672006,Target,0,2.2
9172,347,102,2026-05-23 22:16:27.672008,Walmart,0,2.04
9173,310,26,2026-05-24 16:53:27.672010,Amazon,0,0.52
9174,386,63,2026-05-20 12:15:16.672012,Walmart,0,1.26
9175,209,41,2026-05-19 10:22:56.672014,BestBuy,0,0.82
9176,357,111,2026-05-25 14:56:58.672016,BestBuy,0,2.22
9177,974,222,2026-05-24 02:05:46.672018,Walmart,0,4.44
9178,601,90,2026-05-24 14:05:15.672020,Amazon,0,1.8
9179,568,170,2026-05-25 07:48:14.672022,Amazon,0,3.4
9180,94,18,2026-05-22 22:40:52.672024,Walmart,0,0.36
9181,93,89,2026-05-19 01:48:01.672026,Walmart,0,1.78
9182,340,78,2026-05-19 10:49:38.672028,BestBuy,0,1.56
9183,597,33,2026-05-20 20:58:05.672030,BestBuy,0,0.66
9184,445,50,2026-05-25 11:16:43.672032,Target,0,1.0
9185,757,76,2026-05-24 07:45:06.672034,Amazon,0,1.52
9186,22,79,2026-05-23 16:26:04.672036,Amazon,0,1.58
9187,291,330,2026-05-19 13:14:47.672038,Amazon,0,6.6
9188,485,57,2026-05-20 00:50:22.672040,Target,0,1.14
9189,784,218,2026-05-23 15:12:27.672042,Target,0,4.36
9190,306,31,2026-05-20 06:04:07.672044,BestBuy,0,0.62
9191,634,259,2026-05-25 01:21:52.672046,BestBuy,1,51.8
9192,128,115,2026-05-19 23:05:20.672048,Walmart,0,2.3
9193,625,47,2026-05-19 18:03:03.672050,Target,0,0.94
9194,939,44,2026-05-19 05:34:27.672057,Target,0,0.88
9195,273,81,2026-05-25 13:15:27.672059,Target,0,1.62
9196,848,26,2026-05-19 21:17:17.672061,Amazon,0,0.52
9197,442,80,2026-05-19 06:07:36.672063,BestBuy,0,1.6
9198,503,235,2026-05-25 05:14:25.672065,Walmart,0,4.7
9199,130,31,2026-05-22 03:43:03.672067,Target,0,0.62
9200,132,143,2026-05-21 09:25:43.672069,Target,0,2.86
9201,597,153,2026-05-23 17:43:14.672071,Target,0,3.06
9202,935,19,2026-05-23 11:12:11.672073,Amazon,0,0.38
9203,482,54,2026-05-19 03:36:20.672075,Walmart,0,1.08
9204,862,176,2026-05-23 10:00:58.672077,Walmart,0,3.52
9205,390,36,2026-05-21 18:32:04.672079,Target,0,0.72
9206,593,141,2026-05-24 11:34:14.672081,Walmart,0,2.82
9207,999,35,2026-05-18 23:38:09.672083,Amazon,0,0.7
9208,985,33,2026-05-19 02:50:17.672085,Target,0,0.66
9209,325,168,2026-05-21 01:45:44.672087,BestBuy,0,3.36
9210,69,49,2026-05-23 11:37:11.672089,BestBuy,0,0.98
9211,660,44,2026-05-24 01:48:38.672091,Walmart,0,0.88
9212,448,31,2026-05-19 16:05:27.672093,BestBuy,0,0.62
9213,528,14,2026-05-20 08:20:03.672095,BestBuy,0,0.28
9214,819,59,2026-05-24 13:17:50.672097,Target,0,1.18
9215,617,238,2026-05-22 05:09:12.672099,Amazon,0,4.76
9216,165,33,2026-05-24 01:43:59.672101,Target,0,0.66
9217,488,153,2026-05-24 18:31:56.672103,Amazon,0,3.06
9218,713,49,2026-05-24 17:25:59.672105,Target,0,0.98
9219,709,131,2026-05-25 13:59:45.672107,BestBuy,0,2.62
9220,426,49,2026-05-20 09:17:59.672109,Target,0,0.98
9221,697,196,2026-05-21 11:57:14.672111,Walmart,0,3.92
9222,834,48,2026-05-21 03:30:37.672113,Walmart,0,0.96
9223,265,55,2026-05-23 11:34:02.672115,Amazon,0,1.1
9224,875,73,2026-05-24 01:02:04.672117,Amazon,0,1.46
9225,612,215,2026-05-20 06:07:30.672119,Amazon,0,4.3
9226,342,84,2026-05-23 03:09:42.672121,Walmart,0,1.68
9227,832,196,2026-05-23 20:25:24.672123,Target,0,3.92
9228,726,171,2026-05-25 03:52:37.672125,BestBuy,0,3.42
9229,278,220,2026-05-22 17:15:12.672127,Amazon,0,4.4
9230,674,196,2026-05-20 23:49:30.672129,Target,0,3.92
9231,439,67,2026-05-21 07:51:06.672131,Target,0,1.34
9232,157,251,2026-05-22 05:53:20.672133,Walmart,0,5.02
9233,422,104,2026-05-19 15:06:07.672135,Walmart,0,2.08
9234,251,103,2026-05-23 01:42:32.672137,BestBuy,0,2.06
9235,878,53,2026-05-25 15:27:51.672138,Target,0,1.06
9236,609,19,2026-05-24 21:07:52.672141,Amazon,0,0.38
9237,530,19,2026-05-24 20:11:36.672142,Walmart,0,0.38
9238,327,36,2026-05-20 11:40:17.672144,Target,0,0.72
9239,961,108,2026-05-20 20:40:13.672146,Walmart,0,2.16
9240,895,121,2026-05-24 05:21:25.672148,Target,0,2.42
9241,97,39,2026-05-19 22:50:38.672150,Walmart,0,0.78
9242,513,10,2026-05-21 00:17:16.672152,Amazon,0,0.2
9243,216,86,2026-05-21 08:29:21.672154,BestBuy,0,1.72
9244,132,43,2026-05-20 13:21:26.672156,Amazon,0,0.86
9245,260,70,2026-05-20 02:35:42.672158,Walmart,0,1.4
9246,125,115,2026-05-24 11:12:47.672160,Walmart,0,2.3
9247,82,238,2026-05-25 01:56:22.672162,Walmart,0,4.76
9248,283,62,2026-05-23 17:42:47.672164,Amazon,0,1.24
9249,683,87,2026-05-20 01:38:18.672166,Walmart,0,1.74
9250,59,9,2026-05-25 20:58:08.672168,Amazon,0,0.18
9251,544,115,2026-05-19 06:58:32.672170,Walmart,0,2.3
9252,161,284,2026-05-20 16:01:30.672172,BestBuy,1,56.8
9253,284,155,2026-05-21 06:36:42.672174,BestBuy,0,3.1
9254,106,173,2026-05-19 21:37:28.672176,Walmart,0,3.46
9255,105,16,2026-05-25 22:17:13.672178,Target,0,0.32
9256,439,115,2026-05-21 07:14:46.672180,Amazon,0,2.3
9257,228,77,2026-05-23 12:11:39.672182,Walmart,0,1.54
9258,700,4,2026-05-21 23:44:51.672184,Amazon,0,0.08
9259,582,115,2026-05-23 16:43:58.672186,Target,0,2.3
9260,318,42,2026-05-20 14:48:51.672188,BestBuy,0,0.84
9261,464,29,2026-05-23 22:15:38.672190,Amazon,0,0.58
9262,802,73,2026-05-25 02:13:25.672192,Amazon,0,1.46
9263,599,39,2026-05-23 13:39:15.672194,Amazon,0,0.78
9264,882,68,2026-05-23 15:19:38.672196,Amazon,0,1.36
9265,874,213,2026-05-22 03:05:49.672198,Amazon,0,4.26
9266,472,57,2026-05-23 08:36:13.672200,BestBuy,0,1.14
9267,56,130,2026-05-22 06:47:16.672202,Amazon,0,2.6
9268,625,25,2026-05-23 23:29:00.672203,Amazon,0,0.5
9269,13,126,2026-05-20 00:14:55.672205,BestBuy,0,2.52
9270,440,96,2026-05-21 02:53:46.672207,Walmart,0,1.92
9271,18,134,2026-05-24 15:39:31.672209,Walmart,0,2.68
9272,694,41,2026-05-25 19:44:48.672211,Amazon,0,0.82
9273,973,106,2026-05-23 04:18:16.672213,BestBuy,0,2.12
9274,113,365,2026-05-24 19:44:51.672215,Amazon,0,7.3
9275,229,130,2026-05-21 20:04:04.672217,Walmart,0,2.6
9276,171,77,2026-05-22 02:39:42.672219,BestBuy,0,1.54
9277,295,98,2026-05-19 18:35:23.672221,Target,0,1.96
9278,189,43,2026-05-20 03:39:49.672223,BestBuy,0,0.86
9279,426,105,2026-05-22 03:52:26.672225,Walmart,0,2.1
9280,977,120,2026-05-19 00:53:22.672227,BestBuy,0,2.4
9281,79,80,2026-05-24 22:33:55.672229,Target,0,1.6
9282,658,26,2026-05-21 12:58:18.672231,BestBuy,0,0.52
9283,919,34,2026-05-22 08:04:37.672233,Amazon,0,0.68
9284,182,23,2026-05-25 10:34:10.672235,Amazon,0,0.46
9285,499,40,2026-05-20 20:56:45.672237,Walmart,0,0.8
9286,798,26,2026-05-20 15:51:19.672239,BestBuy,0,0.52
9287,762,36,2026-05-20 15:38:03.672241,Walmart,0,0.72
9288,866,27,2026-05-20 01:07:11.672243,BestBuy,0,0.54
9289,826,54,2026-05-20 23:20:40.672245,Walmart,0,1.08
9290,708,25,2026-05-18 23:27:16.672247,BestBuy,0,0.5
9291,835,77,2026-05-25 10:40:41.672249,Amazon,0,1.54
9292,71,40,2026-05-25 14:41:26.672251,Walmart,0,0.8
9293,248,81,2026-05-21 15:45:24.672253,Walmart,0,1.62
9294,146,170,2026-05-25 05:13:27.672255,Target,0,3.4
9295,618,297,2026-05-23 03:31:59.672257,BestBuy,1,59.4
9296,775,105,2026-05-23 13:26:54.672259,Amazon,0,2.1
9297,296,18,2026-05-20 17:01:05.672261,Amazon,0,0.36
9298,582,31,2026-05-19 23:46:14.672263,Amazon,0,0.62
9299,470,103,2026-05-25 19:39:39.672265,Walmart,0,2.06
9300,506,89,2026-05-25 04:51:39.672267,Amazon,0,1.78
9301,193,20,2026-05-25 16:24:54.672269,Walmart,0,0.4
9302,68,238,2026-05-19 12:10:07.672271,Target,0,4.76
9303,494,31,2026-05-21 05:46:51.672273,Amazon,0,0.62
9304,817,169,2026-05-23 14:37:06.672274,Target,0,3.38
9305,52,20,2026-05-19 22:20:17.672276,BestBuy,0,0.4
9306,882,178,2026-05-25 08:34:00.672278,BestBuy,0,3.56
9307,363,195,2026-05-23 05:07:27.672280,Target,0,3.9
9308,797,34,2026-05-19 16:40:30.672282,BestBuy,0,0.68
9309,917,25,2026-05-21 12:21:26.672284,Amazon,0,0.5
9310,474,33,2026-05-23 14:07:05.672286,Amazon,0,0.66
9311,846,338,2026-05-19 03:22:24.672288,Walmart,0,6.76
9312,521,187,2026-05-24 05:29:55.672290,Target,0,3.74
9313,763,24,2026-05-25 16:15:22.672292,Target,0,0.48
9314,431,108,2026-05-24 03:54:05.672294,Walmart,0,2.16
9315,844,209,2026-05-23 22:17:00.672296,Amazon,0,4.18
9316,298,99,2026-05-21 04:32:31.672298,Target,0,1.98
9317,435,18,2026-05-23 09:06:32.672300,Walmart,0,0.36
9318,696,73,2026-05-25 14:45:58.672302,Target,0,1.46
9319,691,23,2026-05-24 21:43:34.672304,Target,0,0.46
9320,198,104,2026-05-21 11:08:05.672306,Walmart,0,2.08
9321,128,96,2026-05-23 14:19:58.672308,Target,0,1.92
9322,532,56,2026-05-20 05:38:58.672310,BestBuy,0,1.12
9323,984,16,2026-05-19 10:25:52.672312,Walmart,0,0.32
9324,411,63,2026-05-20 03:02:44.672314,Walmart,0,1.26
9325,934,156,2026-05-25 02:57:02.672316,BestBuy,0,3.12
9326,840,31,2026-05-20 01:54:59.672317,Target,0,0.62
9327,65,92,2026-05-20 10:13:19.672319,BestBuy,0,1.84
9328,694,260,2026-05-22 20:52:38.672321,Target,0,5.2
9329,241,328,2026-05-25 01:45:28.672323,Amazon,0,6.56
9330,369,43,2026-05-22 14:49:42.672330,BestBuy,0,0.86
9331,536,147,2026-05-22 04:56:50.672332,BestBuy,0,2.94
9332,384,13,2026-05-25 01:32:26.672334,BestBuy,0,0.26
9333,431,227,2026-05-25 07:32:06.672336,Amazon,0,4.54
9334,967,177,2026-05-25 06:27:40.672338,Target,0,3.54
9335,83,184,2026-05-20 05:34:22.672340,Amazon,0,3.68
9336,982,144,2026-05-20 17:51:29.672342,BestBuy,0,2.88
9337,831,36,2026-05-21 19:25:09.672344,Amazon,0,0.72
9338,697,139,2026-05-22 12:00:37.672346,BestBuy,0,2.78
9339,951,59,2026-05-21 22:11:26.672348,Walmart,0,1.18
9340,828,29,2026-05-25 02:23:22.672350,Target,0,0.58
9341,611,183,2026-05-23 05:10:49.672352,BestBuy,0,3.66
9342,574,21,2026-05-21 02:47:53.672354,Amazon,0,0.42
9343,286,99,2026-05-25 00:19:47.672356,Amazon,0,1.98
9344,989,55,2026-05-21 15:36:26.672358,Amazon,0,1.1
9345,534,49,2026-05-25 11:49:33.672360,Target,0,0.98
9346,459,38,2026-05-25 10:05:09.672362,Walmart,0,0.76
9347,212,100,2026-05-25 20:59:36.672364,Target,0,2.0
9348,126,79,2026-05-21 03:58:16.672366,Walmart,0,1.58
9349,413,110,2026-05-22 04:25:40.672368,Amazon,0,2.2
9350,499,114,2026-05-20 13:02:33.672370,Target,0,2.28
9351,425,42,2026-05-25 22:06:39.672372,Walmart,0,0.84
9352,554,24,2026-05-22 18:46:07.672374,Amazon,0,0.48
9353,610,58,2026-05-22 03:20:12.672376,Amazon,0,1.16
9354,961,54,2026-05-20 00:19:04.672378,Target,0,1.08
9355,543,35,2026-05-25 10:39:59.672379,Walmart,0,0.7
9356,158,53,2026-05-19 18:43:12.672381,Amazon,0,1.06
9357,112,149,2026-05-19 04:20:50.672383,Amazon,0,2.98
9358,402,161,2026-05-24 09:18:08.672385,Amazon,0,3.22
9359,759,85,2026-05-22 22:29:11.672387,BestBuy,0,1.7
9360,122,58,2026-05-25 21:16:36.672389,Walmart,0,1.16
9361,273,114,2026-05-19 22:58:29.672391,Walmart,0,2.28
9362,294,37,2026-05-20 04:56:49.672393,BestBuy,0,0.74
9363,398,95,2026-05-21 18:36:20.672395,Amazon,0,1.9
9364,471,123,2026-05-22 16:36:35.672399,BestBuy,0,2.46
9365,985,107,2026-05-23 20:09:40.672401,BestBuy,0,2.14
9366,207,138,2026-05-23 14:15:30.672403,BestBuy,0,2.76
9367,110,61,2026-05-25 17:32:25.672405,Walmart,0,1.22
9368,440,25,2026-05-20 20:16:23.672407,Amazon,0,0.5
9369,278,168,2026-05-21 05:02:54.672409,Amazon,0,3.36
9370,963,77,2026-05-21 19:48:40.672411,Walmart,0,1.54
9371,568,52,2026-05-24 02:12:02.672412,Walmart,0,1.04
9372,887,46,2026-05-25 12:55:04.672414,BestBuy,0,0.92
9373,915,26,2026-05-23 16:46:50.672417,BestBuy,0,0.52
9374,569,204,2026-05-24 19:52:31.672418,Target,0,4.08
9375,940,12,2026-05-24 16:20:18.672420,Target,0,0.24
9376,482,12,2026-05-19 08:05:56.672422,Walmart,0,0.24
9377,803,97,2026-05-25 03:18:05.672424,BestBuy,0,1.94
9378,114,44,2026-05-20 01:54:14.672426,Walmart,0,0.88
9379,893,215,2026-05-20 01:47:41.672428,BestBuy,1,43.0
9380,897,130,2026-05-23 06:03:07.672430,BestBuy,0,2.6
9381,820,93,2026-05-21 18:05:43.672432,Walmart,0,1.86
9382,853,145,2026-05-22 11:30:43.672434,Walmart,0,2.9
9383,477,87,2026-05-21 06:59:12.672436,Amazon,0,1.74
9384,710,156,2026-05-21 03:56:19.672438,Amazon,0,3.12
9385,933,128,2026-05-24 20:55:40.672440,Target,0,2.56
9386,321,159,2026-05-25 08:02:32.672442,Walmart,0,3.18
9387,179,169,2026-05-23 18:59:49.672444,Target,0,3.38
9388,897,59,2026-05-20 03:55:43.672446,Walmart,0,1.18
9389,219,124,2026-05-22 04:14:38.672448,Walmart,0,2.48
9390,789,60,2026-05-20 01:53:07.672450,Walmart,0,1.2
9391,949,113,2026-05-22 14:27:35.672452,Amazon,0,2.26
9392,528,27,2026-05-22 00:49:00.672454,Target,0,0.54
9393,492,135,2026-05-25 22:28:39.672456,Walmart,0,2.7
9394,891,268,2026-05-20 05:33:53.672458,Target,0,5.36
9395,61,71,2026-05-19 05:51:12.672460,Target,0,1.42
9396,54,77,2026-05-24 02:36:18.672462,Amazon,0,1.54
9397,680,42,2026-05-25 05:40:10.672464,Amazon,0,0.84
9398,538,208,2026-05-19 22:15:44.672465,Walmart,0,4.16
9399,848,96,2026-05-24 18:12:25.672467,BestBuy,0,1.92
9400,988,87,2026-05-21 06:37:16.672469,Target,0,1.74
9401,65,159,2026-05-24 05:41:39.672471,Amazon,0,3.18
9402,612,213,2026-05-19 01:30:23.672473,Target,0,4.26
9403,586,152,2026-05-23 18:59:38.672475,BestBuy,0,3.04
9404,704,196,2026-05-24 08:54:10.672477,Target,0,3.92
9405,171,187,2026-05-23 20:43:00.672479,Walmart,0,3.74
9406,273,395,2026-05-20 00:21:01.672481,Target,0,7.9
9407,889,84,2026-05-20 15:10:58.672483,Amazon,0,1.68
9408,699,41,2026-05-19 15:21:49.672485,Walmart,0,0.82
9409,535,107,2026-05-21 22:29:53.672487,Walmart,0,2.14
9410,391,15,2026-05-20 09:40:23.672489,BestBuy,0,0.3
9411,940,61,2026-05-21 08:34:28.672491,Walmart,0,1.22
9412,693,108,2026-05-23 08:04:32.672493,Amazon,0,2.16
9413,327,118,2026-05-20 07:34:32.672495,BestBuy,0,2.36
9414,108,76,2026-05-22 19:18:03.672497,Walmart,0,1.52
9415,847,127,2026-05-25 05:22:02.672499,BestBuy,0,2.54
9416,162,118,2026-05-22 21:01:45.672501,Target,0,2.36
9417,814,31,2026-05-19 02:19:54.672503,Walmart,0,0.62
9418,452,121,2026-05-25 03:47:09.672505,Amazon,0,2.42
9419,206,68,2026-05-25 11:32:20.672506,Amazon,0,1.36
9420,590,181,2026-05-23 02:05:19.672508,Walmart,0,3.62
9421,16,61,2026-05-22 02:34:28.672510,Target,0,1.22
9422,327,36,2026-05-20 22:46:26.672512,BestBuy,0,0.72
9423,608,86,2026-05-23 09:37:25.672514,Amazon,0,1.72
9424,659,60,2026-05-21 03:00:48.672516,Amazon,0,1.2
9425,2,77,2026-05-23 12:53:07.672518,BestBuy,0,1.54
9426,10,11,2026-05-25 13:09:41.672520,BestBuy,0,0.22
9427,434,127,2026-05-20 12:59:59.672522,Amazon,0,2.54
9428,125,116,2026-05-22 03:15:25.672524,BestBuy,0,2.32
9429,81,214,2026-05-24 19:21:29.672526,Walmart,0,4.28
9430,485,121,2026-05-21 16:47:48.672528,Amazon,0,2.42
9431,652,75,2026-05-21 08:26:40.672529,Amazon,0,1.5
9432,838,27,2026-05-23 23:18:30.672531,Amazon,0,0.54
9433,150,182,2026-05-21 08:59:57.672533,Walmart,0,3.64
9434,800,71,2026-05-25 01:39:18.672535,Amazon,0,1.42
9435,873,32,2026-05-19 22:46:46.672537,BestBuy,0,0.64
9436,340,94,2026-05-22 22:31:42.672539,Amazon,0,1.88
9437,129,53,2026-05-21 03:22:39.672541,Walmart,0,1.06
9438,438,60,2026-05-23 04:11:31.672543,Walmart,0,1.2
9439,751,190,2026-05-25 06:47:58.672545,Target,0,3.8
9440,501,47,2026-05-20 21:53:24.672547,Amazon,0,0.94
9441,58,160,2026-05-24 11:03:31.672549,Walmart,0,3.2
9442,198,127,2026-05-25 16:29:49.672551,Target,0,2.54
9443,211,98,2026-05-24 08:20:18.672553,Amazon,0,1.96
9444,914,68,2026-05-22 11:02:40.672555,Walmart,0,1.36
9445,902,45,2026-05-25 10:25:24.672557,Walmart,0,0.9
9446,45,148,2026-05-25 06:15:29.672559,Amazon,0,2.96
9447,97,125,2026-05-23 03:24:56.672561,Amazon,0,2.5
9448,279,46,2026-05-22 02:51:07.672563,Target,0,0.92
9449,535,61,2026-05-23 14:40:45.672564,Amazon,0,1.22
9450,410,253,2026-05-23 01:13:11.672566,Amazon,0,5.06
9451,461,110,2026-05-19 14:03:34.672568,BestBuy,0,2.2
9452,391,45,2026-05-19 08:07:30.672570,Amazon,0,0.9
9453,847,136,2026-05-19 08:52:43.672572,Walmart,0,2.72
9454,44,103,2026-05-20 11:48:51.672608,Target,0,2.06
9455,27,32,2026-05-21 10:14:32.672611,Target,0,0.64
9456,794,102,2026-05-25 10:45:48.672613,Target,0,2.04
9457,97,65,2026-05-24 17:34:39.672615,Walmart,0,1.3
9458,975,19,2026-05-24 20:14:36.672618,Amazon,0,0.38
9459,548,65,2026-05-25 08:56:39.672620,Walmart,0,1.3
9460,621,55,2026-05-20 17:37:04.672622,BestBuy,0,1.1
9461,567,78,2026-05-22 09:35:44.672624,Target,0,1.56
9462,704,74,2026-05-24 02:10:43.672626,Amazon,0,1.48
9463,219,107,2026-05-23 07:43:10.672628,Amazon,0,2.14
9464,185,92,2026-05-25 13:48:45.672630,Target,0,1.84
9465,69,174,2026-05-25 11:54:39.672632,BestBuy,0,3.48
9466,829,73,2026-05-22 18:44:06.672634,BestBuy,0,1.46
9467,130,180,2026-05-21 02:06:29.672635,Amazon,0,3.6
9468,567,198,2026-05-21 02:04:31.672638,Walmart,0,3.96
9469,890,122,2026-05-20 04:34:34.672639,Target,0,2.44
9470,609,20,2026-05-25 20:13:21.672641,Walmart,0,0.4
9471,848,76,2026-05-19 01:01:03.672643,Amazon,0,1.52
9472,599,24,2026-05-23 07:19:27.672645,Target,0,0.48
9473,806,87,2026-05-23 06:25:57.672647,BestBuy,0,1.74
9474,631,190,2026-05-19 06:44:00.672649,BestBuy,0,3.8
9475,720,60,2026-05-23 09:28:20.672651,BestBuy,0,1.2
9476,334,190,2026-05-19 21:18:32.672653,Amazon,0,3.8
9477,925,98,2026-05-18 23:45:16.672655,BestBuy,0,1.96
9478,154,118,2026-05-24 23:53:57.672657,Target,0,2.36
9479,547,71,2026-05-19 18:50:13.672659,Target,0,1.42
9480,79,53,2026-05-23 14:45:41.672661,Target,0,1.06
9481,579,18,2026-05-24 09:48:03.672664,Target,0,0.36
9482,855,47,2026-05-23 15:51:45.672665,BestBuy,0,0.94
9483,413,123,2026-05-21 00:24:50.672667,Target,0,2.46
9484,546,46,2026-05-23 12:26:43.672669,Amazon,0,0.92
9485,609,63,2026-05-20 22:58:23.672671,Target,0,1.26
9486,169,233,2026-05-25 18:55:39.672673,BestBuy,1,46.6
9487,681,172,2026-05-22 10:52:21.672675,BestBuy,0,3.44
9488,663,136,2026-05-24 12:13:49.672677,Walmart,0,2.72
9489,583,134,2026-05-24 01:22:35.672679,Target,0,2.68
9490,515,65,2026-05-20 10:52:39.672681,BestBuy,0,1.3
9491,314,171,2026-05-21 20:02:30.672683,Walmart,0,3.42
9492,32,36,2026-05-20 21:10:20.672685,Amazon,0,0.72
9493,287,34,2026-05-20 11:15:59.672687,Target,0,0.68
9494,594,59,2026-05-19 12:04:38.672689,BestBuy,0,1.18
9495,43,59,2026-05-22 20:02:28.672691,BestBuy,0,1.18
9496,903,113,2026-05-21 22:41:11.672693,Target,0,2.26
9497,617,98,2026-05-20 16:24:23.672695,Walmart,0,1.96
9498,1,39,2026-05-21 15:27:23.672697,Target,0,0.78
9499,573,138,2026-05-21 04:42:11.672699,Amazon,0,2.76
9500,270,16,2026-05-23 02:05:55.672701,Amazon,0,0.32
9501,180,215,2026-05-25 18:47:38.672703,Target,0,4.3
9502,736,87,2026-05-20 12:58:11.672705,Walmart,0,1.74
9503,518,116,2026-05-24 19:41:48.672707,Amazon,0,2.32
9504,103,93,2026-05-22 05:36:51.672709,Target,0,1.86
9505,10,43,2026-05-19 03:41:53.672711,Walmart,0,0.86
9506,583,43,2026-05-23 02:19:01.672713,Walmart,0,0.86
9507,90,30,2026-05-21 20:11:54.672715,BestBuy,0,0.6
9508,226,85,2026-05-23 17:01:45.672717,Amazon,0,1.7
9509,670,128,2026-05-22 13:50:30.672719,Target,0,2.56
9510,740,97,2026-05-23 10:52:46.672721,Amazon,0,1.94
9511,917,218,2026-05-20 06:28:41.672723,Walmart,0,4.36
9512,126,44,2026-05-20 12:33:37.672725,BestBuy,0,0.88
9513,956,56,2026-05-25 00:00:34.672727,Amazon,0,1.12
9514,209,134,2026-05-20 07:29:50.672729,Target,0,2.68
9515,97,200,2026-05-20 18:57:42.672731,Amazon,0,4.0
9516,74,17,2026-05-19 23:56:34.672733,Walmart,0,0.34
9517,627,16,2026-05-25 08:30:28.672735,BestBuy,0,0.32
9518,191,124,2026-05-25 13:27:26.672737,Amazon,0,2.48
9519,682,102,2026-05-20 08:20:43.672739,Walmart,0,2.04
9520,819,56,2026-05-21 23:44:38.672741,Walmart,0,1.12
9521,960,52,2026-05-22 10:13:40.672743,BestBuy,0,1.04
9522,716,30,2026-05-22 04:24:38.672745,Walmart,0,0.6
9523,56,103,2026-05-24 16:03:08.672747,Amazon,0,2.06
9524,720,20,2026-05-19 08:19:52.672748,Target,0,0.4
9525,553,129,2026-05-23 21:00:20.672750,BestBuy,0,2.58
9526,32,171,2026-05-25 12:18:16.672752,Walmart,0,3.42
9527,527,10,2026-05-25 16:26:45.672754,Amazon,0,0.2
9528,574,53,2026-05-24 01:24:45.672756,BestBuy,0,1.06
9529,667,38,2026-05-21 12:24:43.672758,Walmart,0,0.76
9530,284,23,2026-05-21 01:24:27.672760,Amazon,0,0.46
9531,721,57,2026-05-20 03:10:55.672762,Walmart,0,1.14
9532,832,132,2026-05-21 04:03:32.672764,Amazon,0,2.64
9533,494,192,2026-05-20 06:12:28.672766,Walmart,0,3.84
9534,187,32,2026-05-20 20:02:40.672768,BestBuy,0,0.64
9535,498,1,2026-05-20 13:16:29.672770,BestBuy,0,0.02
9536,442,98,2026-05-19 16:57:05.672772,BestBuy,0,1.96
9537,130,153,2026-05-23 13:46:40.672774,Walmart,0,3.06
9538,639,147,2026-05-25 04:32:44.672776,Walmart,0,2.94
9539,292,111,2026-05-20 20:51:12.672778,BestBuy,0,2.22
9540,114,14,2026-05-22 10:54:59.672780,BestBuy,0,0.28
9541,199,53,2026-05-25 00:47:15.672782,Target,0,1.06
9542,13,69,2026-05-19 19:17:13.672784,Amazon,0,1.38
9543,271,30,2026-05-19 02:25:01.672786,Target,0,0.6
9544,601,96,2026-05-25 14:57:38.672788,Amazon,0,1.92
9545,215,163,2026-05-25 00:52:51.672790,Walmart,0,3.26
9546,444,153,2026-05-22 15:59:06.672792,Amazon,0,3.06
9547,790,218,2026-05-22 00:21:58.672794,Amazon,0,4.36
9548,512,140,2026-05-19 12:38:00.672796,Walmart,0,2.8
9549,447,162,2026-05-21 08:28:18.672798,Walmart,0,3.24
9550,986,94,2026-05-22 16:34:32.672800,Walmart,0,1.88
9551,993,207,2026-05-25 00:50:07.672802,BestBuy,1,41.4
9552,715,83,2026-05-21 06:17:27.672804,BestBuy,0,1.66
9553,74,158,2026-05-20 05:30:00.672806,Amazon,0,3.16
9554,537,146,2026-05-24 00:17:36.672808,Walmart,0,2.92
9555,101,247,2026-05-22 23:30:03.672810,BestBuy,1,49.4
9556,176,39,2026-05-21 03:25:45.672812,Walmart,0,0.78
9557,427,19,2026-05-25 05:40:15.672813,Amazon,0,0.38
9558,117,80,2026-05-25 07:09:21.672815,BestBuy,0,1.6
9559,166,45,2026-05-20 23:04:51.672817,BestBuy,0,0.9
9560,41,59,2026-05-23 15:06:36.672819,Target,0,1.18
9561,429,84,2026-05-19 18:55:43.672821,Amazon,0,1.68
9562,344,199,2026-05-21 05:47:52.672823,BestBuy,0,3.98
9563,424,192,2026-05-20 11:27:37.672825,Amazon,0,3.84
9564,366,21,2026-05-20 02:52:43.672827,Amazon,0,0.42
9565,120,136,2026-05-21 12:44:12.672829,Walmart,0,2.72
9566,609,16,2026-05-20 23:14:35.672831,Amazon,0,0.32
9567,657,170,2026-05-23 19:58:16.672833,Target,0,3.4
9568,728,191,2026-05-23 11:35:27.672835,BestBuy,0,3.82
9569,229,42,2026-05-21 16:04:08.672837,Amazon,0,0.84
9570,825,84,2026-05-22 04:57:29.672839,Amazon,0,1.68
9571,130,51,2026-05-24 03:38:26.672841,Walmart,0,1.02
9572,352,177,2026-05-23 10:47:02.672843,Walmart,0,3.54
9573,889,178,2026-05-19 05:14:26.672845,Target,0,3.56
9574,318,149,2026-05-23 23:52:23.672847,Amazon,0,2.98
9575,984,218,2026-05-24 12:19:59.672849,Amazon,0,4.36
9576,649,32,2026-05-23 07:52:16.672851,Amazon,0,0.64
9577,836,25,2026-05-19 23:17:53.672853,Amazon,0,0.5
9578,337,88,2026-05-25 10:34:51.672855,BestBuy,0,1.76
9579,273,23,2026-05-22 05:25:37.672857,Amazon,0,0.46
9580,117,62,2026-05-25 04:30:15.672859,Amazon,0,1.24
9581,818,5,2026-05-23 02:45:20.672861,BestBuy,0,0.1
9582,368,75,2026-05-22 00:51:38.672863,Walmart,0,1.5
9583,94,82,2026-05-21 01:11:24.672865,Target,0,1.64
9584,168,72,2026-05-24 13:58:10.672867,Amazon,0,1.44
9585,954,105,2026-05-23 21:27:00.672869,BestBuy,0,2.1
9586,715,58,2026-05-21 12:21:03.672871,Amazon,0,1.16
9587,341,61,2026-05-23 21:19:14.672873,Walmart,0,1.22
9588,661,85,2026-05-19 08:23:52.672875,BestBuy,0,1.7
9589,914,95,2026-05-19 23:53:00.672877,BestBuy,0,1.9
9590,695,146,2026-05-25 14:17:14.672878,BestBuy,0,2.92
9591,925,18,2026-05-24 03:27:09.672880,Amazon,0,0.36
9592,152,245,2026-05-20 15:25:13.672882,Walmart,0,4.9
9593,586,49,2026-05-25 14:48:12.672884,Target,0,0.98
9594,877,32,2026-05-25 16:46:06.672886,BestBuy,0,0.64
9595,913,37,2026-05-20 10:25:28.672888,Amazon,0,0.74
9596,274,42,2026-05-23 00:12:24.672890,Target,0,0.84
9597,554,26,2026-05-22 22:28:02.672892,BestBuy,0,0.52
9598,496,87,2026-05-19 18:54:32.672894,Amazon,0,1.74
9599,724,223,2026-05-25 04:45:42.672896,Target,0,4.46
9600,101,10,2026-05-21 16:29:28.672898,Target,0,0.2
9601,557,78,2026-05-22 22:27:07.672900,BestBuy,0,1.56
9602,82,193,2026-05-24 05:42:31.672902,Amazon,0,3.86
9603,529,82,2026-05-19 08:15:12.672904,Target,0,1.64
9604,73,97,2026-05-22 17:49:52.672906,Walmart,0,1.94
9605,14,121,2026-05-24 13:17:54.672908,Walmart,0,2.42
9606,433,112,2026-05-21 06:28:12.672910,Target,0,2.24
9607,157,43,2026-05-20 02:15:53.672912,BestBuy,0,0.86
9608,735,95,2026-05-24 19:06:19.672914,BestBuy,0,1.9
9609,132,142,2026-05-21 14:42:03.672916,BestBuy,0,2.84
9610,338,107,2026-05-24 13:23:01.672918,Target,0,2.14
9611,404,142,2026-05-19 17:21:08.672920,BestBuy,0,2.84
9612,376,119,2026-05-25 06:54:25.672922,BestBuy,0,2.38
9613,888,30,2026-05-19 07:02:28.672924,Walmart,0,0.6
9614,559,221,2026-05-21 15:50:37.672926,Amazon,0,4.42
9615,107,308,2026-05-19 00:22:23.672928,Walmart,0,6.16
9616,620,77,2026-05-25 20:57:46.672929,Target,0,1.54
9617,265,170,2026-05-22 12:27:47.672931,Walmart,0,3.4
9618,205,127,2026-05-22 04:11:12.672934,Amazon,0,2.54
9619,79,128,2026-05-23 08:31:22.672935,Walmart,0,2.56
9620,155,5,2026-05-19 04:29:26.672937,BestBuy,0,0.1
9621,783,40,2026-05-20 00:44:31.672939,Amazon,0,0.8
9622,988,53,2026-05-21 08:54:29.672941,Target,0,1.06
9623,997,62,2026-05-25 19:43:44.672943,Walmart,0,1.24
9624,247,54,2026-05-25 22:53:52.672945,Walmart,0,1.08
9625,531,107,2026-05-22 09:43:16.672948,BestBuy,0,2.14
9626,858,142,2026-05-22 06:31:27.672950,Amazon,0,2.84
9627,948,96,2026-05-23 07:57:15.672952,BestBuy,0,1.92
9628,538,185,2026-05-24 06:20:28.672953,Walmart,0,3.7
9629,729,179,2026-05-22 14:07:08.672955,Walmart,0,3.58
9630,154,24,2026-05-24 09:48:37.672957,Amazon,0,0.48
9631,154,129,2026-05-25 04:41:50.672960,Walmart,0,2.58
9632,686,80,2026-05-23 23:32:33.672962,Amazon,0,1.6
9633,92,62,2026-05-24 12:52:59.672964,Target,0,1.24
9634,433,11,2026-05-24 11:09:57.672965,Walmart,0,0.22
9635,338,40,2026-05-24 06:36:14.672967,Amazon,0,0.8
9636,480,36,2026-05-24 22:13:38.672969,Amazon,0,0.72
9637,693,60,2026-05-24 19:08:08.672971,BestBuy,0,1.2
9638,131,50,2026-05-19 16:41:37.672973,Walmart,0,1.0
9639,450,232,2026-05-24 03:28:07.672975,BestBuy,1,46.4
9640,993,55,2026-05-20 21:39:37.672977,Amazon,0,1.1
9641,810,293,2026-05-22 22:17:25.672979,Target,0,5.86
9642,787,155,2026-05-20 03:34:27.672981,Target,0,3.1
9643,273,25,2026-05-22 23:46:18.672983,Walmart,0,0.5
9644,929,128,2026-05-24 14:11:16.672985,Target,0,2.56
9645,588,28,2026-05-24 00:05:08.672987,Walmart,0,0.56
9646,177,96,2026-05-22 20:33:25.672989,Walmart,0,1.92
9647,696,78,2026-05-22 22:33:15.672991,Amazon,0,1.56
9648,831,19,2026-05-19 05:27:27.672993,Amazon,0,0.38
9649,643,56,2026-05-20 04:53:17.672995,Amazon,0,1.12
9650,875,233,2026-05-22 09:23:22.672997,BestBuy,1,46.6
9651,49,189,2026-05-21 05:33:16.672999,Amazon,0,3.78
9652,567,46,2026-05-21 04:44:02.673001,Walmart,0,0.92
9653,666,45,2026-05-24 14:38:35.673003,Amazon,0,0.9
9654,355,152,2026-05-19 22:04:52.673005,BestBuy,0,3.04
9655,712,17,2026-05-22 03:26:48.673007,Amazon,0,0.34
9656,308,73,2026-05-23 15:28:46.673009,Target,0,1.46
9657,868,65,2026-05-23 23:31:11.673011,Walmart,0,1.3
9658,885,24,2026-05-21 03:16:04.673013,Target,0,0.48
9659,630,236,2026-05-25 11:19:45.673015,Target,0,4.72
9660,775,106,2026-05-23 09:21:59.673017,BestBuy,0,2.12
9661,46,107,2026-05-24 12:27:45.673019,Target,0,2.14
9662,302,164,2026-05-19 09:32:59.673021,Amazon,0,3.28
9663,868,97,2026-05-20 04:32:02.673023,Walmart,0,1.94
9664,912,68,2026-05-18 23:27:38.673025,Target,0,1.36
9665,408,39,2026-05-21 09:28:43.673027,Target,0,0.78
9666,189,184,2026-05-21 06:30:11.673029,Walmart,0,3.68
9667,822,107,2026-05-23 19:48:33.673031,Amazon,0,2.14
9668,830,121,2026-05-20 19:40:49.673033,Target,0,2.42
9669,129,40,2026-05-19 04:43:53.673035,Walmart,0,0.8
9670,561,191,2026-05-19 08:54:17.673037,Amazon,0,3.82
9671,537,92,2026-05-25 15:48:12.673039,Amazon,0,1.84
9672,266,107,2026-05-23 15:44:15.673041,Amazon,0,2.14
9673,118,61,2026-05-25 10:48:07.673043,BestBuy,0,1.22
9674,464,79,2026-05-25 03:25:25.673045,Amazon,0,1.58
9675,144,39,2026-05-21 04:02:56.673047,Amazon,0,0.78
9676,442,99,2026-05-21 06:10:52.673049,Walmart,0,1.98
9677,200,164,2026-05-21 17:13:19.673051,BestBuy,0,3.28
9678,157,92,2026-05-22 08:25:32.673053,Amazon,0,1.84
9679,487,98,2026-05-23 02:15:19.673055,Target,0,1.96
9680,860,108,2026-05-24 06:22:59.673056,BestBuy,0,2.16
9681,134,109,2026-05-23 14:17:21.673058,Walmart,0,2.18
9682,912,156,2026-05-20 10:22:55.673060,BestBuy,0,3.12
9683,148,48,2026-05-20 09:15:51.673062,Target,0,0.96
9684,336,22,2026-05-22 00:47:46.673064,BestBuy,0,0.44
9685,71,88,2026-05-21 01:14:38.673066,Target,0,1.76
9686,233,126,2026-05-25 11:13:53.673068,Amazon,0,2.52
9687,334,184,2026-05-19 17:08:33.673070,Amazon,0,3.68
9688,811,168,2026-05-21 04:46:50.673072,BestBuy,0,3.36
9689,666,29,2026-05-21 13:10:13.673074,BestBuy,0,0.58
9690,90,126,2026-05-19 07:15:36.673076,Walmart,0,2.52
9691,334,36,2026-05-22 20:18:54.673078,Walmart,0,0.72
9692,199,99,2026-05-23 22:13:29.673080,Target,0,1.98
9693,161,28,2026-05-22 17:35:23.673082,Amazon,0,0.56
9694,538,183,2026-05-22 04:16:10.673084,BestBuy,0,3.66
9695,121,181,2026-05-23 09:36:28.673086,Amazon,0,3.62
9696,301,123,2026-05-22 03:54:58.673088,BestBuy,0,2.46
9697,724,49,2026-05-20 17:13:33.673090,Target,0,0.98
9698,575,160,2026-05-19 17:03:27.673091,Amazon,0,3.2
9699,963,97,2026-05-20 09:43:52.673093,Walmart,0,1.94
9700,436,86,2026-05-19 05:37:24.673095,Target,0,1.72
9701,68,37,2026-05-24 00:33:18.673097,Amazon,0,0.74
9702,765,161,2026-05-24 10:38:27.673099,Target,0,3.22
9703,922,226,2026-05-20 15:07:18.673101,BestBuy,1,45.2
9704,459,158,2026-05-19 11:49:29.673103,Amazon,0,3.16
9705,514,118,2026-05-20 13:17:22.673105,Amazon,0,2.36
9706,398,59,2026-05-23 22:13:26.673107,Amazon,0,1.18
9707,620,81,2026-05-24 18:23:35.673109,Walmart,0,1.62
9708,286,40,2026-05-20 13:48:06.673111,Target,0,0.8
9709,561,156,2026-05-19 00:57:17.673113,Walmart,0,3.12
9710,140,124,2026-05-21 18:25:15.673115,Walmart,0,2.48
9711,730,31,2026-05-21 23:34:46.673117,Target,0,0.62
9712,556,106,2026-05-22 17:42:50.673119,Target,0,2.12
9713,929,83,2026-05-23 18:37:19.673121,Amazon,0,1.66
9714,781,84,2026-05-20 13:50:41.673123,Amazon,0,1.68
9715,590,11,2026-05-23 07:21:19.673125,Target,0,0.22
9716,728,99,2026-05-23 07:52:09.673127,Amazon,0,1.98
9717,894,81,2026-05-20 21:28:18.673129,BestBuy,0,1.62
9718,610,72,2026-05-20 02:26:09.673131,Amazon,0,1.44
9719,748,22,2026-05-21 04:54:25.673133,Target,0,0.44
9720,282,161,2026-05-20 05:15:32.673135,Walmart,0,3.22
9721,661,88,2026-05-22 03:00:49.673137,Target,0,1.76
9722,924,30,2026-05-20 20:26:23.673140,Target,0,0.6
9723,816,107,2026-05-23 05:33:46.673142,Walmart,0,2.14
9724,996,39,2026-05-25 19:35:21.673144,BestBuy,0,0.78
9725,936,33,2026-05-21 12:08:09.673146,Amazon,0,0.66
9726,578,52,2026-05-25 05:41:04.673148,BestBuy,0,1.04
9727,746,78,2026-05-23 05:48:35.673150,Walmart,0,1.56
9728,457,52,2026-05-22 18:17:29.673152,BestBuy,0,1.04
9729,87,214,2026-05-24 16:59:16.673154,Walmart,0,4.28
9730,79,216,2026-05-21 07:47:24.673156,Target,0,4.32
9731,205,314,2026-05-25 00:59:11.673158,BestBuy,1,62.8
9732,791,28,2026-05-23 23:32:27.673160,Amazon,0,0.56
9733,337,39,2026-05-19 16:44:31.673162,Amazon,0,0.78
9734,254,41,2026-05-25 13:10:54.673164,Walmart,0,0.82
9735,304,114,2026-05-22 06:03:10.673166,Target,0,2.28
9736,380,22,2026-05-22 15:37:17.673168,BestBuy,0,0.44
9737,130,138,2026-05-21 01:51:57.673170,BestBuy,0,2.76
9738,596,83,2026-05-24 13:24:54.673172,Walmart,0,1.66
9739,276,154,2026-05-19 10:41:56.673174,BestBuy,0,3.08
9740,699,93,2026-05-20 17:48:30.673176,Amazon,0,1.86
9741,558,63,2026-05-25 02:09:07.673178,Amazon,0,1.26
9742,899,169,2026-05-22 19:23:41.673180,BestBuy,0,3.38
9743,183,206,2026-05-23 18:47:23.673182,BestBuy,1,41.2
9744,268,53,2026-05-20 12:12:54.673184,Target,0,1.06
9745,808,128,2026-05-23 10:07:46.673186,Target,0,2.56
9746,322,89,2026-05-22 12:38:17.673188,BestBuy,0,1.78
9747,512,146,2026-05-25 00:44:51.673190,BestBuy,0,2.92
9748,612,90,2026-05-23 20:25:59.673192,Walmart,0,1.8
9749,78,117,2026-05-19 12:43:46.673194,Target,0,2.34
9750,784,64,2026-05-21 18:28:44.673196,BestBuy,0,1.28
9751,339,77,2026-05-22 20:40:02.673198,Walmart,0,1.54
9752,674,330,2026-05-19 14:02:07.673199,Target,0,6.6
9753,556,87,2026-05-22 08:56:20.673201,Walmart,0,1.74
9754,509,17,2026-05-23 11:19:11.673203,BestBuy,0,0.34
9755,238,22,2026-05-23 17:03:47.673205,Amazon,0,0.44
9756,134,46,2026-05-24 05:04:23.673207,Amazon,0,0.92
9757,973,18,2026-05-20 13:04:10.673209,Amazon,0,0.36
9758,192,59,2026-05-25 03:00:15.673211,Amazon,0,1.18
9759,356,85,2026-05-22 08:59:40.673213,BestBuy,0,1.7
9760,278,83,2026-05-24 03:04:52.673215,Amazon,0,1.66
9761,18,168,2026-05-20 08:26:42.673217,Amazon,0,3.36
9762,524,95,2026-05-25 11:56:09.673219,BestBuy,0,1.9
9763,180,114,2026-05-20 07:45:20.673221,Target,0,2.28
9764,123,332,2026-05-20 06:20:54.673223,Target,0,6.64
9765,246,89,2026-05-25 04:05:45.673225,Target,0,1.78
9766,734,157,2026-05-19 23:03:02.673227,Walmart,0,3.14
9767,373,55,2026-05-22 17:47:16.673229,Target,0,1.1
9768,51,116,2026-05-20 02:36:22.673231,BestBuy,0,2.32
9769,1000,162,2026-05-24 17:40:15.673233,Target,0,3.24
9770,71,75,2026-05-21 00:47:03.673235,Walmart,0,1.5
9771,480,246,2026-05-22 03:30:34.673236,Walmart,0,4.92
9772,560,133,2026-05-20 08:04:28.673239,Amazon,0,2.66
9773,19,165,2026-05-25 17:03:32.673240,BestBuy,0,3.3
9774,774,125,2026-05-23 09:51:48.673242,Target,0,2.5
9775,84,122,2026-05-23 22:39:29.673244,Target,0,2.44
9776,155,37,2026-05-21 06:11:47.673246,BestBuy,0,0.74
9777,565,214,2026-05-25 11:07:50.673248,BestBuy,1,42.8
9778,619,210,2026-05-24 00:55:14.673250,BestBuy,1,42.0
9779,357,65,2026-05-19 12:48:43.673252,BestBuy,0,1.3
9780,816,167,2026-05-20 03:06:07.673254,BestBuy,0,3.34
9781,647,48,2026-05-25 09:39:09.673256,BestBuy,0,0.96
9782,443,147,2026-05-21 11:39:17.673258,BestBuy,0,2.94
9783,69,94,2026-05-20 17:26:07.673260,Walmart,0,1.88
9784,523,57,2026-05-23 08:54:23.673262,Amazon,0,1.14
9785,143,28,2026-05-25 00:31:29.673264,Target,0,0.56
9786,192,134,2026-05-25 00:50:07.673266,Walmart,0,2.68
9787,387,192,2026-05-21 23:19:03.673268,Walmart,0,3.84
9788,378,26,2026-05-24 14:44:27.673270,Target,0,0.52
9789,581,86,2026-05-21 16:41:19.673272,Walmart,0,1.72
9790,535,83,2026-05-19 17:07:53.673274,BestBuy,0,1.66
9791,693,14,2026-05-24 23:23:26.673276,Walmart,0,0.28
9792,293,55,2026-05-25 18:19:24.673278,Target,0,1.1
9793,9,161,2026-05-20 23:00:23.673280,Amazon,0,3.22
9794,271,28,2026-05-21 06:43:23.673282,Target,0,0.56
9795,387,174,2026-05-23 13:22:12.673284,Amazon,0,3.48
9796,93,148,2026-05-23 13:06:47.673286,BestBuy,0,2.96
9797,966,100,2026-05-21 06:57:15.673288,Walmart,0,2.0
9798,529,20,2026-05-20 06:41:23.673290,Target,0,0.4
9799,154,52,2026-05-22 23:49:58.673291,Target,0,1.04
9800,405,178,2026-05-21 15:11:22.673293,Amazon,0,3.56
9801,840,29,2026-05-24 10:50:37.673295,Walmart,0,0.58
9802,149,21,2026-05-19 19:20:06.673297,Target,0,0.42
9803,889,149,2026-05-25 10:29:42.673299,Target,0,2.98
9804,267,25,2026-05-25 17:48:41.673301,Walmart,0,0.5
9805,422,35,2026-05-21 17:48:41.673303,BestBuy,0,0.7
9806,840,145,2026-05-23 16:19:01.673305,Amazon,0,2.9
9807,618,30,2026-05-23 11:54:14.673307,Target,0,0.6
9808,472,39,2026-05-25 07:40:39.673309,Walmart,0,0.78
9809,893,168,2026-05-20 15:06:08.673311,BestBuy,0,3.36
9810,547,33,2026-05-20 12:37:53.673313,Target,0,0.66
9811,631,42,2026-05-25 12:49:46.673315,BestBuy,0,0.84
9812,526,228,2026-05-19 06:41:45.673317,Target,0,4.56
9813,503,178,2026-05-21 11:30:51.673319,Target,0,3.56
9814,14,39,2026-05-20 03:17:18.673321,BestBuy,0,0.78
9815,778,35,2026-05-25 21:39:45.673323,Amazon,0,0.7
9816,652,65,2026-05-19 07:53:09.673325,BestBuy,0,1.3
9817,806,102,2026-05-24 03:33:36.673327,Walmart,0,2.04
9818,364,129,2026-05-24 01:30:01.673329,Target,0,2.58
9819,119,84,2026-05-23 21:55:28.673331,BestBuy,0,1.68
9820,238,61,2026-05-22 14:39:37.673333,BestBuy,0,1.22
9821,546,176,2026-05-24 14:35:26.673335,Target,0,3.52
9822,169,85,2026-05-20 11:00:02.673337,Target,0,1.7
9823,522,95,2026-05-23 09:46:26.673339,BestBuy,0,1.9
9824,634,50,2026-05-21 15:28:31.673341,Amazon,0,1.0
9825,913,208,2026-05-23 23:40:31.673343,Target,0,4.16
9826,657,64,2026-05-25 12:41:08.673345,BestBuy,0,1.28
9827,963,40,2026-05-22 19:18:03.673347,Walmart,0,0.8
9828,958,30,2026-05-25 16:45:35.673349,Amazon,0,0.6
9829,735,35,2026-05-25 03:02:24.673351,Walmart,0,0.7
9830,883,98,2026-05-24 20:09:53.673353,Target,0,1.96
9831,769,116,2026-05-20 07:47:26.673355,Target,0,2.32
9832,780,235,2026-05-22 12:35:49.673357,Amazon,0,4.7
9833,871,96,2026-05-25 12:10:30.673359,Target,0,1.92
9834,516,51,2026-05-21 15:26:36.673361,Walmart,0,1.02
9835,938,273,2026-05-24 19:05:40.673363,BestBuy,1,54.6
9836,397,204,2026-05-25 16:39:32.673365,BestBuy,1,40.8
9837,866,39,2026-05-23 05:09:33.673367,Walmart,0,0.78
9838,106,21,2026-05-25 17:18:41.673369,Walmart,0,0.42
9839,85,59,2026-05-25 14:50:55.673371,Target,0,1.18
9840,214,6,2026-05-25 09:06:41.673373,Target,0,0.12
9841,121,22,2026-05-25 10:36:31.673375,Amazon,0,0.44
9842,132,189,2026-05-25 01:32:21.673377,BestBuy,0,3.78
9843,850,112,2026-05-23 11:09:06.673379,Amazon,0,2.24
9844,197,78,2026-05-22 19:10:59.673381,Walmart,0,1.56
9845,19,98,2026-05-20 22:49:15.673383,Walmart,0,1.96
9846,642,39,2026-05-19 08:46:09.673385,Amazon,0,0.78
9847,12,112,2026-05-20 01:02:13.673386,Amazon,0,2.24
9848,81,272,2026-05-23 08:10:15.673388,BestBuy,1,54.4
9849,330,127,2026-05-24 22:14:18.673390,Walmart,0,2.54
9850,866,24,2026-05-22 08:03:43.673392,Amazon,0,0.48
9851,774,67,2026-05-22 11:39:55.673394,BestBuy,0,1.34
9852,392,156,2026-05-25 21:47:32.673396,Target,0,3.12
9853,637,42,2026-05-21 03:24:31.673398,Target,0,0.84
9854,307,80,2026-05-21 21:27:17.673400,BestBuy,0,1.6
9855,267,45,2026-05-21 16:28:10.673402,Amazon,0,0.9
9856,447,201,2026-05-19 09:55:17.673404,BestBuy,1,40.2
9857,441,110,2026-05-21 19:04:29.673406,BestBuy,0,2.2
9858,895,58,2026-05-20 12:50:49.673408,Amazon,0,1.16
9859,652,106,2026-05-25 22:30:50.673410,Target,0,2.12
9860,841,97,2026-05-21 17:39:52.673412,BestBuy,0,1.94
9861,2,4,2026-05-18 23:49:39.673414,Target,0,0.08
9862,520,45,2026-05-22 15:45:54.673416,BestBuy,0,0.9
9863,762,152,2026-05-24 00:54:03.673418,Walmart,0,3.04
9864,651,123,2026-05-21 06:52:41.673420,Amazon,0,2.46
9865,636,61,2026-05-20 10:43:23.673422,Target,0,1.22
9866,309,124,2026-05-22 08:08:03.673424,Amazon,0,2.48
9867,740,204,2026-05-21 10:58:24.673426,Target,0,4.08
9868,522,65,2026-05-22 16:05:36.673428,Target,0,1.3
9869,469,65,2026-05-20 16:34:19.673430,Amazon,0,1.3
9870,212,119,2026-05-25 20:18:09.673432,BestBuy,0,2.38
9871,112,103,2026-05-22 08:45:12.673434,BestBuy,0,2.06
9872,8,243,2026-05-25 21:11:37.673436,Walmart,0,4.86
9873,804,199,2026-05-24 21:42:51.673438,Target,0,3.98
9874,477,33,2026-05-23 02:45:11.673440,Amazon,0,0.66
9875,874,87,2026-05-20 05:17:08.673442,Target,0,1.74
9876,460,31,2026-05-25 03:57:05.673444,BestBuy,0,0.62
9877,253,61,2026-05-25 15:26:03.673446,Amazon,0,1.22
9878,526,155,2026-05-22 20:56:21.673447,Amazon,0,3.1
9879,752,30,2026-05-19 00:10:28.673449,Target,0,0.6
9880,438,254,2026-05-22 02:43:53.673451,Walmart,0,5.08
9881,754,166,2026-05-22 14:45:58.673453,BestBuy,0,3.32
9882,981,75,2026-05-24 15:26:12.673455,BestBuy,0,1.5
9883,854,44,2026-05-21 22:31:36.673457,Target,0,0.88
9884,661,186,2026-05-22 10:00:33.673459,Target,0,3.72
9885,236,62,2026-05-20 12:59:41.673461,Walmart,0,1.24
9886,306,84,2026-05-24 21:27:21.673463,BestBuy,0,1.68
9887,478,91,2026-05-24 12:24:48.673465,Walmart,0,1.82
9888,679,74,2026-05-24 23:43:37.673467,Amazon,0,1.48
9889,20,73,2026-05-20 20:08:39.673469,Amazon,0,1.46
9890,216,98,2026-05-20 14:51:08.673471,Walmart,0,1.96
9891,855,64,2026-05-19 13:42:02.673473,Walmart,0,1.28
9892,135,31,2026-05-21 11:28:00.673475,Target,0,0.62
9893,905,41,2026-05-22 11:16:51.673477,BestBuy,0,0.82
9894,129,244,2026-05-19 23:13:10.673479,BestBuy,1,48.8
9895,410,55,2026-05-19 01:09:51.673481,BestBuy,0,1.1
9896,422,54,2026-05-23 00:57:20.673483,Walmart,0,1.08
9897,294,207,2026-05-24 08:53:23.673485,Target,0,4.14
9898,246,23,2026-05-21 06:40:38.673487,Target,0,0.46
9899,701,158,2026-05-22 17:22:41.673489,Target,0,3.16
9900,556,44,2026-05-24 08:45:48.673491,Walmart,0,0.88
9901,86,28,2026-05-22 05:09:00.673493,Walmart,0,0.56
9902,556,222,2026-05-25 08:04:17.673495,Target,0,4.44
9903,842,95,2026-05-20 02:28:11.673497,Walmart,0,1.9
9904,375,35,2026-05-19 03:29:37.673499,Amazon,0,0.7
9905,446,270,2026-05-24 13:09:28.673500,BestBuy,1,54.0
9906,378,30,2026-05-23 12:07:38.673502,BestBuy,0,0.6
9907,390,96,2026-05-25 14:52:13.673505,BestBuy,0,1.92
9908,657,35,2026-05-22 02:31:53.673507,Amazon,0,0.7
9909,51,151,2026-05-25 00:41:23.673509,Target,0,3.02
9910,242,141,2026-05-24 01:17:00.673511,BestBuy,0,2.82
9911,294,88,2026-05-22 16:14:20.673513,Walmart,0,1.76
9912,920,165,2026-05-21 07:13:08.673515,Amazon,0,3.3
9913,563,19,2026-05-23 15:52:47.673517,Target,0,0.38
9914,266,104,2026-05-24 02:17:06.673519,Amazon,0,2.08
9915,120,127,2026-05-23 20:13:55.673521,BestBuy,0,2.54
9916,712,31,2026-05-21 15:30:10.673523,Target,0,0.62
9917,917,115,2026-05-20 08:34:03.673525,BestBuy,0,2.3
9918,248,90,2026-05-19 03:31:48.673527,Target,0,1.8
9919,70,184,2026-05-20 06:02:21.673529,BestBuy,0,3.68
9920,853,98,2026-05-23 23:44:40.673531,Target,0,1.96
9921,57,81,2026-05-25 14:22:58.673533,Amazon,0,1.62
9922,382,32,2026-05-23 15:41:25.673535,Target,0,0.64
9923,39,99,2026-05-19 12:09:54.673536,Target,0,1.98
9924,984,146,2026-05-22 14:38:57.673539,Amazon,0,2.92
9925,801,260,2026-05-25 16:35:03.673541,Target,0,5.2
9926,443,98,2026-05-22 11:47:04.673543,Amazon,0,1.96
9927,18,209,2026-05-23 14:31:35.673545,BestBuy,1,41.8
9928,952,85,2026-05-25 05:07:04.673546,BestBuy,0,1.7
9929,732,26,2026-05-24 18:18:01.673548,BestBuy,0,0.52
9930,825,449,2026-05-25 15:47:49.673550,Target,0,8.98
9931,756,132,2026-05-23 15:37:54.673552,Walmart,0,2.64
9932,352,21,2026-05-20 13:31:45.673554,Walmart,0,0.42
9933,972,152,2026-05-19 05:16:18.673556,BestBuy,0,3.04
9934,816,59,2026-05-25 06:21:58.673558,Amazon,0,1.18
9935,298,55,2026-05-23 09:17:21.673560,Target,0,1.1
9936,283,211,2026-05-21 17:08:35.673562,Amazon,0,4.22
9937,586,40,2026-05-19 16:28:03.673564,Target,0,0.8
9938,110,15,2026-05-25 13:24:50.673566,Amazon,0,0.3
9939,180,42,2026-05-19 04:03:46.673568,BestBuy,0,0.84
9940,938,139,2026-05-24 23:06:24.673570,Walmart,0,2.78
9941,544,113,2026-05-22 06:17:19.673572,Amazon,0,2.26
9942,746,133,2026-05-20 19:14:41.673574,BestBuy,0,2.66
9943,794,176,2026-05-21 23:47:45.673576,Walmart,0,3.52
9944,25,105,2026-05-22 22:52:05.673578,Walmart,0,2.1
9945,843,34,2026-05-23 00:23:54.673580,Walmart,0,0.68
9946,791,54,2026-05-21 13:56:10.673582,Amazon,0,1.08
9947,738,181,2026-05-19 22:34:21.673584,Amazon,0,3.62
9948,57,2,2026-05-21 01:37:10.673586,Walmart,0,0.04
9949,180,137,2026-05-24 07:49:18.673587,Amazon,0,2.74
9950,232,40,2026-05-23 15:29:20.673589,BestBuy,0,0.8
9951,894,253,2026-05-23 10:50:57.673591,Target,0,5.06
9952,343,22,2026-05-20 16:27:25.673593,Walmart,0,0.44
9953,477,64,2026-05-19 19:20:14.673595,Target,0,1.28
9954,799,205,2026-05-19 00:47:55.673597,Walmart,0,4.1
9955,576,153,2026-05-25 10:16:55.673599,Target,0,3.06
9956,455,48,2026-05-23 17:18:12.673601,Walmart,0,0.96
9957,232,73,2026-05-22 20:24:12.673603,BestBuy,0,1.46
9958,289,245,2026-05-22 23:46:21.673605,Walmart,0,4.9
9959,213,39,2026-05-19 23:17:59.673607,BestBuy,0,0.78
9960,258,155,2026-05-22 20:39:19.673609,Walmart,0,3.1
9961,530,29,2026-05-24 01:33:23.673611,Amazon,0,0.58
9962,687,56,2026-05-22 16:58:44.673613,Target,0,1.12
9963,929,97,2026-05-23 02:20:38.673615,BestBuy,0,1.94
9964,229,84,2026-05-23 01:30:05.673617,Walmart,0,1.68
9965,226,118,2026-05-24 13:58:17.673619,Amazon,0,2.36
9966,596,66,2026-05-24 10:11:06.673621,Walmart,0,1.32
9967,803,70,2026-05-19 23:26:32.673623,Target,0,1.4
9968,435,83,2026-05-23 22:59:28.673625,Walmart,0,1.66
9969,882,74,2026-05-22 01:43:35.673626,Amazon,0,1.48
9970,758,240,2026-05-20 20:17:31.673629,Walmart,0,4.8
9971,402,60,2026-05-22 13:14:06.673630,Walmart,0,1.2
9972,622,83,2026-05-24 16:02:40.673632,BestBuy,0,1.66
9973,766,371,2026-05-25 02:23:35.673634,BestBuy,1,74.2
9974,88,116,2026-05-21 20:53:39.673636,Walmart,0,2.32
9975,584,10,2026-05-22 09:11:13.673638,Walmart,0,0.2
9976,893,90,2026-05-19 00:45:00.673640,Amazon,0,1.8
9977,542,146,2026-05-25 10:08:13.673642,Walmart,0,2.92
9978,684,114,2026-05-23 00:58:25.673644,Target,0,2.28
9979,309,154,2026-05-25 04:02:53.673646,BestBuy,0,3.08
9980,906,274,2026-05-21 21:20:33.673648,Target,0,5.48
9981,343,94,2026-05-20 20:30:42.673650,Walmart,0,1.88
9982,436,35,2026-05-22 18:55:56.673652,Amazon,0,0.7
9983,177,40,2026-05-22 13:45:32.673654,Target,0,0.8
9984,139,72,2026-05-25 16:11:37.673656,Walmart,0,1.44
9985,194,270,2026-05-20 23:23:56.673658,BestBuy,1,54.0
9986,186,53,2026-05-21 22:48:49.673660,Walmart,0,1.06
9987,218,95,2026-05-21 10:23:24.673662,BestBuy,0,1.9
9988,164,160,2026-05-19 10:19:35.673664,Amazon,0,3.2
9989,161,31,2026-05-20 19:03:26.673666,BestBuy,0,0.62
9990,943,283,2026-05-24 01:53:16.673668,Walmart,0,5.66
9991,525,170,2026-05-19 19:43:08.673670,Amazon,0,3.4
9992,808,216,2026-05-24 15:04:07.673672,BestBuy,1,43.2
9993,601,40,2026-05-22 18:51:33.673674,BestBuy,0,0.8
9994,836,89,2026-05-21 17:56:02.673676,Target,0,1.78
9995,42,136,2026-05-23 04:40:41.673678,BestBuy,0,2.72
9996,915,71,2026-05-25 05:00:18.673680,Walmart,0,1.42
9997,210,11,2026-05-21 18:14:05.673682,Amazon,0,0.22
9998,741,125,2026-05-25 17:42:37.673684,Walmart,0,2.5
9999,862,34,2026-05-21 07:51:57.673686,BestBuy,0,0.68
10000,275,125,2026-05-22 17:58:38.673688,Walmart,0,2.5
